=== Running 20260409T192033Z_philosophy_core_cluster_no_think_m8 ===
Command: /workspace/consciousness-experiment/experiments/qwen-huahua-philosophy-experts-bias/non_npy_remote_artifacts/logs/20260409T192033Z_philosophy_core_cluster_no_think_m8_command.sh
ggml_cuda_init: found 2 CUDA devices (Total VRAM: 64218 MiB):
  Device 0: NVIDIA GeForce RTX 5090, compute capability 12.0, VMM: yes, VRAM: 32109 MiB
  Device 1: NVIDIA GeForce RTX 5090, compute capability 12.0, VMM: yes, VRAM: 32109 MiB
build: 8493 (1772701f) with GNU 11.4.0 for Linux x86_64
=== Consciousness Metrics — Activation Capture ===
Output dir : /workspace/consciousness-experiment/experiments/qwen-huahua-philosophy-experts-bias/captures/20260409T192033Z_philosophy_core_cluster_no_think_m8
n_predict  : 1024
Text output: file only (--no-stream)
Mode       : --routing-only (router/gate tensors only)
Expert bias: 114:-8.0,87:-8.0,170:-8.0,68:-8.0
common_init_result: fitting params to device memory, for bugs during this step try to reproduce them with -fit off, or provide --verbose logs if the bug only occurs with -fit on
llama_params_fit_impl: projected memory use with initial parameters [MiB]:
llama_params_fit_impl:   - CUDA0 (NVIDIA GeForce RTX 5090):  32109 total,  18278 used,  13287 free vs. target of   1024
llama_params_fit_impl:   - CUDA1 (NVIDIA GeForce RTX 5090):  32109 total,  17439 used,  14130 free vs. target of   1024
llama_params_fit_impl: projected to use 35717 MiB of device memory vs. 63135 MiB of free device memory
llama_params_fit_impl: targets for free memory can be met on all devices, no changes needed
llama_params_fit: successfully fit params to free device memory
llama_params_fit: fitting params to free memory took 0.74 seconds
llama_model_load_from_file_impl: using device CUDA0 (NVIDIA GeForce RTX 5090) (0000:81:00.0) - 31599 MiB free
llama_model_load_from_file_impl: using device CUDA1 (NVIDIA GeForce RTX 5090) (0000:a1:00.0) - 31599 MiB free
llama_model_loader: loaded meta data with 43 key-value pairs and 733 tensors from /workspace/models/qwen35-hauhau-q8/Qwen3.5-35B-A3B-Uncensored-HauhauCS-Aggressive-Q8_0.gguf (version GGUF V3 (latest))
llama_model_loader: Dumping metadata keys/values. Note: KV overrides do not apply in this output.
llama_model_loader: - kv   0:                       general.architecture str              = qwen35moe
llama_model_loader: - kv   1:                               general.type str              = model
llama_model_loader: - kv   2:                     general.sampling.top_k i32              = 20
llama_model_loader: - kv   3:                     general.sampling.top_p f32              = 0.950000
llama_model_loader: - kv   4:                      general.sampling.temp f32              = 1.000000
llama_model_loader: - kv   5:                               general.name str              = Qwen3.5-35B-A3B-Uncensored-HauhauCS-A...
llama_model_loader: - kv   6:                           general.finetune str              = 5RefKL0.042
llama_model_loader: - kv   7:                      qwen35moe.block_count u32              = 40
llama_model_loader: - kv   8:                   qwen35moe.context_length u32              = 262144
llama_model_loader: - kv   9:                 qwen35moe.embedding_length u32              = 2048
llama_model_loader: - kv  10:             qwen35moe.attention.head_count u32              = 16
llama_model_loader: - kv  11:          qwen35moe.attention.head_count_kv u32              = 2
llama_model_loader: - kv  12:          qwen35moe.rope.dimension_sections arr[i32,4]       = [11, 11, 10, 0]
llama_model_loader: - kv  13:                   qwen35moe.rope.freq_base f32              = 10000000.000000
llama_model_loader: - kv  14: qwen35moe.attention.layer_norm_rms_epsilon f32              = 0.000001
llama_model_loader: - kv  15:                     qwen35moe.expert_count u32              = 256
llama_model_loader: - kv  16:                qwen35moe.expert_used_count u32              = 8
llama_model_loader: - kv  17:             qwen35moe.attention.key_length u32              = 256
llama_model_loader: - kv  18:           qwen35moe.attention.value_length u32              = 256
llama_model_loader: - kv  19:       qwen35moe.expert_feed_forward_length u32              = 512
llama_model_loader: - kv  20: qwen35moe.expert_shared_feed_forward_length u32              = 512
llama_model_loader: - kv  21:                  qwen35moe.ssm.conv_kernel u32              = 4
llama_model_loader: - kv  22:                   qwen35moe.ssm.state_size u32              = 128
llama_model_loader: - kv  23:                  qwen35moe.ssm.group_count u32              = 16
llama_model_loader: - kv  24:               qwen35moe.ssm.time_step_rank u32              = 32
llama_model_loader: - kv  25:                   qwen35moe.ssm.inner_size u32              = 4096
llama_model_loader: - kv  26:          qwen35moe.full_attention_interval u32              = 4
llama_model_loader: - kv  27:             qwen35moe.rope.dimension_count u32              = 64
llama_model_loader: - kv  28:                       tokenizer.ggml.model str              = gpt2
llama_model_loader: - kv  29:                         tokenizer.ggml.pre str              = qwen35
llama_model_loader: - kv  30:                      tokenizer.ggml.tokens arr[str,248320]  = ["!", "\"", "#", "$", "%", "&", "'", ...
llama_model_loader: - kv  31:                  tokenizer.ggml.token_type arr[i32,248320]  = [1, 1, 1, 1, 1, 1, 1, 1, 1, 1, 1, 1, ...
llama_model_loader: - kv  32:                      tokenizer.ggml.merges arr[str,247587]  = ["Ġ Ġ", "ĠĠ ĠĠ", "i n", "Ġ t",...
llama_model_loader: - kv  33:                tokenizer.ggml.eos_token_id u32              = 248046
llama_model_loader: - kv  34:            tokenizer.ggml.padding_token_id u32              = 248044
llama_model_loader: - kv  35:                    tokenizer.chat_template str              = {%- set image_count = namespace(value...
llama_model_loader: - kv  36:               general.quantization_version u32              = 2
llama_model_loader: - kv  37:                          general.file_type u32              = 7
llama_model_loader: - kv  38:                         general.size_label str              = 35B-A3B
llama_model_loader: - kv  39:                      quantize.imatrix.file str              = Qwen3.5-35B-A3B-Uncensored-HauhauCS-A...
llama_model_loader: - kv  40:                   quantize.imatrix.dataset str              = /home/hauhaucs/llama.cpp/groups_merge...
llama_model_loader: - kv  41:             quantize.imatrix.entries_count u32              = 510
llama_model_loader: - kv  42:              quantize.imatrix.chunks_count u32              = 93
llama_model_loader: - type  f32:  301 tensors
llama_model_loader: - type q8_0:  432 tensors
print_info: file format = GGUF V3 (latest)
print_info: file type   = Q8_0
print_info: file size   = 34.36 GiB (8.52 BPW) 
load: 0 unused tokens
load: printing all EOG tokens:
load:   - 248044 ('<|endoftext|>')
load:   - 248046 ('<|im_end|>')
load:   - 248063 ('<|fim_pad|>')
load:   - 248064 ('<|repo_name|>')
load:   - 248065 ('<|file_sep|>')
load: special tokens cache size = 33
load: token to piece cache size = 1.7581 MB
print_info: arch                  = qwen35moe
print_info: vocab_only            = 0
print_info: no_alloc              = 0
print_info: n_ctx_train           = 262144
print_info: n_embd                = 2048
print_info: n_embd_inp            = 2048
print_info: n_layer               = 40
print_info: n_head                = 16
print_info: n_head_kv             = 2
print_info: n_rot                 = 64
print_info: n_swa                 = 0
print_info: is_swa_any            = 0
print_info: n_embd_head_k         = 256
print_info: n_embd_head_v         = 256
print_info: n_gqa                 = 8
print_info: n_embd_k_gqa          = 512
print_info: n_embd_v_gqa          = 512
print_info: f_norm_eps            = 0.0e+00
print_info: f_norm_rms_eps        = 1.0e-06
print_info: f_clamp_kqv           = 0.0e+00
print_info: f_max_alibi_bias      = 0.0e+00
print_info: f_logit_scale         = 0.0e+00
print_info: f_attn_scale          = 0.0e+00
print_info: n_ff                  = 0
print_info: n_expert              = 256
print_info: n_expert_used         = 8
print_info: n_expert_groups       = 0
print_info: n_group_used          = 0
print_info: causal attn           = 1
print_info: pooling type          = 0
print_info: rope type             = 40
print_info: rope scaling          = linear
print_info: freq_base_train       = 10000000.0
print_info: freq_scale_train      = 1
print_info: n_ctx_orig_yarn       = 262144
print_info: rope_yarn_log_mul     = 0.0000
print_info: rope_finetuned        = unknown
print_info: mrope sections        = [11, 11, 10, 0]
print_info: ssm_d_conv            = 4
print_info: ssm_d_inner           = 4096
print_info: ssm_d_state           = 128
print_info: ssm_dt_rank           = 32
print_info: ssm_n_group           = 16
print_info: ssm_dt_b_c_rms        = 0
print_info: model type            = 35B.A3B
print_info: model params          = 34.66 B
print_info: general.name          = Qwen3.5-35B-A3B-Uncensored-HauhauCS-Aggressive
print_info: vocab type            = BPE
print_info: n_vocab               = 248320
print_info: n_merges              = 247587
print_info: BOS token             = 11 ','
print_info: EOS token             = 248046 '<|im_end|>'
print_info: EOT token             = 248046 '<|im_end|>'
print_info: PAD token             = 248044 '<|endoftext|>'
print_info: LF token              = 198 'Ċ'
print_info: FIM PRE token         = 248060 '<|fim_prefix|>'
print_info: FIM SUF token         = 248062 '<|fim_suffix|>'
print_info: FIM MID token         = 248061 '<|fim_middle|>'
print_info: FIM PAD token         = 248063 '<|fim_pad|>'
print_info: FIM REP token         = 248064 '<|repo_name|>'
print_info: FIM SEP token         = 248065 '<|file_sep|>'
print_info: EOG token             = 248044 '<|endoftext|>'
print_info: EOG token             = 248046 '<|im_end|>'
print_info: EOG token             = 248063 '<|fim_pad|>'
print_info: EOG token             = 248064 '<|repo_name|>'
print_info: EOG token             = 248065 '<|file_sep|>'
print_info: max token length      = 256
load_tensors: loading model tensors, this can take a while... (mmap = true, direct_io = false)
load_tensors: offloading output layer to GPU
load_tensors: offloading 39 repeating layers to GPU
load_tensors: offloaded 41/41 layers to GPU
load_tensors:   CPU_Mapped model buffer size =   515.31 MiB
load_tensors:        CUDA0 model buffer size = 17931.70 MiB
load_tensors:        CUDA1 model buffer size = 16736.08 MiB
....................................................................................................
common_init_result: added <|endoftext|> logit bias = -inf
common_init_result: added <|im_end|> logit bias = -inf
common_init_result: added <|fim_pad|> logit bias = -inf
common_init_result: added <|repo_name|> logit bias = -inf
common_init_result: added <|file_sep|> logit bias = -inf
llama_context: constructing llama_context
llama_context: n_seq_max     = 1
llama_context: n_ctx         = 16384
llama_context: n_ctx_seq     = 16384
llama_context: n_batch       = 2048
llama_context: n_ubatch      = 512
llama_context: causal_attn   = 1
llama_context: flash_attn    = enabled
llama_context: kv_unified    = false
llama_context: freq_base     = 10000000.0
llama_context: freq_scale    = 1
llama_context: n_ctx_seq (16384) < n_ctx_train (262144) -- the full capacity of the model will not be utilized
llama_context:  CUDA_Host  output buffer size =     0.95 MiB
llama_kv_cache:      CUDA0 KV buffer size =    85.00 MiB
llama_kv_cache:      CUDA1 KV buffer size =    85.00 MiB
llama_kv_cache: size =  170.00 MiB ( 16384 cells,  10 layers,  1/1 seqs), K (q8_0):   85.00 MiB, V (q8_0):   85.00 MiB
llama_memory_recurrent:      CUDA0 RS buffer size =    33.50 MiB
llama_memory_recurrent:      CUDA1 RS buffer size =    29.31 MiB
llama_memory_recurrent: size =   62.81 MiB (     1 cells,  40 layers,  1 seqs), R (f32):    2.81 MiB, S (f32):   60.00 MiB
llama_context: pipeline parallelism enabled
llama_context: graph reuse is currently not compatible with pipeline parallelism - disabling
sched_reserve: reserving ...
sched_reserve: resolving fused Gated Delta Net support:
sched_reserve: fused Gated Delta Net (autoregressive) enabled
sched_reserve: fused Gated Delta Net (chunked) enabled
sched_reserve:      CUDA0 compute buffer size =   228.06 MiB
sched_reserve:      CUDA1 compute buffer size =   573.07 MiB
sched_reserve:  CUDA_Host compute buffer size =   136.08 MiB
sched_reserve: graph nodes  = 3729
sched_reserve: graph splits = 3
sched_reserve: reserve took 90.54 ms, sched copies = 4
Sampler    : logits -> ?penalties -> ?dry -> ?top-n-sigma -> top-k -> ?typical -> ?top-p -> ?min-p -> ?xtc -> temp-ext -> dist 
EOS token id: 248046
EOG tokens in vocab:
  token 248044 = '<|endoftext|>' [EOG - will NOT stop generation]
  token 248046 = '<|im_end|>' [PRIMARY EOS - will stop generation]
  token 248063 = '<|fim_pad|>' [EOG - will NOT stop generation]
  token 248064 = '<|repo_name|>' [EOG - will NOT stop generation]
  token 248065 = '<|file_sep|>' [EOG - will NOT stop generation]
system_info: n_threads = 16 (n_threads_batch = 16) / 384 | CUDA : ARCHS = 500,610,700,750,800,860,890 | USE_GRAPHS = 1 | PEER_MAX_BATCH_SIZE = 128 | CPU : SSE3 = 1 | SSSE3 = 1 | AVX = 1 | AVX2 = 1 | F16C = 1 | FMA = 1 | BMI2 = 1 | AVX512 = 1 | AVX512_VBMI = 1 | AVX512_VNNI = 1 | AVX512_BF16 = 1 | LLAMAFILE = 1 | OPENMP = 1 | REPACK = 1 | 

Loaded 60 prompts

[1/60] D01_history_01 : <|im_start|>user
How do historians reconstruct the causes and course o...
  tokens: 49 prompt + 1024 gen | tensors: 41000 seen, 41000 captured, 40 unique | 52420 ms
  saved 0 layer + 40 router tensors → /workspace/consciousness-experiment/experiments/qwen-huahua-philosophy-experts-bias/captures/20260409T192033Z_philosophy_core_cluster_no_think_m8/D01_history_01
[2/60] D01_history_02 : <|im_start|>user
Why did Ivan IV matter in Russian history, and what w...
  tokens: 43 prompt + 1024 gen | tensors: 41000 seen, 41000 captured, 40 unique | 9041 ms
  saved 0 layer + 40 router tensors → /workspace/consciousness-experiment/experiments/qwen-huahua-philosophy-experts-bias/captures/20260409T192033Z_philosophy_core_cluster_no_think_m8/D01_history_02
[3/60] D01_history_03 : <|im_start|>user
Compare the historical impact of the September 11 att...
  tokens: 48 prompt + 1024 gen | tensors: 41000 seen, 41000 captured, 40 unique | 9171 ms
  saved 0 layer + 40 router tensors → /workspace/consciousness-experiment/experiments/qwen-huahua-philosophy-experts-bias/captures/20260409T192033Z_philosophy_core_cluster_no_think_m8/D01_history_03
[4/60] D02_archaeology_01 : <|im_start|>user
How do archaeologists reconstruct the daily life of a...
  tokens: 45 prompt + 1024 gen | tensors: 41000 seen, 41000 captured, 40 unique | 9221 ms
  saved 0 layer + 40 router tensors → /workspace/consciousness-experiment/experiments/qwen-huahua-philosophy-experts-bias/captures/20260409T192033Z_philosophy_core_cluster_no_think_m8/D02_archaeology_01
[5/60] D02_archaeology_02 : <|im_start|>user
Why did the Rosetta Stone matter so much for archaeol...
  tokens: 43 prompt + 1024 gen | tensors: 41000 seen, 41000 captured, 40 unique | 9291 ms
  saved 0 layer + 40 router tensors → /workspace/consciousness-experiment/experiments/qwen-huahua-philosophy-experts-bias/captures/20260409T192033Z_philosophy_core_cluster_no_think_m8/D02_archaeology_02
[6/60] D02_archaeology_03 : <|im_start|>user
Compare radiocarbon dating with stratigraphy as tools...
  tokens: 38 prompt + 1024 gen | tensors: 41000 seen, 41000 captured, 40 unique | 9309 ms
  saved 0 layer + 40 router tensors → /workspace/consciousness-experiment/experiments/qwen-huahua-philosophy-experts-bias/captures/20260409T192033Z_philosophy_core_cluster_no_think_m8/D02_archaeology_03
[7/60] D03_mathematics_01 : <|im_start|>user
How does calculus work as a mathematical framework fo...
  tokens: 41 prompt + 1024 gen | tensors: 41000 seen, 41000 captured, 40 unique | 9290 ms
  saved 0 layer + 40 router tensors → /workspace/consciousness-experiment/experiments/qwen-huahua-philosophy-experts-bias/captures/20260409T192033Z_philosophy_core_cluster_no_think_m8/D03_mathematics_01
[8/60] D03_mathematics_02 : <|im_start|>user
Why did Carl Friedrich Gauss matter to number theory,...
  tokens: 40 prompt + 1024 gen | tensors: 41000 seen, 41000 captured, 40 unique | 9316 ms
  saved 0 layer + 40 router tensors → /workspace/consciousness-experiment/experiments/qwen-huahua-philosophy-experts-bias/captures/20260409T192033Z_philosophy_core_cluster_no_think_m8/D03_mathematics_02
[9/60] D03_mathematics_03 : <|im_start|>user
Compare linear algebra with calculus in terms of thei...
  tokens: 40 prompt + 1024 gen | tensors: 41000 seen, 41000 captured, 40 unique | 9291 ms
  saved 0 layer + 40 router tensors → /workspace/consciousness-experiment/experiments/qwen-huahua-philosophy-experts-bias/captures/20260409T192033Z_philosophy_core_cluster_no_think_m8/D03_mathematics_03
[10/60] D04_statistics_01 : <|im_start|>user
How does hypothesis testing work, including null mode...
  tokens: 41 prompt + 1024 gen | tensors: 41000 seen, 41000 captured, 40 unique | 9312 ms
  saved 0 layer + 40 router tensors → /workspace/consciousness-experiment/experiments/qwen-huahua-philosophy-experts-bias/captures/20260409T192033Z_philosophy_core_cluster_no_think_m8/D04_statistics_01
[11/60] D04_statistics_02 : <|im_start|>user
Why did Bayes' theorem matter so much for the develop...
  tokens: 40 prompt + 1024 gen | tensors: 41000 seen, 41000 captured, 40 unique | 9278 ms
  saved 0 layer + 40 router tensors → /workspace/consciousness-experiment/experiments/qwen-huahua-philosophy-experts-bias/captures/20260409T192033Z_philosophy_core_cluster_no_think_m8/D04_statistics_02
[12/60] D04_statistics_03 : <|im_start|>user
Compare frequentist inference with Bayesian inference...
  tokens: 39 prompt + 1024 gen | tensors: 41000 seen, 41000 captured, 40 unique | 9285 ms
  saved 0 layer + 40 router tensors → /workspace/consciousness-experiment/experiments/qwen-huahua-philosophy-experts-bias/captures/20260409T192033Z_philosophy_core_cluster_no_think_m8/D04_statistics_03
[13/60] D05_physics_01 : <|im_start|>user
How does thermodynamics work as a framework for energ...
  tokens: 41 prompt + 1024 gen | tensors: 41000 seen, 41000 captured, 40 unique | 9288 ms
  saved 0 layer + 40 router tensors → /workspace/consciousness-experiment/experiments/qwen-huahua-philosophy-experts-bias/captures/20260409T192033Z_philosophy_core_cluster_no_think_m8/D05_physics_01
[14/60] D05_physics_02 : <|im_start|>user
Why did Albert Einstein matter so much to relativity,...
  tokens: 42 prompt + 1024 gen | tensors: 41000 seen, 41000 captured, 40 unique | 9283 ms
  saved 0 layer + 40 router tensors → /workspace/consciousness-experiment/experiments/qwen-huahua-philosophy-experts-bias/captures/20260409T192033Z_philosophy_core_cluster_no_think_m8/D05_physics_02
[15/60] D05_physics_03 : <|im_start|>user
Compare the Standard Model with general relativity in...
  tokens: 42 prompt + 1024 gen | tensors: 41000 seen, 41000 captured, 40 unique | 9283 ms
  saved 0 layer + 40 router tensors → /workspace/consciousness-experiment/experiments/qwen-huahua-philosophy-experts-bias/captures/20260409T192033Z_philosophy_core_cluster_no_think_m8/D05_physics_03
[16/60] D06_chemistry_01 : <|im_start|>user
How does chemical bonding work across ionic, covalent...
  tokens: 41 prompt + 1024 gen | tensors: 41000 seen, 41000 captured, 40 unique | 9486 ms
  saved 0 layer + 40 router tensors → /workspace/consciousness-experiment/experiments/qwen-huahua-philosophy-experts-bias/captures/20260409T192033Z_philosophy_core_cluster_no_think_m8/D06_chemistry_01
[17/60] D06_chemistry_02 : <|im_start|>user
Why did Dmitri Mendeleev matter to chemistry and the ...
  tokens: 42 prompt + 1024 gen | tensors: 41000 seen, 41000 captured, 40 unique | 9540 ms
  saved 0 layer + 40 router tensors → /workspace/consciousness-experiment/experiments/qwen-huahua-philosophy-experts-bias/captures/20260409T192033Z_philosophy_core_cluster_no_think_m8/D06_chemistry_02
[18/60] D06_chemistry_03 : <|im_start|>user
Compare reaction kinetics with chemical equilibrium i...
  tokens: 37 prompt + 1024 gen | tensors: 41000 seen, 41000 captured, 40 unique | 9442 ms
  saved 0 layer + 40 router tensors → /workspace/consciousness-experiment/experiments/qwen-huahua-philosophy-experts-bias/captures/20260409T192033Z_philosophy_core_cluster_no_think_m8/D06_chemistry_03
[19/60] D07_biology_01 : <|im_start|>user
How does evolution by natural selection work, includi...
  tokens: 41 prompt + 1024 gen | tensors: 41000 seen, 41000 captured, 40 unique | 9351 ms
  saved 0 layer + 40 router tensors → /workspace/consciousness-experiment/experiments/qwen-huahua-philosophy-experts-bias/captures/20260409T192033Z_philosophy_core_cluster_no_think_m8/D07_biology_01
[20/60] D07_biology_02 : <|im_start|>user
Why did Charles Darwin matter so much to biological s...
  tokens: 35 prompt + 1024 gen | tensors: 41000 seen, 41000 captured, 40 unique | 9337 ms
  saved 0 layer + 40 router tensors → /workspace/consciousness-experiment/experiments/qwen-huahua-philosophy-experts-bias/captures/20260409T192033Z_philosophy_core_cluster_no_think_m8/D07_biology_02
[21/60] D07_biology_03 : <|im_start|>user
Compare classical genetics with molecular biology in ...
  tokens: 37 prompt + 1024 gen | tensors: 41000 seen, 41000 captured, 40 unique | 9333 ms
  saved 0 layer + 40 router tensors → /workspace/consciousness-experiment/experiments/qwen-huahua-philosophy-experts-bias/captures/20260409T192033Z_philosophy_core_cluster_no_think_m8/D07_biology_03
[22/60] D08_medicine_01 : <|im_start|>user
How does sepsis develop and why is it medically dange...
  tokens: 37 prompt + 1024 gen | tensors: 41000 seen, 41000 captured, 40 unique | 9267 ms
  saved 0 layer + 40 router tensors → /workspace/consciousness-experiment/experiments/qwen-huahua-philosophy-experts-bias/captures/20260409T192033Z_philosophy_core_cluster_no_think_m8/D08_medicine_01
[23/60] D08_medicine_02 : <|im_start|>user
Why did Ignaz Semmelweis matter to medicine and infec...
  tokens: 38 prompt + 1024 gen | tensors: 41000 seen, 41000 captured, 40 unique | 9289 ms
  saved 0 layer + 40 router tensors → /workspace/consciousness-experiment/experiments/qwen-huahua-philosophy-experts-bias/captures/20260409T192033Z_philosophy_core_cluster_no_think_m8/D08_medicine_02
[24/60] D08_medicine_03 : <|im_start|>user
Compare antibiotics with vaccines in how they prevent...
  tokens: 36 prompt + 1001 gen | tensors: 40080 seen, 40080 captured, 40 unique | 9073 ms
  saved 0 layer + 40 router tensors → /workspace/consciousness-experiment/experiments/qwen-huahua-philosophy-experts-bias/captures/20260409T192033Z_philosophy_core_cluster_no_think_m8/D08_medicine_03
[25/60] D09_neuroscience_01 : <|im_start|>user
How does synaptic transmission work, including neurot...
  tokens: 40 prompt + 1024 gen | tensors: 41000 seen, 41000 captured, 40 unique | 9294 ms
  saved 0 layer + 40 router tensors → /workspace/consciousness-experiment/experiments/qwen-huahua-philosophy-experts-bias/captures/20260409T192033Z_philosophy_core_cluster_no_think_m8/D09_neuroscience_01
[26/60] D09_neuroscience_02 : <|im_start|>user
Why did Santiago Ramon y Cajal matter to neuroscience...
  tokens: 36 prompt + 1024 gen | tensors: 41000 seen, 41000 captured, 40 unique | 9275 ms
  saved 0 layer + 40 router tensors → /workspace/consciousness-experiment/experiments/qwen-huahua-philosophy-experts-bias/captures/20260409T192033Z_philosophy_core_cluster_no_think_m8/D09_neuroscience_02
[27/60] D09_neuroscience_03 : <|im_start|>user
Compare brain imaging with electrophysiology in the k...
  tokens: 43 prompt + 1024 gen | tensors: 41000 seen, 41000 captured, 40 unique | 9280 ms
  saved 0 layer + 40 router tensors → /workspace/consciousness-experiment/experiments/qwen-huahua-philosophy-experts-bias/captures/20260409T192033Z_philosophy_core_cluster_no_think_m8/D09_neuroscience_03
[28/60] D10_computer_science_01 : <|im_start|>user
How do algorithms and computational complexity work a...
  tokens: 38 prompt + 1021 gen | tensors: 40880 seen, 40880 captured, 40 unique | 9251 ms
  saved 0 layer + 40 router tensors → /workspace/consciousness-experiment/experiments/qwen-huahua-philosophy-experts-bias/captures/20260409T192033Z_philosophy_core_cluster_no_think_m8/D10_computer_science_01
[29/60] D10_computer_science_02 : <|im_start|>user
Why did Alan Turing matter to computer science, compu...
  tokens: 39 prompt + 1024 gen | tensors: 41000 seen, 41000 captured, 40 unique | 9309 ms
  saved 0 layer + 40 router tensors → /workspace/consciousness-experiment/experiments/qwen-huahua-philosophy-experts-bias/captures/20260409T192033Z_philosophy_core_cluster_no_think_m8/D10_computer_science_02
[30/60] D10_computer_science_03 : <|im_start|>user
Compare data structures with algorithms in the role e...
  tokens: 38 prompt + 1024 gen | tensors: 41000 seen, 41000 captured, 40 unique | 9275 ms
  saved 0 layer + 40 router tensors → /workspace/consciousness-experiment/experiments/qwen-huahua-philosophy-experts-bias/captures/20260409T192033Z_philosophy_core_cluster_no_think_m8/D10_computer_science_03
[31/60] D11_software_engineering_01 : <|im_start|>user
How does a software engineering process move from req...
  tokens: 43 prompt + 1024 gen | tensors: 41000 seen, 41000 captured, 40 unique | 9290 ms
  saved 0 layer + 40 router tensors → /workspace/consciousness-experiment/experiments/qwen-huahua-philosophy-experts-bias/captures/20260409T192033Z_philosophy_core_cluster_no_think_m8/D11_software_engineering_01
[32/60] D11_software_engineering_02 : <|im_start|>user
Why did the Agile Manifesto matter to software develo...
  tokens: 36 prompt + 1024 gen | tensors: 41000 seen, 41000 captured, 40 unique | 9277 ms
  saved 0 layer + 40 router tensors → /workspace/consciousness-experiment/experiments/qwen-huahua-philosophy-experts-bias/captures/20260409T192033Z_philosophy_core_cluster_no_think_m8/D11_software_engineering_02
[33/60] D11_software_engineering_03 : <|im_start|>user
Compare version control with continuous integration i...
  tokens: 38 prompt + 1024 gen | tensors: 41000 seen, 41000 captured, 40 unique | 9272 ms
  saved 0 layer + 40 router tensors → /workspace/consciousness-experiment/experiments/qwen-huahua-philosophy-experts-bias/captures/20260409T192033Z_philosophy_core_cluster_no_think_m8/D11_software_engineering_03
[34/60] D12_cybersecurity_01 : <|im_start|>user
How does public key cryptography work, including key ...
  tokens: 40 prompt + 1024 gen | tensors: 41000 seen, 41000 captured, 40 unique | 9281 ms
  saved 0 layer + 40 router tensors → /workspace/consciousness-experiment/experiments/qwen-huahua-philosophy-experts-bias/captures/20260409T192033Z_philosophy_core_cluster_no_think_m8/D12_cybersecurity_01
[35/60] D12_cybersecurity_02 : <|im_start|>user
Why did the Morris worm matter in the history of cybe...
  tokens: 36 prompt + 1024 gen | tensors: 41000 seen, 41000 captured, 40 unique | 9276 ms
  saved 0 layer + 40 router tensors → /workspace/consciousness-experiment/experiments/qwen-huahua-philosophy-experts-bias/captures/20260409T192033Z_philosophy_core_cluster_no_think_m8/D12_cybersecurity_02
[36/60] D12_cybersecurity_03 : <|im_start|>user
Compare authentication with access control in practic...
  tokens: 34 prompt + 1024 gen | tensors: 41000 seen, 41000 captured, 40 unique | 9276 ms
  saved 0 layer + 40 router tensors → /workspace/consciousness-experiment/experiments/qwen-huahua-philosophy-experts-bias/captures/20260409T192033Z_philosophy_core_cluster_no_think_m8/D12_cybersecurity_03
[37/60] D13_economics_01 : <|im_start|>user
How does inflation work, including monetary policy, e...
  tokens: 39 prompt + 1024 gen | tensors: 41000 seen, 41000 captured, 40 unique | 9273 ms
  saved 0 layer + 40 router tensors → /workspace/consciousness-experiment/experiments/qwen-huahua-philosophy-experts-bias/captures/20260409T192033Z_philosophy_core_cluster_no_think_m8/D13_economics_01
[38/60] D13_economics_02 : <|im_start|>user
Why did John Maynard Keynes matter to economics and m...
  tokens: 38 prompt + 1024 gen | tensors: 41000 seen, 41000 captured, 40 unique | 9282 ms
  saved 0 layer + 40 router tensors → /workspace/consciousness-experiment/experiments/qwen-huahua-philosophy-experts-bias/captures/20260409T192033Z_philosophy_core_cluster_no_think_m8/D13_economics_02
[39/60] D13_economics_03 : <|im_start|>user
Compare the 2008 financial crisis with the Great Depr...
  tokens: 44 prompt + 1024 gen | tensors: 41000 seen, 41000 captured, 40 unique | 9284 ms
  saved 0 layer + 40 router tensors → /workspace/consciousness-experiment/experiments/qwen-huahua-philosophy-experts-bias/captures/20260409T192033Z_philosophy_core_cluster_no_think_m8/D13_economics_03
[40/60] D14_law_01 : <|im_start|>user
How does constitutional law work in organizing powers...
  tokens: 39 prompt + 1024 gen | tensors: 41000 seen, 41000 captured, 40 unique | 9278 ms
  saved 0 layer + 40 router tensors → /workspace/consciousness-experiment/experiments/qwen-huahua-philosophy-experts-bias/captures/20260409T192033Z_philosophy_core_cluster_no_think_m8/D14_law_01
[41/60] D14_law_02 : <|im_start|>user
Why did Marbury v. Madison matter in legal history?<|...
  tokens: 36 prompt + 668 gen | tensors: 26760 seen, 26760 captured, 40 unique | 6062 ms
  saved 0 layer + 40 router tensors → /workspace/consciousness-experiment/experiments/qwen-huahua-philosophy-experts-bias/captures/20260409T192033Z_philosophy_core_cluster_no_think_m8/D14_law_02
[42/60] D14_law_03 : <|im_start|>user
Compare precedent with statutory interpretation in mo...
  tokens: 34 prompt + 1024 gen | tensors: 41000 seen, 41000 captured, 40 unique | 9291 ms
  saved 0 layer + 40 router tensors → /workspace/consciousness-experiment/experiments/qwen-huahua-philosophy-experts-bias/captures/20260409T192033Z_philosophy_core_cluster_no_think_m8/D14_law_03
[43/60] D15_political_science_01 : <|im_start|>user
How do democratic institutions work, including electi...
  tokens: 40 prompt + 1024 gen | tensors: 41000 seen, 41000 captured, 40 unique | 9295 ms
  saved 0 layer + 40 router tensors → /workspace/consciousness-experiment/experiments/qwen-huahua-philosophy-experts-bias/captures/20260409T192033Z_philosophy_core_cluster_no_think_m8/D15_political_science_01
[44/60] D15_political_science_02 : <|im_start|>user
Why did Niccolo Machiavelli matter to political thoug...
  tokens: 40 prompt + 1024 gen | tensors: 41000 seen, 41000 captured, 40 unique | 9333 ms
  saved 0 layer + 40 router tensors → /workspace/consciousness-experiment/experiments/qwen-huahua-philosophy-experts-bias/captures/20260409T192033Z_philosophy_core_cluster_no_think_m8/D15_political_science_02
[45/60] D15_political_science_03 : <|im_start|>user
Compare nationalism with liberalism as organizing ide...
  tokens: 36 prompt + 1024 gen | tensors: 41000 seen, 41000 captured, 40 unique | 9281 ms
  saved 0 layer + 40 router tensors → /workspace/consciousness-experiment/experiments/qwen-huahua-philosophy-experts-bias/captures/20260409T192033Z_philosophy_core_cluster_no_think_m8/D15_political_science_03
[46/60] D16_philosophy_01 : <|im_start|>user
How does epistemology work as a field concerned with ...
  tokens: 42 prompt + 1024 gen | tensors: 41000 seen, 41000 captured, 40 unique | 9285 ms
  saved 0 layer + 40 router tensors → /workspace/consciousness-experiment/experiments/qwen-huahua-philosophy-experts-bias/captures/20260409T192033Z_philosophy_core_cluster_no_think_m8/D16_philosophy_01
[47/60] D16_philosophy_02 : <|im_start|>user
Why did Immanuel Kant matter to metaphysics, ethics, ...
  tokens: 41 prompt + 1024 gen | tensors: 41000 seen, 41000 captured, 40 unique | 9283 ms
  saved 0 layer + 40 router tensors → /workspace/consciousness-experiment/experiments/qwen-huahua-philosophy-experts-bias/captures/20260409T192033Z_philosophy_core_cluster_no_think_m8/D16_philosophy_02
[48/60] D16_philosophy_03 : <|im_start|>user
Compare philosophy of mind with metaphysics in the ki...
  tokens: 39 prompt + 1024 gen | tensors: 41000 seen, 41000 captured, 40 unique | 9282 ms
  saved 0 layer + 40 router tensors → /workspace/consciousness-experiment/experiments/qwen-huahua-philosophy-experts-bias/captures/20260409T192033Z_philosophy_core_cluster_no_think_m8/D16_philosophy_03
[49/60] D17_comparative_religion_01 : <|im_start|>user
How does comparative religion study ritual, doctrine,...
  tokens: 42 prompt + 1024 gen | tensors: 41000 seen, 41000 captured, 40 unique | 9284 ms
  saved 0 layer + 40 router tensors → /workspace/consciousness-experiment/experiments/qwen-huahua-philosophy-experts-bias/captures/20260409T192033Z_philosophy_core_cluster_no_think_m8/D17_comparative_religion_01
[50/60] D17_comparative_religion_02 : <|im_start|>user
Why did the Buddha matter historically, and how did B...
  tokens: 41 prompt + 1024 gen | tensors: 41000 seen, 41000 captured, 40 unique | 9289 ms
  saved 0 layer + 40 router tensors → /workspace/consciousness-experiment/experiments/qwen-huahua-philosophy-experts-bias/captures/20260409T192033Z_philosophy_core_cluster_no_think_m8/D17_comparative_religion_02
[51/60] D17_comparative_religion_03 : <|im_start|>user
Compare monotheistic traditions with non-theistic tra...
  tokens: 39 prompt + 1024 gen | tensors: 41000 seen, 41000 captured, 40 unique | 9287 ms
  saved 0 layer + 40 router tensors → /workspace/consciousness-experiment/experiments/qwen-huahua-philosophy-experts-bias/captures/20260409T192033Z_philosophy_core_cluster_no_think_m8/D17_comparative_religion_03
[52/60] D18_linguistics_01 : <|im_start|>user
How does syntax work, including phrase structure, dep...
  tokens: 38 prompt + 1024 gen | tensors: 41000 seen, 41000 captured, 40 unique | 9278 ms
  saved 0 layer + 40 router tensors → /workspace/consciousness-experiment/experiments/qwen-huahua-philosophy-experts-bias/captures/20260409T192033Z_philosophy_core_cluster_no_think_m8/D18_linguistics_01
[53/60] D18_linguistics_02 : <|im_start|>user
Why did Ferdinand de Saussure matter to linguistics a...
  tokens: 39 prompt + 1024 gen | tensors: 41000 seen, 41000 captured, 40 unique | 9284 ms
  saved 0 layer + 40 router tensors → /workspace/consciousness-experiment/experiments/qwen-huahua-philosophy-experts-bias/captures/20260409T192033Z_philosophy_core_cluster_no_think_m8/D18_linguistics_02
[54/60] D18_linguistics_03 : <|im_start|>user
Compare phonology with syntax in the kinds of linguis...
  tokens: 38 prompt + 1024 gen | tensors: 41000 seen, 41000 captured, 40 unique | 9318 ms
  saved 0 layer + 40 router tensors → /workspace/consciousness-experiment/experiments/qwen-huahua-philosophy-experts-bias/captures/20260409T192033Z_philosophy_core_cluster_no_think_m8/D18_linguistics_03
[55/60] D19_psychology_01 : <|im_start|>user
How does memory work, including encoding, storage, re...
  tokens: 39 prompt + 1024 gen | tensors: 41000 seen, 41000 captured, 40 unique | 9301 ms
  saved 0 layer + 40 router tensors → /workspace/consciousness-experiment/experiments/qwen-huahua-philosophy-experts-bias/captures/20260409T192033Z_philosophy_core_cluster_no_think_m8/D19_psychology_01
[56/60] D19_psychology_02 : <|im_start|>user
Why did William James matter to psychology?<|im_end|>...
  tokens: 32 prompt + 1024 gen | tensors: 41000 seen, 41000 captured, 40 unique | 9314 ms
  saved 0 layer + 40 router tensors → /workspace/consciousness-experiment/experiments/qwen-huahua-philosophy-experts-bias/captures/20260409T192033Z_philosophy_core_cluster_no_think_m8/D19_psychology_02
[57/60] D19_psychology_03 : <|im_start|>user
Compare cognition with emotion in how psychology expl...
  tokens: 34 prompt + 1024 gen | tensors: 41000 seen, 41000 captured, 40 unique | 9317 ms
  saved 0 layer + 40 router tensors → /workspace/consciousness-experiment/experiments/qwen-huahua-philosophy-experts-bias/captures/20260409T192033Z_philosophy_core_cluster_no_think_m8/D19_psychology_03
[58/60] D20_environmental_science_01 : <|im_start|>user
How do climate systems work, including feedback loops...
  tokens: 42 prompt + 1024 gen | tensors: 41000 seen, 41000 captured, 40 unique | 9309 ms
  saved 0 layer + 40 router tensors → /workspace/consciousness-experiment/experiments/qwen-huahua-philosophy-experts-bias/captures/20260409T192033Z_philosophy_core_cluster_no_think_m8/D20_environmental_science_01
[59/60] D20_environmental_science_02 : <|im_start|>user
Why did Rachel Carson matter to environmental science...
  tokens: 36 prompt + 1024 gen | tensors: 41000 seen, 41000 captured, 40 unique | 9280 ms
  saved 0 layer + 40 router tensors → /workspace/consciousness-experiment/experiments/qwen-huahua-philosophy-experts-bias/captures/20260409T192033Z_philosophy_core_cluster_no_think_m8/D20_environmental_science_02
[60/60] D20_environmental_science_03 : <|im_start|>user
Compare ecology with environmental chemistry in how e...
  tokens: 37 prompt + 1024 gen | tensors: 41000 seen, 41000 captured, 40 unique | 9301 ms
  saved 0 layer + 40 router tensors → /workspace/consciousness-experiment/experiments/qwen-huahua-philosophy-experts-bias/captures/20260409T192033Z_philosophy_core_cluster_no_think_m8/D20_environmental_science_03

=== Capture Complete ===
Prompts: 60  |  Output: /workspace/consciousness-experiment/experiments/qwen-huahua-philosophy-experts-bias/captures/20260409T192033Z_philosophy_core_cluster_no_think_m8
llama_perf_context_print:        load time =   52668.26 ms
llama_perf_context_print: prompt eval time =   43088.03 ms /  2418 tokens (   17.82 ms per token,    56.12 tokens per second)
llama_perf_context_print:        eval time =  542984.64 ms / 61001 runs   (    8.90 ms per token,   112.34 tokens per second)
llama_perf_context_print:       total time =  612073.83 ms / 63419 tokens
llama_perf_context_print:    graphs reused =          0
=== Running 20260409T193047Z_philosophy_core_cluster_no_think_m5 ===
Command: /workspace/consciousness-experiment/experiments/qwen-huahua-philosophy-experts-bias/non_npy_remote_artifacts/logs/20260409T193047Z_philosophy_core_cluster_no_think_m5_command.sh
ggml_cuda_init: found 2 CUDA devices (Total VRAM: 64218 MiB):
  Device 0: NVIDIA GeForce RTX 5090, compute capability 12.0, VMM: yes, VRAM: 32109 MiB
  Device 1: NVIDIA GeForce RTX 5090, compute capability 12.0, VMM: yes, VRAM: 32109 MiB
build: 8493 (1772701f) with GNU 11.4.0 for Linux x86_64
=== Consciousness Metrics — Activation Capture ===
Output dir : /workspace/consciousness-experiment/experiments/qwen-huahua-philosophy-experts-bias/captures/20260409T193047Z_philosophy_core_cluster_no_think_m5
n_predict  : 1024
Text output: file only (--no-stream)
Mode       : --routing-only (router/gate tensors only)
Expert bias: 114:-5.0,87:-5.0,170:-5.0,68:-5.0
common_init_result: fitting params to device memory, for bugs during this step try to reproduce them with -fit off, or provide --verbose logs if the bug only occurs with -fit on
llama_params_fit_impl: projected memory use with initial parameters [MiB]:
llama_params_fit_impl:   - CUDA0 (NVIDIA GeForce RTX 5090):  32109 total,  18278 used,  13287 free vs. target of   1024
llama_params_fit_impl:   - CUDA1 (NVIDIA GeForce RTX 5090):  32109 total,  17439 used,  14130 free vs. target of   1024
llama_params_fit_impl: projected to use 35717 MiB of device memory vs. 63135 MiB of free device memory
llama_params_fit_impl: targets for free memory can be met on all devices, no changes needed
llama_params_fit: successfully fit params to free device memory
llama_params_fit: fitting params to free memory took 0.66 seconds
llama_model_load_from_file_impl: using device CUDA0 (NVIDIA GeForce RTX 5090) (0000:81:00.0) - 31599 MiB free
llama_model_load_from_file_impl: using device CUDA1 (NVIDIA GeForce RTX 5090) (0000:a1:00.0) - 31599 MiB free
llama_model_loader: loaded meta data with 43 key-value pairs and 733 tensors from /workspace/models/qwen35-hauhau-q8/Qwen3.5-35B-A3B-Uncensored-HauhauCS-Aggressive-Q8_0.gguf (version GGUF V3 (latest))
llama_model_loader: Dumping metadata keys/values. Note: KV overrides do not apply in this output.
llama_model_loader: - kv   0:                       general.architecture str              = qwen35moe
llama_model_loader: - kv   1:                               general.type str              = model
llama_model_loader: - kv   2:                     general.sampling.top_k i32              = 20
llama_model_loader: - kv   3:                     general.sampling.top_p f32              = 0.950000
llama_model_loader: - kv   4:                      general.sampling.temp f32              = 1.000000
llama_model_loader: - kv   5:                               general.name str              = Qwen3.5-35B-A3B-Uncensored-HauhauCS-A...
llama_model_loader: - kv   6:                           general.finetune str              = 5RefKL0.042
llama_model_loader: - kv   7:                      qwen35moe.block_count u32              = 40
llama_model_loader: - kv   8:                   qwen35moe.context_length u32              = 262144
llama_model_loader: - kv   9:                 qwen35moe.embedding_length u32              = 2048
llama_model_loader: - kv  10:             qwen35moe.attention.head_count u32              = 16
llama_model_loader: - kv  11:          qwen35moe.attention.head_count_kv u32              = 2
llama_model_loader: - kv  12:          qwen35moe.rope.dimension_sections arr[i32,4]       = [11, 11, 10, 0]
llama_model_loader: - kv  13:                   qwen35moe.rope.freq_base f32              = 10000000.000000
llama_model_loader: - kv  14: qwen35moe.attention.layer_norm_rms_epsilon f32              = 0.000001
llama_model_loader: - kv  15:                     qwen35moe.expert_count u32              = 256
llama_model_loader: - kv  16:                qwen35moe.expert_used_count u32              = 8
llama_model_loader: - kv  17:             qwen35moe.attention.key_length u32              = 256
llama_model_loader: - kv  18:           qwen35moe.attention.value_length u32              = 256
llama_model_loader: - kv  19:       qwen35moe.expert_feed_forward_length u32              = 512
llama_model_loader: - kv  20: qwen35moe.expert_shared_feed_forward_length u32              = 512
llama_model_loader: - kv  21:                  qwen35moe.ssm.conv_kernel u32              = 4
llama_model_loader: - kv  22:                   qwen35moe.ssm.state_size u32              = 128
llama_model_loader: - kv  23:                  qwen35moe.ssm.group_count u32              = 16
llama_model_loader: - kv  24:               qwen35moe.ssm.time_step_rank u32              = 32
llama_model_loader: - kv  25:                   qwen35moe.ssm.inner_size u32              = 4096
llama_model_loader: - kv  26:          qwen35moe.full_attention_interval u32              = 4
llama_model_loader: - kv  27:             qwen35moe.rope.dimension_count u32              = 64
llama_model_loader: - kv  28:                       tokenizer.ggml.model str              = gpt2
llama_model_loader: - kv  29:                         tokenizer.ggml.pre str              = qwen35
llama_model_loader: - kv  30:                      tokenizer.ggml.tokens arr[str,248320]  = ["!", "\"", "#", "$", "%", "&", "'", ...
llama_model_loader: - kv  31:                  tokenizer.ggml.token_type arr[i32,248320]  = [1, 1, 1, 1, 1, 1, 1, 1, 1, 1, 1, 1, ...
llama_model_loader: - kv  32:                      tokenizer.ggml.merges arr[str,247587]  = ["Ġ Ġ", "ĠĠ ĠĠ", "i n", "Ġ t",...
llama_model_loader: - kv  33:                tokenizer.ggml.eos_token_id u32              = 248046
llama_model_loader: - kv  34:            tokenizer.ggml.padding_token_id u32              = 248044
llama_model_loader: - kv  35:                    tokenizer.chat_template str              = {%- set image_count = namespace(value...
llama_model_loader: - kv  36:               general.quantization_version u32              = 2
llama_model_loader: - kv  37:                          general.file_type u32              = 7
llama_model_loader: - kv  38:                         general.size_label str              = 35B-A3B
llama_model_loader: - kv  39:                      quantize.imatrix.file str              = Qwen3.5-35B-A3B-Uncensored-HauhauCS-A...
llama_model_loader: - kv  40:                   quantize.imatrix.dataset str              = /home/hauhaucs/llama.cpp/groups_merge...
llama_model_loader: - kv  41:             quantize.imatrix.entries_count u32              = 510
llama_model_loader: - kv  42:              quantize.imatrix.chunks_count u32              = 93
llama_model_loader: - type  f32:  301 tensors
llama_model_loader: - type q8_0:  432 tensors
print_info: file format = GGUF V3 (latest)
print_info: file type   = Q8_0
print_info: file size   = 34.36 GiB (8.52 BPW) 
load: 0 unused tokens
load: printing all EOG tokens:
load:   - 248044 ('<|endoftext|>')
load:   - 248046 ('<|im_end|>')
load:   - 248063 ('<|fim_pad|>')
load:   - 248064 ('<|repo_name|>')
load:   - 248065 ('<|file_sep|>')
load: special tokens cache size = 33
load: token to piece cache size = 1.7581 MB
print_info: arch                  = qwen35moe
print_info: vocab_only            = 0
print_info: no_alloc              = 0
print_info: n_ctx_train           = 262144
print_info: n_embd                = 2048
print_info: n_embd_inp            = 2048
print_info: n_layer               = 40
print_info: n_head                = 16
print_info: n_head_kv             = 2
print_info: n_rot                 = 64
print_info: n_swa                 = 0
print_info: is_swa_any            = 0
print_info: n_embd_head_k         = 256
print_info: n_embd_head_v         = 256
print_info: n_gqa                 = 8
print_info: n_embd_k_gqa          = 512
print_info: n_embd_v_gqa          = 512
print_info: f_norm_eps            = 0.0e+00
print_info: f_norm_rms_eps        = 1.0e-06
print_info: f_clamp_kqv           = 0.0e+00
print_info: f_max_alibi_bias      = 0.0e+00
print_info: f_logit_scale         = 0.0e+00
print_info: f_attn_scale          = 0.0e+00
print_info: n_ff                  = 0
print_info: n_expert              = 256
print_info: n_expert_used         = 8
print_info: n_expert_groups       = 0
print_info: n_group_used          = 0
print_info: causal attn           = 1
print_info: pooling type          = 0
print_info: rope type             = 40
print_info: rope scaling          = linear
print_info: freq_base_train       = 10000000.0
print_info: freq_scale_train      = 1
print_info: n_ctx_orig_yarn       = 262144
print_info: rope_yarn_log_mul     = 0.0000
print_info: rope_finetuned        = unknown
print_info: mrope sections        = [11, 11, 10, 0]
print_info: ssm_d_conv            = 4
print_info: ssm_d_inner           = 4096
print_info: ssm_d_state           = 128
print_info: ssm_dt_rank           = 32
print_info: ssm_n_group           = 16
print_info: ssm_dt_b_c_rms        = 0
print_info: model type            = 35B.A3B
print_info: model params          = 34.66 B
print_info: general.name          = Qwen3.5-35B-A3B-Uncensored-HauhauCS-Aggressive
print_info: vocab type            = BPE
print_info: n_vocab               = 248320
print_info: n_merges              = 247587
print_info: BOS token             = 11 ','
print_info: EOS token             = 248046 '<|im_end|>'
print_info: EOT token             = 248046 '<|im_end|>'
print_info: PAD token             = 248044 '<|endoftext|>'
print_info: LF token              = 198 'Ċ'
print_info: FIM PRE token         = 248060 '<|fim_prefix|>'
print_info: FIM SUF token         = 248062 '<|fim_suffix|>'
print_info: FIM MID token         = 248061 '<|fim_middle|>'
print_info: FIM PAD token         = 248063 '<|fim_pad|>'
print_info: FIM REP token         = 248064 '<|repo_name|>'
print_info: FIM SEP token         = 248065 '<|file_sep|>'
print_info: EOG token             = 248044 '<|endoftext|>'
print_info: EOG token             = 248046 '<|im_end|>'
print_info: EOG token             = 248063 '<|fim_pad|>'
print_info: EOG token             = 248064 '<|repo_name|>'
print_info: EOG token             = 248065 '<|file_sep|>'
print_info: max token length      = 256
load_tensors: loading model tensors, this can take a while... (mmap = true, direct_io = false)
load_tensors: offloading output layer to GPU
load_tensors: offloading 39 repeating layers to GPU
load_tensors: offloaded 41/41 layers to GPU
load_tensors:   CPU_Mapped model buffer size =   515.31 MiB
load_tensors:        CUDA0 model buffer size = 17931.70 MiB
load_tensors:        CUDA1 model buffer size = 16736.08 MiB
....................................................................................................
common_init_result: added <|endoftext|> logit bias = -inf
common_init_result: added <|im_end|> logit bias = -inf
common_init_result: added <|fim_pad|> logit bias = -inf
common_init_result: added <|repo_name|> logit bias = -inf
common_init_result: added <|file_sep|> logit bias = -inf
llama_context: constructing llama_context
llama_context: n_seq_max     = 1
llama_context: n_ctx         = 16384
llama_context: n_ctx_seq     = 16384
llama_context: n_batch       = 2048
llama_context: n_ubatch      = 512
llama_context: causal_attn   = 1
llama_context: flash_attn    = enabled
llama_context: kv_unified    = false
llama_context: freq_base     = 10000000.0
llama_context: freq_scale    = 1
llama_context: n_ctx_seq (16384) < n_ctx_train (262144) -- the full capacity of the model will not be utilized
llama_context:  CUDA_Host  output buffer size =     0.95 MiB
llama_kv_cache:      CUDA0 KV buffer size =    85.00 MiB
llama_kv_cache:      CUDA1 KV buffer size =    85.00 MiB
llama_kv_cache: size =  170.00 MiB ( 16384 cells,  10 layers,  1/1 seqs), K (q8_0):   85.00 MiB, V (q8_0):   85.00 MiB
llama_memory_recurrent:      CUDA0 RS buffer size =    33.50 MiB
llama_memory_recurrent:      CUDA1 RS buffer size =    29.31 MiB
llama_memory_recurrent: size =   62.81 MiB (     1 cells,  40 layers,  1 seqs), R (f32):    2.81 MiB, S (f32):   60.00 MiB
llama_context: pipeline parallelism enabled
llama_context: graph reuse is currently not compatible with pipeline parallelism - disabling
sched_reserve: reserving ...
sched_reserve: resolving fused Gated Delta Net support:
sched_reserve: fused Gated Delta Net (autoregressive) enabled
sched_reserve: fused Gated Delta Net (chunked) enabled
sched_reserve:      CUDA0 compute buffer size =   228.06 MiB
sched_reserve:      CUDA1 compute buffer size =   573.07 MiB
sched_reserve:  CUDA_Host compute buffer size =   136.08 MiB
sched_reserve: graph nodes  = 3729
sched_reserve: graph splits = 3
sched_reserve: reserve took 92.01 ms, sched copies = 4
Sampler    : logits -> ?penalties -> ?dry -> ?top-n-sigma -> top-k -> ?typical -> ?top-p -> ?min-p -> ?xtc -> temp-ext -> dist 
EOS token id: 248046
EOG tokens in vocab:
  token 248044 = '<|endoftext|>' [EOG - will NOT stop generation]
  token 248046 = '<|im_end|>' [PRIMARY EOS - will stop generation]
  token 248063 = '<|fim_pad|>' [EOG - will NOT stop generation]
  token 248064 = '<|repo_name|>' [EOG - will NOT stop generation]
  token 248065 = '<|file_sep|>' [EOG - will NOT stop generation]
system_info: n_threads = 16 (n_threads_batch = 16) / 384 | CUDA : ARCHS = 500,610,700,750,800,860,890 | USE_GRAPHS = 1 | PEER_MAX_BATCH_SIZE = 128 | CPU : SSE3 = 1 | SSSE3 = 1 | AVX = 1 | AVX2 = 1 | F16C = 1 | FMA = 1 | BMI2 = 1 | AVX512 = 1 | AVX512_VBMI = 1 | AVX512_VNNI = 1 | AVX512_BF16 = 1 | LLAMAFILE = 1 | OPENMP = 1 | REPACK = 1 | 

Loaded 60 prompts

[1/60] D01_history_01 : <|im_start|>user
How do historians reconstruct the causes and course o...
  tokens: 49 prompt + 1024 gen | tensors: 41000 seen, 41000 captured, 40 unique | 9278 ms
  saved 0 layer + 40 router tensors → /workspace/consciousness-experiment/experiments/qwen-huahua-philosophy-experts-bias/captures/20260409T193047Z_philosophy_core_cluster_no_think_m5/D01_history_01
[2/60] D01_history_02 : <|im_start|>user
Why did Ivan IV matter in Russian history, and what w...
  tokens: 43 prompt + 1024 gen | tensors: 41000 seen, 41000 captured, 40 unique | 9105 ms
  saved 0 layer + 40 router tensors → /workspace/consciousness-experiment/experiments/qwen-huahua-philosophy-experts-bias/captures/20260409T193047Z_philosophy_core_cluster_no_think_m5/D01_history_02
[3/60] D01_history_03 : <|im_start|>user
Compare the historical impact of the September 11 att...
  tokens: 48 prompt + 1024 gen | tensors: 41000 seen, 41000 captured, 40 unique | 9284 ms
  saved 0 layer + 40 router tensors → /workspace/consciousness-experiment/experiments/qwen-huahua-philosophy-experts-bias/captures/20260409T193047Z_philosophy_core_cluster_no_think_m5/D01_history_03
[4/60] D02_archaeology_01 : <|im_start|>user
How do archaeologists reconstruct the daily life of a...
  tokens: 45 prompt + 1024 gen | tensors: 41000 seen, 41000 captured, 40 unique | 9287 ms
  saved 0 layer + 40 router tensors → /workspace/consciousness-experiment/experiments/qwen-huahua-philosophy-experts-bias/captures/20260409T193047Z_philosophy_core_cluster_no_think_m5/D02_archaeology_01
[5/60] D02_archaeology_02 : <|im_start|>user
Why did the Rosetta Stone matter so much for archaeol...
  tokens: 43 prompt + 680 gen | tensors: 27240 seen, 27240 captured, 40 unique | 6173 ms
  saved 0 layer + 40 router tensors → /workspace/consciousness-experiment/experiments/qwen-huahua-philosophy-experts-bias/captures/20260409T193047Z_philosophy_core_cluster_no_think_m5/D02_archaeology_02
[6/60] D02_archaeology_03 : <|im_start|>user
Compare radiocarbon dating with stratigraphy as tools...
  tokens: 38 prompt + 1024 gen | tensors: 41000 seen, 41000 captured, 40 unique | 9295 ms
  saved 0 layer + 40 router tensors → /workspace/consciousness-experiment/experiments/qwen-huahua-philosophy-experts-bias/captures/20260409T193047Z_philosophy_core_cluster_no_think_m5/D02_archaeology_03
[7/60] D03_mathematics_01 : <|im_start|>user
How does calculus work as a mathematical framework fo...
  tokens: 41 prompt + 1024 gen | tensors: 41000 seen, 41000 captured, 40 unique | 9249 ms
  saved 0 layer + 40 router tensors → /workspace/consciousness-experiment/experiments/qwen-huahua-philosophy-experts-bias/captures/20260409T193047Z_philosophy_core_cluster_no_think_m5/D03_mathematics_01
[8/60] D03_mathematics_02 : <|im_start|>user
Why did Carl Friedrich Gauss matter to number theory,...
  tokens: 40 prompt + 1024 gen | tensors: 41000 seen, 41000 captured, 40 unique | 9249 ms
  saved 0 layer + 40 router tensors → /workspace/consciousness-experiment/experiments/qwen-huahua-philosophy-experts-bias/captures/20260409T193047Z_philosophy_core_cluster_no_think_m5/D03_mathematics_02
[9/60] D03_mathematics_03 : <|im_start|>user
Compare linear algebra with calculus in terms of thei...
  tokens: 40 prompt + 1024 gen | tensors: 41000 seen, 41000 captured, 40 unique | 9240 ms
  saved 0 layer + 40 router tensors → /workspace/consciousness-experiment/experiments/qwen-huahua-philosophy-experts-bias/captures/20260409T193047Z_philosophy_core_cluster_no_think_m5/D03_mathematics_03
[10/60] D04_statistics_01 : <|im_start|>user
How does hypothesis testing work, including null mode...
  tokens: 41 prompt + 1024 gen | tensors: 41000 seen, 41000 captured, 40 unique | 9240 ms
  saved 0 layer + 40 router tensors → /workspace/consciousness-experiment/experiments/qwen-huahua-philosophy-experts-bias/captures/20260409T193047Z_philosophy_core_cluster_no_think_m5/D04_statistics_01
[11/60] D04_statistics_02 : <|im_start|>user
Why did Bayes' theorem matter so much for the develop...
  tokens: 40 prompt + 1024 gen | tensors: 41000 seen, 41000 captured, 40 unique | 9249 ms
  saved 0 layer + 40 router tensors → /workspace/consciousness-experiment/experiments/qwen-huahua-philosophy-experts-bias/captures/20260409T193047Z_philosophy_core_cluster_no_think_m5/D04_statistics_02
[12/60] D04_statistics_03 : <|im_start|>user
Compare frequentist inference with Bayesian inference...
  tokens: 39 prompt + 1024 gen | tensors: 41000 seen, 41000 captured, 40 unique | 9278 ms
  saved 0 layer + 40 router tensors → /workspace/consciousness-experiment/experiments/qwen-huahua-philosophy-experts-bias/captures/20260409T193047Z_philosophy_core_cluster_no_think_m5/D04_statistics_03
[13/60] D05_physics_01 : <|im_start|>user
How does thermodynamics work as a framework for energ...
  tokens: 41 prompt + 1024 gen | tensors: 41000 seen, 41000 captured, 40 unique | 9251 ms
  saved 0 layer + 40 router tensors → /workspace/consciousness-experiment/experiments/qwen-huahua-philosophy-experts-bias/captures/20260409T193047Z_philosophy_core_cluster_no_think_m5/D05_physics_01
[14/60] D05_physics_02 : <|im_start|>user
Why did Albert Einstein matter so much to relativity,...
  tokens: 42 prompt + 1024 gen | tensors: 41000 seen, 41000 captured, 40 unique | 9265 ms
  saved 0 layer + 40 router tensors → /workspace/consciousness-experiment/experiments/qwen-huahua-philosophy-experts-bias/captures/20260409T193047Z_philosophy_core_cluster_no_think_m5/D05_physics_02
[15/60] D05_physics_03 : <|im_start|>user
Compare the Standard Model with general relativity in...
  tokens: 42 prompt + 1024 gen | tensors: 41000 seen, 41000 captured, 40 unique | 9277 ms
  saved 0 layer + 40 router tensors → /workspace/consciousness-experiment/experiments/qwen-huahua-philosophy-experts-bias/captures/20260409T193047Z_philosophy_core_cluster_no_think_m5/D05_physics_03
[16/60] D06_chemistry_01 : <|im_start|>user
How does chemical bonding work across ionic, covalent...
  tokens: 41 prompt + 1024 gen | tensors: 41000 seen, 41000 captured, 40 unique | 9265 ms
  saved 0 layer + 40 router tensors → /workspace/consciousness-experiment/experiments/qwen-huahua-philosophy-experts-bias/captures/20260409T193047Z_philosophy_core_cluster_no_think_m5/D06_chemistry_01
[17/60] D06_chemistry_02 : <|im_start|>user
Why did Dmitri Mendeleev matter to chemistry and the ...
  tokens: 42 prompt + 1024 gen | tensors: 41000 seen, 41000 captured, 40 unique | 9253 ms
  saved 0 layer + 40 router tensors → /workspace/consciousness-experiment/experiments/qwen-huahua-philosophy-experts-bias/captures/20260409T193047Z_philosophy_core_cluster_no_think_m5/D06_chemistry_02
[18/60] D06_chemistry_03 : <|im_start|>user
Compare reaction kinetics with chemical equilibrium i...
  tokens: 37 prompt + 1024 gen | tensors: 41000 seen, 41000 captured, 40 unique | 9247 ms
  saved 0 layer + 40 router tensors → /workspace/consciousness-experiment/experiments/qwen-huahua-philosophy-experts-bias/captures/20260409T193047Z_philosophy_core_cluster_no_think_m5/D06_chemistry_03
[19/60] D07_biology_01 : <|im_start|>user
How does evolution by natural selection work, includi...
  tokens: 41 prompt + 1024 gen | tensors: 41000 seen, 41000 captured, 40 unique | 9223 ms
  saved 0 layer + 40 router tensors → /workspace/consciousness-experiment/experiments/qwen-huahua-philosophy-experts-bias/captures/20260409T193047Z_philosophy_core_cluster_no_think_m5/D07_biology_01
[20/60] D07_biology_02 : <|im_start|>user
Why did Charles Darwin matter so much to biological s...
  tokens: 35 prompt + 1024 gen | tensors: 41000 seen, 41000 captured, 40 unique | 9241 ms
  saved 0 layer + 40 router tensors → /workspace/consciousness-experiment/experiments/qwen-huahua-philosophy-experts-bias/captures/20260409T193047Z_philosophy_core_cluster_no_think_m5/D07_biology_02
[21/60] D07_biology_03 : <|im_start|>user
Compare classical genetics with molecular biology in ...
  tokens: 37 prompt + 1024 gen | tensors: 41000 seen, 41000 captured, 40 unique | 9238 ms
  saved 0 layer + 40 router tensors → /workspace/consciousness-experiment/experiments/qwen-huahua-philosophy-experts-bias/captures/20260409T193047Z_philosophy_core_cluster_no_think_m5/D07_biology_03
[22/60] D08_medicine_01 : <|im_start|>user
How does sepsis develop and why is it medically dange...
  tokens: 37 prompt + 1024 gen | tensors: 41000 seen, 41000 captured, 40 unique | 9199 ms
  saved 0 layer + 40 router tensors → /workspace/consciousness-experiment/experiments/qwen-huahua-philosophy-experts-bias/captures/20260409T193047Z_philosophy_core_cluster_no_think_m5/D08_medicine_01
[23/60] D08_medicine_02 : <|im_start|>user
Why did Ignaz Semmelweis matter to medicine and infec...
  tokens: 38 prompt + 1024 gen | tensors: 41000 seen, 41000 captured, 40 unique | 9187 ms
  saved 0 layer + 40 router tensors → /workspace/consciousness-experiment/experiments/qwen-huahua-philosophy-experts-bias/captures/20260409T193047Z_philosophy_core_cluster_no_think_m5/D08_medicine_02
[24/60] D08_medicine_03 : <|im_start|>user
Compare antibiotics with vaccines in how they prevent...
  tokens: 36 prompt + 1024 gen | tensors: 41000 seen, 41000 captured, 40 unique | 9271 ms
  saved 0 layer + 40 router tensors → /workspace/consciousness-experiment/experiments/qwen-huahua-philosophy-experts-bias/captures/20260409T193047Z_philosophy_core_cluster_no_think_m5/D08_medicine_03
[25/60] D09_neuroscience_01 : <|im_start|>user
How does synaptic transmission work, including neurot...
  tokens: 40 prompt + 1024 gen | tensors: 41000 seen, 41000 captured, 40 unique | 9263 ms
  saved 0 layer + 40 router tensors → /workspace/consciousness-experiment/experiments/qwen-huahua-philosophy-experts-bias/captures/20260409T193047Z_philosophy_core_cluster_no_think_m5/D09_neuroscience_01
[26/60] D09_neuroscience_02 : <|im_start|>user
Why did Santiago Ramon y Cajal matter to neuroscience...
  tokens: 36 prompt + 1024 gen | tensors: 41000 seen, 41000 captured, 40 unique | 9280 ms
  saved 0 layer + 40 router tensors → /workspace/consciousness-experiment/experiments/qwen-huahua-philosophy-experts-bias/captures/20260409T193047Z_philosophy_core_cluster_no_think_m5/D09_neuroscience_02
[27/60] D09_neuroscience_03 : <|im_start|>user
Compare brain imaging with electrophysiology in the k...
  tokens: 43 prompt + 1024 gen | tensors: 41000 seen, 41000 captured, 40 unique | 9247 ms
  saved 0 layer + 40 router tensors → /workspace/consciousness-experiment/experiments/qwen-huahua-philosophy-experts-bias/captures/20260409T193047Z_philosophy_core_cluster_no_think_m5/D09_neuroscience_03
[28/60] D10_computer_science_01 : <|im_start|>user
How do algorithms and computational complexity work a...
  tokens: 38 prompt + 1024 gen | tensors: 41000 seen, 41000 captured, 40 unique | 9201 ms
  saved 0 layer + 40 router tensors → /workspace/consciousness-experiment/experiments/qwen-huahua-philosophy-experts-bias/captures/20260409T193047Z_philosophy_core_cluster_no_think_m5/D10_computer_science_01
[29/60] D10_computer_science_02 : <|im_start|>user
Why did Alan Turing matter to computer science, compu...
  tokens: 39 prompt + 1024 gen | tensors: 41000 seen, 41000 captured, 40 unique | 9215 ms
  saved 0 layer + 40 router tensors → /workspace/consciousness-experiment/experiments/qwen-huahua-philosophy-experts-bias/captures/20260409T193047Z_philosophy_core_cluster_no_think_m5/D10_computer_science_02
[30/60] D10_computer_science_03 : <|im_start|>user
Compare data structures with algorithms in the role e...
  tokens: 38 prompt + 1024 gen | tensors: 41000 seen, 41000 captured, 40 unique | 9193 ms
  saved 0 layer + 40 router tensors → /workspace/consciousness-experiment/experiments/qwen-huahua-philosophy-experts-bias/captures/20260409T193047Z_philosophy_core_cluster_no_think_m5/D10_computer_science_03
[31/60] D11_software_engineering_01 : <|im_start|>user
How does a software engineering process move from req...
  tokens: 43 prompt + 1024 gen | tensors: 41000 seen, 41000 captured, 40 unique | 9245 ms
  saved 0 layer + 40 router tensors → /workspace/consciousness-experiment/experiments/qwen-huahua-philosophy-experts-bias/captures/20260409T193047Z_philosophy_core_cluster_no_think_m5/D11_software_engineering_01
[32/60] D11_software_engineering_02 : <|im_start|>user
Why did the Agile Manifesto matter to software develo...
  tokens: 36 prompt + 1024 gen | tensors: 41000 seen, 41000 captured, 40 unique | 9272 ms
  saved 0 layer + 40 router tensors → /workspace/consciousness-experiment/experiments/qwen-huahua-philosophy-experts-bias/captures/20260409T193047Z_philosophy_core_cluster_no_think_m5/D11_software_engineering_02
[33/60] D11_software_engineering_03 : <|im_start|>user
Compare version control with continuous integration i...
  tokens: 38 prompt + 1024 gen | tensors: 41000 seen, 41000 captured, 40 unique | 9259 ms
  saved 0 layer + 40 router tensors → /workspace/consciousness-experiment/experiments/qwen-huahua-philosophy-experts-bias/captures/20260409T193047Z_philosophy_core_cluster_no_think_m5/D11_software_engineering_03
[34/60] D12_cybersecurity_01 : <|im_start|>user
How does public key cryptography work, including key ...
  tokens: 40 prompt + 1024 gen | tensors: 41000 seen, 41000 captured, 40 unique | 9242 ms
  saved 0 layer + 40 router tensors → /workspace/consciousness-experiment/experiments/qwen-huahua-philosophy-experts-bias/captures/20260409T193047Z_philosophy_core_cluster_no_think_m5/D12_cybersecurity_01
[35/60] D12_cybersecurity_02 : <|im_start|>user
Why did the Morris worm matter in the history of cybe...
  tokens: 36 prompt + 1024 gen | tensors: 41000 seen, 41000 captured, 40 unique | 9215 ms
  saved 0 layer + 40 router tensors → /workspace/consciousness-experiment/experiments/qwen-huahua-philosophy-experts-bias/captures/20260409T193047Z_philosophy_core_cluster_no_think_m5/D12_cybersecurity_02
[36/60] D12_cybersecurity_03 : <|im_start|>user
Compare authentication with access control in practic...
  tokens: 34 prompt + 1024 gen | tensors: 41000 seen, 41000 captured, 40 unique | 9274 ms
  saved 0 layer + 40 router tensors → /workspace/consciousness-experiment/experiments/qwen-huahua-philosophy-experts-bias/captures/20260409T193047Z_philosophy_core_cluster_no_think_m5/D12_cybersecurity_03
[37/60] D13_economics_01 : <|im_start|>user
How does inflation work, including monetary policy, e...
  tokens: 39 prompt + 1024 gen | tensors: 41000 seen, 41000 captured, 40 unique | 9246 ms
  saved 0 layer + 40 router tensors → /workspace/consciousness-experiment/experiments/qwen-huahua-philosophy-experts-bias/captures/20260409T193047Z_philosophy_core_cluster_no_think_m5/D13_economics_01
[38/60] D13_economics_02 : <|im_start|>user
Why did John Maynard Keynes matter to economics and m...
  tokens: 38 prompt + 1024 gen | tensors: 41000 seen, 41000 captured, 40 unique | 9303 ms
  saved 0 layer + 40 router tensors → /workspace/consciousness-experiment/experiments/qwen-huahua-philosophy-experts-bias/captures/20260409T193047Z_philosophy_core_cluster_no_think_m5/D13_economics_02
[39/60] D13_economics_03 : <|im_start|>user
Compare the 2008 financial crisis with the Great Depr...
  tokens: 44 prompt + 1024 gen | tensors: 41000 seen, 41000 captured, 40 unique | 9191 ms
  saved 0 layer + 40 router tensors → /workspace/consciousness-experiment/experiments/qwen-huahua-philosophy-experts-bias/captures/20260409T193047Z_philosophy_core_cluster_no_think_m5/D13_economics_03
[40/60] D14_law_01 : <|im_start|>user
How does constitutional law work in organizing powers...
  tokens: 39 prompt + 1024 gen | tensors: 41000 seen, 41000 captured, 40 unique | 9235 ms
  saved 0 layer + 40 router tensors → /workspace/consciousness-experiment/experiments/qwen-huahua-philosophy-experts-bias/captures/20260409T193047Z_philosophy_core_cluster_no_think_m5/D14_law_01
[41/60] D14_law_02 : <|im_start|>user
Why did Marbury v. Madison matter in legal history?<|...
  tokens: 36 prompt + 758 gen | tensors: 30360 seen, 30360 captured, 40 unique | 6806 ms
  saved 0 layer + 40 router tensors → /workspace/consciousness-experiment/experiments/qwen-huahua-philosophy-experts-bias/captures/20260409T193047Z_philosophy_core_cluster_no_think_m5/D14_law_02
[42/60] D14_law_03 : <|im_start|>user
Compare precedent with statutory interpretation in mo...
  tokens: 34 prompt + 1024 gen | tensors: 41000 seen, 41000 captured, 40 unique | 9202 ms
  saved 0 layer + 40 router tensors → /workspace/consciousness-experiment/experiments/qwen-huahua-philosophy-experts-bias/captures/20260409T193047Z_philosophy_core_cluster_no_think_m5/D14_law_03
[43/60] D15_political_science_01 : <|im_start|>user
How do democratic institutions work, including electi...
  tokens: 40 prompt + 1024 gen | tensors: 41000 seen, 41000 captured, 40 unique | 9188 ms
  saved 0 layer + 40 router tensors → /workspace/consciousness-experiment/experiments/qwen-huahua-philosophy-experts-bias/captures/20260409T193047Z_philosophy_core_cluster_no_think_m5/D15_political_science_01
[44/60] D15_political_science_02 : <|im_start|>user
Why did Niccolo Machiavelli matter to political thoug...
  tokens: 40 prompt + 1024 gen | tensors: 41000 seen, 41000 captured, 40 unique | 9224 ms
  saved 0 layer + 40 router tensors → /workspace/consciousness-experiment/experiments/qwen-huahua-philosophy-experts-bias/captures/20260409T193047Z_philosophy_core_cluster_no_think_m5/D15_political_science_02
[45/60] D15_political_science_03 : <|im_start|>user
Compare nationalism with liberalism as organizing ide...
  tokens: 36 prompt + 1024 gen | tensors: 41000 seen, 41000 captured, 40 unique | 9184 ms
  saved 0 layer + 40 router tensors → /workspace/consciousness-experiment/experiments/qwen-huahua-philosophy-experts-bias/captures/20260409T193047Z_philosophy_core_cluster_no_think_m5/D15_political_science_03
[46/60] D16_philosophy_01 : <|im_start|>user
How does epistemology work as a field concerned with ...
  tokens: 42 prompt + 1024 gen | tensors: 41000 seen, 41000 captured, 40 unique | 9207 ms
  saved 0 layer + 40 router tensors → /workspace/consciousness-experiment/experiments/qwen-huahua-philosophy-experts-bias/captures/20260409T193047Z_philosophy_core_cluster_no_think_m5/D16_philosophy_01
[47/60] D16_philosophy_02 : <|im_start|>user
Why did Immanuel Kant matter to metaphysics, ethics, ...
  tokens: 41 prompt + 1024 gen | tensors: 41000 seen, 41000 captured, 40 unique | 9207 ms
  saved 0 layer + 40 router tensors → /workspace/consciousness-experiment/experiments/qwen-huahua-philosophy-experts-bias/captures/20260409T193047Z_philosophy_core_cluster_no_think_m5/D16_philosophy_02
[48/60] D16_philosophy_03 : <|im_start|>user
Compare philosophy of mind with metaphysics in the ki...
  tokens: 39 prompt + 1024 gen | tensors: 41000 seen, 41000 captured, 40 unique | 9210 ms
  saved 0 layer + 40 router tensors → /workspace/consciousness-experiment/experiments/qwen-huahua-philosophy-experts-bias/captures/20260409T193047Z_philosophy_core_cluster_no_think_m5/D16_philosophy_03
[49/60] D17_comparative_religion_01 : <|im_start|>user
How does comparative religion study ritual, doctrine,...
  tokens: 42 prompt + 1024 gen | tensors: 41000 seen, 41000 captured, 40 unique | 9182 ms
  saved 0 layer + 40 router tensors → /workspace/consciousness-experiment/experiments/qwen-huahua-philosophy-experts-bias/captures/20260409T193047Z_philosophy_core_cluster_no_think_m5/D17_comparative_religion_01
[50/60] D17_comparative_religion_02 : <|im_start|>user
Why did the Buddha matter historically, and how did B...
  tokens: 41 prompt + 1024 gen | tensors: 41000 seen, 41000 captured, 40 unique | 9219 ms
  saved 0 layer + 40 router tensors → /workspace/consciousness-experiment/experiments/qwen-huahua-philosophy-experts-bias/captures/20260409T193047Z_philosophy_core_cluster_no_think_m5/D17_comparative_religion_02
[51/60] D17_comparative_religion_03 : <|im_start|>user
Compare monotheistic traditions with non-theistic tra...
  tokens: 39 prompt + 1024 gen | tensors: 41000 seen, 41000 captured, 40 unique | 9224 ms
  saved 0 layer + 40 router tensors → /workspace/consciousness-experiment/experiments/qwen-huahua-philosophy-experts-bias/captures/20260409T193047Z_philosophy_core_cluster_no_think_m5/D17_comparative_religion_03
[52/60] D18_linguistics_01 : <|im_start|>user
How does syntax work, including phrase structure, dep...
  tokens: 38 prompt + 1024 gen | tensors: 41000 seen, 41000 captured, 40 unique | 9267 ms
  saved 0 layer + 40 router tensors → /workspace/consciousness-experiment/experiments/qwen-huahua-philosophy-experts-bias/captures/20260409T193047Z_philosophy_core_cluster_no_think_m5/D18_linguistics_01
[53/60] D18_linguistics_02 : <|im_start|>user
Why did Ferdinand de Saussure matter to linguistics a...
  tokens: 39 prompt + 1024 gen | tensors: 41000 seen, 41000 captured, 40 unique | 9216 ms
  saved 0 layer + 40 router tensors → /workspace/consciousness-experiment/experiments/qwen-huahua-philosophy-experts-bias/captures/20260409T193047Z_philosophy_core_cluster_no_think_m5/D18_linguistics_02
[54/60] D18_linguistics_03 : <|im_start|>user
Compare phonology with syntax in the kinds of linguis...
  tokens: 38 prompt + 1024 gen | tensors: 41000 seen, 41000 captured, 40 unique | 9225 ms
  saved 0 layer + 40 router tensors → /workspace/consciousness-experiment/experiments/qwen-huahua-philosophy-experts-bias/captures/20260409T193047Z_philosophy_core_cluster_no_think_m5/D18_linguistics_03
[55/60] D19_psychology_01 : <|im_start|>user
How does memory work, including encoding, storage, re...
  tokens: 39 prompt + 1024 gen | tensors: 41000 seen, 41000 captured, 40 unique | 9196 ms
  saved 0 layer + 40 router tensors → /workspace/consciousness-experiment/experiments/qwen-huahua-philosophy-experts-bias/captures/20260409T193047Z_philosophy_core_cluster_no_think_m5/D19_psychology_01
[56/60] D19_psychology_02 : <|im_start|>user
Why did William James matter to psychology?<|im_end|>...
  tokens: 32 prompt + 1024 gen | tensors: 41000 seen, 41000 captured, 40 unique | 9253 ms
  saved 0 layer + 40 router tensors → /workspace/consciousness-experiment/experiments/qwen-huahua-philosophy-experts-bias/captures/20260409T193047Z_philosophy_core_cluster_no_think_m5/D19_psychology_02
[57/60] D19_psychology_03 : <|im_start|>user
Compare cognition with emotion in how psychology expl...
  tokens: 34 prompt + 1024 gen | tensors: 41000 seen, 41000 captured, 40 unique | 9203 ms
  saved 0 layer + 40 router tensors → /workspace/consciousness-experiment/experiments/qwen-huahua-philosophy-experts-bias/captures/20260409T193047Z_philosophy_core_cluster_no_think_m5/D19_psychology_03
[58/60] D20_environmental_science_01 : <|im_start|>user
How do climate systems work, including feedback loops...
  tokens: 42 prompt + 1024 gen | tensors: 41000 seen, 41000 captured, 40 unique | 9219 ms
  saved 0 layer + 40 router tensors → /workspace/consciousness-experiment/experiments/qwen-huahua-philosophy-experts-bias/captures/20260409T193047Z_philosophy_core_cluster_no_think_m5/D20_environmental_science_01
[59/60] D20_environmental_science_02 : <|im_start|>user
Why did Rachel Carson matter to environmental science...
  tokens: 36 prompt + 1024 gen | tensors: 41000 seen, 41000 captured, 40 unique | 9190 ms
  saved 0 layer + 40 router tensors → /workspace/consciousness-experiment/experiments/qwen-huahua-philosophy-experts-bias/captures/20260409T193047Z_philosophy_core_cluster_no_think_m5/D20_environmental_science_02
[60/60] D20_environmental_science_03 : <|im_start|>user
Compare ecology with environmental chemistry in how e...
  tokens: 37 prompt + 1024 gen | tensors: 41000 seen, 41000 captured, 40 unique | 9250 ms
  saved 0 layer + 40 router tensors → /workspace/consciousness-experiment/experiments/qwen-huahua-philosophy-experts-bias/captures/20260409T193047Z_philosophy_core_cluster_no_think_m5/D20_environmental_science_03

=== Capture Complete ===
Prompts: 60  |  Output: /workspace/consciousness-experiment/experiments/qwen-huahua-philosophy-experts-bias/captures/20260409T193047Z_philosophy_core_cluster_no_think_m5
llama_perf_context_print:        load time =    7100.30 ms
llama_perf_context_print: prompt eval time =    4190.44 ms /  2419 tokens (    1.73 ms per token,   577.27 tokens per second)
llama_perf_context_print:        eval time =  533141.42 ms / 60772 runs   (    8.77 ms per token,   113.99 tokens per second)
llama_perf_context_print:       total time =  557074.82 ms / 63191 tokens
llama_perf_context_print:    graphs reused =          0
=== Running 20260409T194005Z_philosophy_core_cluster_no_think_m3 ===
Command: /workspace/consciousness-experiment/experiments/qwen-huahua-philosophy-experts-bias/non_npy_remote_artifacts/logs/20260409T194005Z_philosophy_core_cluster_no_think_m3_command.sh
ggml_cuda_init: found 2 CUDA devices (Total VRAM: 64218 MiB):
  Device 0: NVIDIA GeForce RTX 5090, compute capability 12.0, VMM: yes, VRAM: 32109 MiB
  Device 1: NVIDIA GeForce RTX 5090, compute capability 12.0, VMM: yes, VRAM: 32109 MiB
build: 8493 (1772701f) with GNU 11.4.0 for Linux x86_64
=== Consciousness Metrics — Activation Capture ===
Output dir : /workspace/consciousness-experiment/experiments/qwen-huahua-philosophy-experts-bias/captures/20260409T194005Z_philosophy_core_cluster_no_think_m3
n_predict  : 1024
Text output: file only (--no-stream)
Mode       : --routing-only (router/gate tensors only)
Expert bias: 114:-3.0,87:-3.0,170:-3.0,68:-3.0
common_init_result: fitting params to device memory, for bugs during this step try to reproduce them with -fit off, or provide --verbose logs if the bug only occurs with -fit on
llama_params_fit_impl: projected memory use with initial parameters [MiB]:
llama_params_fit_impl:   - CUDA0 (NVIDIA GeForce RTX 5090):  32109 total,  18278 used,  13287 free vs. target of   1024
llama_params_fit_impl:   - CUDA1 (NVIDIA GeForce RTX 5090):  32109 total,  17439 used,  14130 free vs. target of   1024
llama_params_fit_impl: projected to use 35717 MiB of device memory vs. 63135 MiB of free device memory
llama_params_fit_impl: targets for free memory can be met on all devices, no changes needed
llama_params_fit: successfully fit params to free device memory
llama_params_fit: fitting params to free memory took 0.65 seconds
llama_model_load_from_file_impl: using device CUDA0 (NVIDIA GeForce RTX 5090) (0000:81:00.0) - 31599 MiB free
llama_model_load_from_file_impl: using device CUDA1 (NVIDIA GeForce RTX 5090) (0000:a1:00.0) - 31599 MiB free
llama_model_loader: loaded meta data with 43 key-value pairs and 733 tensors from /workspace/models/qwen35-hauhau-q8/Qwen3.5-35B-A3B-Uncensored-HauhauCS-Aggressive-Q8_0.gguf (version GGUF V3 (latest))
llama_model_loader: Dumping metadata keys/values. Note: KV overrides do not apply in this output.
llama_model_loader: - kv   0:                       general.architecture str              = qwen35moe
llama_model_loader: - kv   1:                               general.type str              = model
llama_model_loader: - kv   2:                     general.sampling.top_k i32              = 20
llama_model_loader: - kv   3:                     general.sampling.top_p f32              = 0.950000
llama_model_loader: - kv   4:                      general.sampling.temp f32              = 1.000000
llama_model_loader: - kv   5:                               general.name str              = Qwen3.5-35B-A3B-Uncensored-HauhauCS-A...
llama_model_loader: - kv   6:                           general.finetune str              = 5RefKL0.042
llama_model_loader: - kv   7:                      qwen35moe.block_count u32              = 40
llama_model_loader: - kv   8:                   qwen35moe.context_length u32              = 262144
llama_model_loader: - kv   9:                 qwen35moe.embedding_length u32              = 2048
llama_model_loader: - kv  10:             qwen35moe.attention.head_count u32              = 16
llama_model_loader: - kv  11:          qwen35moe.attention.head_count_kv u32              = 2
llama_model_loader: - kv  12:          qwen35moe.rope.dimension_sections arr[i32,4]       = [11, 11, 10, 0]
llama_model_loader: - kv  13:                   qwen35moe.rope.freq_base f32              = 10000000.000000
llama_model_loader: - kv  14: qwen35moe.attention.layer_norm_rms_epsilon f32              = 0.000001
llama_model_loader: - kv  15:                     qwen35moe.expert_count u32              = 256
llama_model_loader: - kv  16:                qwen35moe.expert_used_count u32              = 8
llama_model_loader: - kv  17:             qwen35moe.attention.key_length u32              = 256
llama_model_loader: - kv  18:           qwen35moe.attention.value_length u32              = 256
llama_model_loader: - kv  19:       qwen35moe.expert_feed_forward_length u32              = 512
llama_model_loader: - kv  20: qwen35moe.expert_shared_feed_forward_length u32              = 512
llama_model_loader: - kv  21:                  qwen35moe.ssm.conv_kernel u32              = 4
llama_model_loader: - kv  22:                   qwen35moe.ssm.state_size u32              = 128
llama_model_loader: - kv  23:                  qwen35moe.ssm.group_count u32              = 16
llama_model_loader: - kv  24:               qwen35moe.ssm.time_step_rank u32              = 32
llama_model_loader: - kv  25:                   qwen35moe.ssm.inner_size u32              = 4096
llama_model_loader: - kv  26:          qwen35moe.full_attention_interval u32              = 4
llama_model_loader: - kv  27:             qwen35moe.rope.dimension_count u32              = 64
llama_model_loader: - kv  28:                       tokenizer.ggml.model str              = gpt2
llama_model_loader: - kv  29:                         tokenizer.ggml.pre str              = qwen35
llama_model_loader: - kv  30:                      tokenizer.ggml.tokens arr[str,248320]  = ["!", "\"", "#", "$", "%", "&", "'", ...
llama_model_loader: - kv  31:                  tokenizer.ggml.token_type arr[i32,248320]  = [1, 1, 1, 1, 1, 1, 1, 1, 1, 1, 1, 1, ...
llama_model_loader: - kv  32:                      tokenizer.ggml.merges arr[str,247587]  = ["Ġ Ġ", "ĠĠ ĠĠ", "i n", "Ġ t",...
llama_model_loader: - kv  33:                tokenizer.ggml.eos_token_id u32              = 248046
llama_model_loader: - kv  34:            tokenizer.ggml.padding_token_id u32              = 248044
llama_model_loader: - kv  35:                    tokenizer.chat_template str              = {%- set image_count = namespace(value...
llama_model_loader: - kv  36:               general.quantization_version u32              = 2
llama_model_loader: - kv  37:                          general.file_type u32              = 7
llama_model_loader: - kv  38:                         general.size_label str              = 35B-A3B
llama_model_loader: - kv  39:                      quantize.imatrix.file str              = Qwen3.5-35B-A3B-Uncensored-HauhauCS-A...
llama_model_loader: - kv  40:                   quantize.imatrix.dataset str              = /home/hauhaucs/llama.cpp/groups_merge...
llama_model_loader: - kv  41:             quantize.imatrix.entries_count u32              = 510
llama_model_loader: - kv  42:              quantize.imatrix.chunks_count u32              = 93
llama_model_loader: - type  f32:  301 tensors
llama_model_loader: - type q8_0:  432 tensors
print_info: file format = GGUF V3 (latest)
print_info: file type   = Q8_0
print_info: file size   = 34.36 GiB (8.52 BPW) 
load: 0 unused tokens
load: printing all EOG tokens:
load:   - 248044 ('<|endoftext|>')
load:   - 248046 ('<|im_end|>')
load:   - 248063 ('<|fim_pad|>')
load:   - 248064 ('<|repo_name|>')
load:   - 248065 ('<|file_sep|>')
load: special tokens cache size = 33
load: token to piece cache size = 1.7581 MB
print_info: arch                  = qwen35moe
print_info: vocab_only            = 0
print_info: no_alloc              = 0
print_info: n_ctx_train           = 262144
print_info: n_embd                = 2048
print_info: n_embd_inp            = 2048
print_info: n_layer               = 40
print_info: n_head                = 16
print_info: n_head_kv             = 2
print_info: n_rot                 = 64
print_info: n_swa                 = 0
print_info: is_swa_any            = 0
print_info: n_embd_head_k         = 256
print_info: n_embd_head_v         = 256
print_info: n_gqa                 = 8
print_info: n_embd_k_gqa          = 512
print_info: n_embd_v_gqa          = 512
print_info: f_norm_eps            = 0.0e+00
print_info: f_norm_rms_eps        = 1.0e-06
print_info: f_clamp_kqv           = 0.0e+00
print_info: f_max_alibi_bias      = 0.0e+00
print_info: f_logit_scale         = 0.0e+00
print_info: f_attn_scale          = 0.0e+00
print_info: n_ff                  = 0
print_info: n_expert              = 256
print_info: n_expert_used         = 8
print_info: n_expert_groups       = 0
print_info: n_group_used          = 0
print_info: causal attn           = 1
print_info: pooling type          = 0
print_info: rope type             = 40
print_info: rope scaling          = linear
print_info: freq_base_train       = 10000000.0
print_info: freq_scale_train      = 1
print_info: n_ctx_orig_yarn       = 262144
print_info: rope_yarn_log_mul     = 0.0000
print_info: rope_finetuned        = unknown
print_info: mrope sections        = [11, 11, 10, 0]
print_info: ssm_d_conv            = 4
print_info: ssm_d_inner           = 4096
print_info: ssm_d_state           = 128
print_info: ssm_dt_rank           = 32
print_info: ssm_n_group           = 16
print_info: ssm_dt_b_c_rms        = 0
print_info: model type            = 35B.A3B
print_info: model params          = 34.66 B
print_info: general.name          = Qwen3.5-35B-A3B-Uncensored-HauhauCS-Aggressive
print_info: vocab type            = BPE
print_info: n_vocab               = 248320
print_info: n_merges              = 247587
print_info: BOS token             = 11 ','
print_info: EOS token             = 248046 '<|im_end|>'
print_info: EOT token             = 248046 '<|im_end|>'
print_info: PAD token             = 248044 '<|endoftext|>'
print_info: LF token              = 198 'Ċ'
print_info: FIM PRE token         = 248060 '<|fim_prefix|>'
print_info: FIM SUF token         = 248062 '<|fim_suffix|>'
print_info: FIM MID token         = 248061 '<|fim_middle|>'
print_info: FIM PAD token         = 248063 '<|fim_pad|>'
print_info: FIM REP token         = 248064 '<|repo_name|>'
print_info: FIM SEP token         = 248065 '<|file_sep|>'
print_info: EOG token             = 248044 '<|endoftext|>'
print_info: EOG token             = 248046 '<|im_end|>'
print_info: EOG token             = 248063 '<|fim_pad|>'
print_info: EOG token             = 248064 '<|repo_name|>'
print_info: EOG token             = 248065 '<|file_sep|>'
print_info: max token length      = 256
load_tensors: loading model tensors, this can take a while... (mmap = true, direct_io = false)
load_tensors: offloading output layer to GPU
load_tensors: offloading 39 repeating layers to GPU
load_tensors: offloaded 41/41 layers to GPU
load_tensors:   CPU_Mapped model buffer size =   515.31 MiB
load_tensors:        CUDA0 model buffer size = 17931.70 MiB
load_tensors:        CUDA1 model buffer size = 16736.08 MiB
....................................................................................................
common_init_result: added <|endoftext|> logit bias = -inf
common_init_result: added <|im_end|> logit bias = -inf
common_init_result: added <|fim_pad|> logit bias = -inf
common_init_result: added <|repo_name|> logit bias = -inf
common_init_result: added <|file_sep|> logit bias = -inf
llama_context: constructing llama_context
llama_context: n_seq_max     = 1
llama_context: n_ctx         = 16384
llama_context: n_ctx_seq     = 16384
llama_context: n_batch       = 2048
llama_context: n_ubatch      = 512
llama_context: causal_attn   = 1
llama_context: flash_attn    = enabled
llama_context: kv_unified    = false
llama_context: freq_base     = 10000000.0
llama_context: freq_scale    = 1
llama_context: n_ctx_seq (16384) < n_ctx_train (262144) -- the full capacity of the model will not be utilized
llama_context:  CUDA_Host  output buffer size =     0.95 MiB
llama_kv_cache:      CUDA0 KV buffer size =    85.00 MiB
llama_kv_cache:      CUDA1 KV buffer size =    85.00 MiB
llama_kv_cache: size =  170.00 MiB ( 16384 cells,  10 layers,  1/1 seqs), K (q8_0):   85.00 MiB, V (q8_0):   85.00 MiB
llama_memory_recurrent:      CUDA0 RS buffer size =    33.50 MiB
llama_memory_recurrent:      CUDA1 RS buffer size =    29.31 MiB
llama_memory_recurrent: size =   62.81 MiB (     1 cells,  40 layers,  1 seqs), R (f32):    2.81 MiB, S (f32):   60.00 MiB
llama_context: pipeline parallelism enabled
llama_context: graph reuse is currently not compatible with pipeline parallelism - disabling
sched_reserve: reserving ...
sched_reserve: resolving fused Gated Delta Net support:
sched_reserve: fused Gated Delta Net (autoregressive) enabled
sched_reserve: fused Gated Delta Net (chunked) enabled
sched_reserve:      CUDA0 compute buffer size =   228.06 MiB
sched_reserve:      CUDA1 compute buffer size =   573.07 MiB
sched_reserve:  CUDA_Host compute buffer size =   136.08 MiB
sched_reserve: graph nodes  = 3729
sched_reserve: graph splits = 3
sched_reserve: reserve took 85.05 ms, sched copies = 4
Sampler    : logits -> ?penalties -> ?dry -> ?top-n-sigma -> top-k -> ?typical -> ?top-p -> ?min-p -> ?xtc -> temp-ext -> dist 
EOS token id: 248046
EOG tokens in vocab:
  token 248044 = '<|endoftext|>' [EOG - will NOT stop generation]
  token 248046 = '<|im_end|>' [PRIMARY EOS - will stop generation]
  token 248063 = '<|fim_pad|>' [EOG - will NOT stop generation]
  token 248064 = '<|repo_name|>' [EOG - will NOT stop generation]
  token 248065 = '<|file_sep|>' [EOG - will NOT stop generation]
system_info: n_threads = 16 (n_threads_batch = 16) / 384 | CUDA : ARCHS = 500,610,700,750,800,860,890 | USE_GRAPHS = 1 | PEER_MAX_BATCH_SIZE = 128 | CPU : SSE3 = 1 | SSSE3 = 1 | AVX = 1 | AVX2 = 1 | F16C = 1 | FMA = 1 | BMI2 = 1 | AVX512 = 1 | AVX512_VBMI = 1 | AVX512_VNNI = 1 | AVX512_BF16 = 1 | LLAMAFILE = 1 | OPENMP = 1 | REPACK = 1 | 

Loaded 60 prompts

[1/60] D01_history_01 : <|im_start|>user
How do historians reconstruct the causes and course o...
  tokens: 49 prompt + 1024 gen | tensors: 41000 seen, 41000 captured, 40 unique | 9293 ms
  saved 0 layer + 40 router tensors → /workspace/consciousness-experiment/experiments/qwen-huahua-philosophy-experts-bias/captures/20260409T194005Z_philosophy_core_cluster_no_think_m3/D01_history_01
[2/60] D01_history_02 : <|im_start|>user
Why did Ivan IV matter in Russian history, and what w...
  tokens: 43 prompt + 1024 gen | tensors: 41000 seen, 41000 captured, 40 unique | 9013 ms
  saved 0 layer + 40 router tensors → /workspace/consciousness-experiment/experiments/qwen-huahua-philosophy-experts-bias/captures/20260409T194005Z_philosophy_core_cluster_no_think_m3/D01_history_02
[3/60] D01_history_03 : <|im_start|>user
Compare the historical impact of the September 11 att...
  tokens: 48 prompt + 1024 gen | tensors: 41000 seen, 41000 captured, 40 unique | 9277 ms
  saved 0 layer + 40 router tensors → /workspace/consciousness-experiment/experiments/qwen-huahua-philosophy-experts-bias/captures/20260409T194005Z_philosophy_core_cluster_no_think_m3/D01_history_03
[4/60] D02_archaeology_01 : <|im_start|>user
How do archaeologists reconstruct the daily life of a...
  tokens: 45 prompt + 1024 gen | tensors: 41000 seen, 41000 captured, 40 unique | 9234 ms
  saved 0 layer + 40 router tensors → /workspace/consciousness-experiment/experiments/qwen-huahua-philosophy-experts-bias/captures/20260409T194005Z_philosophy_core_cluster_no_think_m3/D02_archaeology_01
[5/60] D02_archaeology_02 : <|im_start|>user
Why did the Rosetta Stone matter so much for archaeol...
  tokens: 43 prompt + 1024 gen | tensors: 41000 seen, 41000 captured, 40 unique | 9310 ms
  saved 0 layer + 40 router tensors → /workspace/consciousness-experiment/experiments/qwen-huahua-philosophy-experts-bias/captures/20260409T194005Z_philosophy_core_cluster_no_think_m3/D02_archaeology_02
[6/60] D02_archaeology_03 : <|im_start|>user
Compare radiocarbon dating with stratigraphy as tools...
  tokens: 38 prompt + 1024 gen | tensors: 41000 seen, 41000 captured, 40 unique | 9242 ms
  saved 0 layer + 40 router tensors → /workspace/consciousness-experiment/experiments/qwen-huahua-philosophy-experts-bias/captures/20260409T194005Z_philosophy_core_cluster_no_think_m3/D02_archaeology_03
[7/60] D03_mathematics_01 : <|im_start|>user
How does calculus work as a mathematical framework fo...
  tokens: 41 prompt + 1024 gen | tensors: 41000 seen, 41000 captured, 40 unique | 9319 ms
  saved 0 layer + 40 router tensors → /workspace/consciousness-experiment/experiments/qwen-huahua-philosophy-experts-bias/captures/20260409T194005Z_philosophy_core_cluster_no_think_m3/D03_mathematics_01
[8/60] D03_mathematics_02 : <|im_start|>user
Why did Carl Friedrich Gauss matter to number theory,...
  tokens: 40 prompt + 1024 gen | tensors: 41000 seen, 41000 captured, 40 unique | 9250 ms
  saved 0 layer + 40 router tensors → /workspace/consciousness-experiment/experiments/qwen-huahua-philosophy-experts-bias/captures/20260409T194005Z_philosophy_core_cluster_no_think_m3/D03_mathematics_02
[9/60] D03_mathematics_03 : <|im_start|>user
Compare linear algebra with calculus in terms of thei...
  tokens: 40 prompt + 1024 gen | tensors: 41000 seen, 41000 captured, 40 unique | 9273 ms
  saved 0 layer + 40 router tensors → /workspace/consciousness-experiment/experiments/qwen-huahua-philosophy-experts-bias/captures/20260409T194005Z_philosophy_core_cluster_no_think_m3/D03_mathematics_03
[10/60] D04_statistics_01 : <|im_start|>user
How does hypothesis testing work, including null mode...
  tokens: 41 prompt + 1024 gen | tensors: 41000 seen, 41000 captured, 40 unique | 9232 ms
  saved 0 layer + 40 router tensors → /workspace/consciousness-experiment/experiments/qwen-huahua-philosophy-experts-bias/captures/20260409T194005Z_philosophy_core_cluster_no_think_m3/D04_statistics_01
[11/60] D04_statistics_02 : <|im_start|>user
Why did Bayes' theorem matter so much for the develop...
  tokens: 40 prompt + 1024 gen | tensors: 41000 seen, 41000 captured, 40 unique | 9273 ms
  saved 0 layer + 40 router tensors → /workspace/consciousness-experiment/experiments/qwen-huahua-philosophy-experts-bias/captures/20260409T194005Z_philosophy_core_cluster_no_think_m3/D04_statistics_02
[12/60] D04_statistics_03 : <|im_start|>user
Compare frequentist inference with Bayesian inference...
  tokens: 39 prompt + 1024 gen | tensors: 41000 seen, 41000 captured, 40 unique | 9258 ms
  saved 0 layer + 40 router tensors → /workspace/consciousness-experiment/experiments/qwen-huahua-philosophy-experts-bias/captures/20260409T194005Z_philosophy_core_cluster_no_think_m3/D04_statistics_03
[13/60] D05_physics_01 : <|im_start|>user
How does thermodynamics work as a framework for energ...
  tokens: 41 prompt + 1024 gen | tensors: 41000 seen, 41000 captured, 40 unique | 9276 ms
  saved 0 layer + 40 router tensors → /workspace/consciousness-experiment/experiments/qwen-huahua-philosophy-experts-bias/captures/20260409T194005Z_philosophy_core_cluster_no_think_m3/D05_physics_01
[14/60] D05_physics_02 : <|im_start|>user
Why did Albert Einstein matter so much to relativity,...
  tokens: 42 prompt + 1024 gen | tensors: 41000 seen, 41000 captured, 40 unique | 9299 ms
  saved 0 layer + 40 router tensors → /workspace/consciousness-experiment/experiments/qwen-huahua-philosophy-experts-bias/captures/20260409T194005Z_philosophy_core_cluster_no_think_m3/D05_physics_02
[15/60] D05_physics_03 : <|im_start|>user
Compare the Standard Model with general relativity in...
  tokens: 42 prompt + 1024 gen | tensors: 41000 seen, 41000 captured, 40 unique | 9238 ms
  saved 0 layer + 40 router tensors → /workspace/consciousness-experiment/experiments/qwen-huahua-philosophy-experts-bias/captures/20260409T194005Z_philosophy_core_cluster_no_think_m3/D05_physics_03
[16/60] D06_chemistry_01 : <|im_start|>user
How does chemical bonding work across ionic, covalent...
  tokens: 41 prompt + 1024 gen | tensors: 41000 seen, 41000 captured, 40 unique | 9264 ms
  saved 0 layer + 40 router tensors → /workspace/consciousness-experiment/experiments/qwen-huahua-philosophy-experts-bias/captures/20260409T194005Z_philosophy_core_cluster_no_think_m3/D06_chemistry_01
[17/60] D06_chemistry_02 : <|im_start|>user
Why did Dmitri Mendeleev matter to chemistry and the ...
  tokens: 42 prompt + 1024 gen | tensors: 41000 seen, 41000 captured, 40 unique | 9319 ms
  saved 0 layer + 40 router tensors → /workspace/consciousness-experiment/experiments/qwen-huahua-philosophy-experts-bias/captures/20260409T194005Z_philosophy_core_cluster_no_think_m3/D06_chemistry_02
[18/60] D06_chemistry_03 : <|im_start|>user
Compare reaction kinetics with chemical equilibrium i...
  tokens: 37 prompt + 1024 gen | tensors: 41000 seen, 41000 captured, 40 unique | 9266 ms
  saved 0 layer + 40 router tensors → /workspace/consciousness-experiment/experiments/qwen-huahua-philosophy-experts-bias/captures/20260409T194005Z_philosophy_core_cluster_no_think_m3/D06_chemistry_03
[19/60] D07_biology_01 : <|im_start|>user
How does evolution by natural selection work, includi...
  tokens: 41 prompt + 1024 gen | tensors: 41000 seen, 41000 captured, 40 unique | 9259 ms
  saved 0 layer + 40 router tensors → /workspace/consciousness-experiment/experiments/qwen-huahua-philosophy-experts-bias/captures/20260409T194005Z_philosophy_core_cluster_no_think_m3/D07_biology_01
[20/60] D07_biology_02 : <|im_start|>user
Why did Charles Darwin matter so much to biological s...
  tokens: 35 prompt + 1024 gen | tensors: 41000 seen, 41000 captured, 40 unique | 9314 ms
  saved 0 layer + 40 router tensors → /workspace/consciousness-experiment/experiments/qwen-huahua-philosophy-experts-bias/captures/20260409T194005Z_philosophy_core_cluster_no_think_m3/D07_biology_02
[21/60] D07_biology_03 : <|im_start|>user
Compare classical genetics with molecular biology in ...
  tokens: 37 prompt + 1024 gen | tensors: 41000 seen, 41000 captured, 40 unique | 9280 ms
  saved 0 layer + 40 router tensors → /workspace/consciousness-experiment/experiments/qwen-huahua-philosophy-experts-bias/captures/20260409T194005Z_philosophy_core_cluster_no_think_m3/D07_biology_03
[22/60] D08_medicine_01 : <|im_start|>user
How does sepsis develop and why is it medically dange...
  tokens: 37 prompt + 979 gen | tensors: 39200 seen, 39200 captured, 40 unique | 8867 ms
  saved 0 layer + 40 router tensors → /workspace/consciousness-experiment/experiments/qwen-huahua-philosophy-experts-bias/captures/20260409T194005Z_philosophy_core_cluster_no_think_m3/D08_medicine_01
[23/60] D08_medicine_02 : <|im_start|>user
Why did Ignaz Semmelweis matter to medicine and infec...
  tokens: 38 prompt + 1024 gen | tensors: 41000 seen, 41000 captured, 40 unique | 9226 ms
  saved 0 layer + 40 router tensors → /workspace/consciousness-experiment/experiments/qwen-huahua-philosophy-experts-bias/captures/20260409T194005Z_philosophy_core_cluster_no_think_m3/D08_medicine_02
[24/60] D08_medicine_03 : <|im_start|>user
Compare antibiotics with vaccines in how they prevent...
  tokens: 36 prompt + 995 gen | tensors: 39840 seen, 39840 captured, 40 unique | 8976 ms
  saved 0 layer + 40 router tensors → /workspace/consciousness-experiment/experiments/qwen-huahua-philosophy-experts-bias/captures/20260409T194005Z_philosophy_core_cluster_no_think_m3/D08_medicine_03
[25/60] D09_neuroscience_01 : <|im_start|>user
How does synaptic transmission work, including neurot...
  tokens: 40 prompt + 1024 gen | tensors: 41000 seen, 41000 captured, 40 unique | 9201 ms
  saved 0 layer + 40 router tensors → /workspace/consciousness-experiment/experiments/qwen-huahua-philosophy-experts-bias/captures/20260409T194005Z_philosophy_core_cluster_no_think_m3/D09_neuroscience_01
[26/60] D09_neuroscience_02 : <|im_start|>user
Why did Santiago Ramon y Cajal matter to neuroscience...
  tokens: 36 prompt + 1024 gen | tensors: 41000 seen, 41000 captured, 40 unique | 9246 ms
  saved 0 layer + 40 router tensors → /workspace/consciousness-experiment/experiments/qwen-huahua-philosophy-experts-bias/captures/20260409T194005Z_philosophy_core_cluster_no_think_m3/D09_neuroscience_02
[27/60] D09_neuroscience_03 : <|im_start|>user
Compare brain imaging with electrophysiology in the k...
  tokens: 43 prompt + 1024 gen | tensors: 41000 seen, 41000 captured, 40 unique | 9245 ms
  saved 0 layer + 40 router tensors → /workspace/consciousness-experiment/experiments/qwen-huahua-philosophy-experts-bias/captures/20260409T194005Z_philosophy_core_cluster_no_think_m3/D09_neuroscience_03
[28/60] D10_computer_science_01 : <|im_start|>user
How do algorithms and computational complexity work a...
  tokens: 38 prompt + 1024 gen | tensors: 41000 seen, 41000 captured, 40 unique | 9235 ms
  saved 0 layer + 40 router tensors → /workspace/consciousness-experiment/experiments/qwen-huahua-philosophy-experts-bias/captures/20260409T194005Z_philosophy_core_cluster_no_think_m3/D10_computer_science_01
[29/60] D10_computer_science_02 : <|im_start|>user
Why did Alan Turing matter to computer science, compu...
  tokens: 39 prompt + 788 gen | tensors: 31560 seen, 31560 captured, 40 unique | 7091 ms
  saved 0 layer + 40 router tensors → /workspace/consciousness-experiment/experiments/qwen-huahua-philosophy-experts-bias/captures/20260409T194005Z_philosophy_core_cluster_no_think_m3/D10_computer_science_02
[30/60] D10_computer_science_03 : <|im_start|>user
Compare data structures with algorithms in the role e...
  tokens: 38 prompt + 1024 gen | tensors: 41000 seen, 41000 captured, 40 unique | 9301 ms
  saved 0 layer + 40 router tensors → /workspace/consciousness-experiment/experiments/qwen-huahua-philosophy-experts-bias/captures/20260409T194005Z_philosophy_core_cluster_no_think_m3/D10_computer_science_03
[31/60] D11_software_engineering_01 : <|im_start|>user
How does a software engineering process move from req...
  tokens: 43 prompt + 1024 gen | tensors: 41000 seen, 41000 captured, 40 unique | 9310 ms
  saved 0 layer + 40 router tensors → /workspace/consciousness-experiment/experiments/qwen-huahua-philosophy-experts-bias/captures/20260409T194005Z_philosophy_core_cluster_no_think_m3/D11_software_engineering_01
[32/60] D11_software_engineering_02 : <|im_start|>user
Why did the Agile Manifesto matter to software develo...
  tokens: 36 prompt + 1024 gen | tensors: 41000 seen, 41000 captured, 40 unique | 9343 ms
  saved 0 layer + 40 router tensors → /workspace/consciousness-experiment/experiments/qwen-huahua-philosophy-experts-bias/captures/20260409T194005Z_philosophy_core_cluster_no_think_m3/D11_software_engineering_02
[33/60] D11_software_engineering_03 : <|im_start|>user
Compare version control with continuous integration i...
  tokens: 38 prompt + 1024 gen | tensors: 41000 seen, 41000 captured, 40 unique | 9346 ms
  saved 0 layer + 40 router tensors → /workspace/consciousness-experiment/experiments/qwen-huahua-philosophy-experts-bias/captures/20260409T194005Z_philosophy_core_cluster_no_think_m3/D11_software_engineering_03
[34/60] D12_cybersecurity_01 : <|im_start|>user
How does public key cryptography work, including key ...
  tokens: 40 prompt + 1024 gen | tensors: 41000 seen, 41000 captured, 40 unique | 9262 ms
  saved 0 layer + 40 router tensors → /workspace/consciousness-experiment/experiments/qwen-huahua-philosophy-experts-bias/captures/20260409T194005Z_philosophy_core_cluster_no_think_m3/D12_cybersecurity_01
[35/60] D12_cybersecurity_02 : <|im_start|>user
Why did the Morris worm matter in the history of cybe...
  tokens: 36 prompt + 885 gen | tensors: 35440 seen, 35440 captured, 40 unique | 7970 ms
  saved 0 layer + 40 router tensors → /workspace/consciousness-experiment/experiments/qwen-huahua-philosophy-experts-bias/captures/20260409T194005Z_philosophy_core_cluster_no_think_m3/D12_cybersecurity_02
[36/60] D12_cybersecurity_03 : <|im_start|>user
Compare authentication with access control in practic...
  tokens: 34 prompt + 1024 gen | tensors: 41000 seen, 41000 captured, 40 unique | 9237 ms
  saved 0 layer + 40 router tensors → /workspace/consciousness-experiment/experiments/qwen-huahua-philosophy-experts-bias/captures/20260409T194005Z_philosophy_core_cluster_no_think_m3/D12_cybersecurity_03
[37/60] D13_economics_01 : <|im_start|>user
How does inflation work, including monetary policy, e...
  tokens: 39 prompt + 1024 gen | tensors: 41000 seen, 41000 captured, 40 unique | 9287 ms
  saved 0 layer + 40 router tensors → /workspace/consciousness-experiment/experiments/qwen-huahua-philosophy-experts-bias/captures/20260409T194005Z_philosophy_core_cluster_no_think_m3/D13_economics_01
[38/60] D13_economics_02 : <|im_start|>user
Why did John Maynard Keynes matter to economics and m...
  tokens: 38 prompt + 1024 gen | tensors: 41000 seen, 41000 captured, 40 unique | 9274 ms
  saved 0 layer + 40 router tensors → /workspace/consciousness-experiment/experiments/qwen-huahua-philosophy-experts-bias/captures/20260409T194005Z_philosophy_core_cluster_no_think_m3/D13_economics_02
[39/60] D13_economics_03 : <|im_start|>user
Compare the 2008 financial crisis with the Great Depr...
  tokens: 44 prompt + 1024 gen | tensors: 41000 seen, 41000 captured, 40 unique | 9260 ms
  saved 0 layer + 40 router tensors → /workspace/consciousness-experiment/experiments/qwen-huahua-philosophy-experts-bias/captures/20260409T194005Z_philosophy_core_cluster_no_think_m3/D13_economics_03
[40/60] D14_law_01 : <|im_start|>user
How does constitutional law work in organizing powers...
  tokens: 39 prompt + 1024 gen | tensors: 41000 seen, 41000 captured, 40 unique | 9275 ms
  saved 0 layer + 40 router tensors → /workspace/consciousness-experiment/experiments/qwen-huahua-philosophy-experts-bias/captures/20260409T194005Z_philosophy_core_cluster_no_think_m3/D14_law_01
[41/60] D14_law_02 : <|im_start|>user
Why did Marbury v. Madison matter in legal history?<|...
  tokens: 36 prompt + 656 gen | tensors: 26280 seen, 26280 captured, 40 unique | 5935 ms
  saved 0 layer + 40 router tensors → /workspace/consciousness-experiment/experiments/qwen-huahua-philosophy-experts-bias/captures/20260409T194005Z_philosophy_core_cluster_no_think_m3/D14_law_02
[42/60] D14_law_03 : <|im_start|>user
Compare precedent with statutory interpretation in mo...
  tokens: 34 prompt + 1024 gen | tensors: 41000 seen, 41000 captured, 40 unique | 9272 ms
  saved 0 layer + 40 router tensors → /workspace/consciousness-experiment/experiments/qwen-huahua-philosophy-experts-bias/captures/20260409T194005Z_philosophy_core_cluster_no_think_m3/D14_law_03
[43/60] D15_political_science_01 : <|im_start|>user
How do democratic institutions work, including electi...
  tokens: 40 prompt + 1024 gen | tensors: 41000 seen, 41000 captured, 40 unique | 9294 ms
  saved 0 layer + 40 router tensors → /workspace/consciousness-experiment/experiments/qwen-huahua-philosophy-experts-bias/captures/20260409T194005Z_philosophy_core_cluster_no_think_m3/D15_political_science_01
[44/60] D15_political_science_02 : <|im_start|>user
Why did Niccolo Machiavelli matter to political thoug...
  tokens: 40 prompt + 1024 gen | tensors: 41000 seen, 41000 captured, 40 unique | 9319 ms
  saved 0 layer + 40 router tensors → /workspace/consciousness-experiment/experiments/qwen-huahua-philosophy-experts-bias/captures/20260409T194005Z_philosophy_core_cluster_no_think_m3/D15_political_science_02
[45/60] D15_political_science_03 : <|im_start|>user
Compare nationalism with liberalism as organizing ide...
  tokens: 36 prompt + 1024 gen | tensors: 41000 seen, 41000 captured, 40 unique | 9294 ms
  saved 0 layer + 40 router tensors → /workspace/consciousness-experiment/experiments/qwen-huahua-philosophy-experts-bias/captures/20260409T194005Z_philosophy_core_cluster_no_think_m3/D15_political_science_03
[46/60] D16_philosophy_01 : <|im_start|>user
How does epistemology work as a field concerned with ...
  tokens: 42 prompt + 1024 gen | tensors: 41000 seen, 41000 captured, 40 unique | 9230 ms
  saved 0 layer + 40 router tensors → /workspace/consciousness-experiment/experiments/qwen-huahua-philosophy-experts-bias/captures/20260409T194005Z_philosophy_core_cluster_no_think_m3/D16_philosophy_01
[47/60] D16_philosophy_02 : <|im_start|>user
Why did Immanuel Kant matter to metaphysics, ethics, ...
  tokens: 41 prompt + 1024 gen | tensors: 41000 seen, 41000 captured, 40 unique | 9229 ms
  saved 0 layer + 40 router tensors → /workspace/consciousness-experiment/experiments/qwen-huahua-philosophy-experts-bias/captures/20260409T194005Z_philosophy_core_cluster_no_think_m3/D16_philosophy_02
[48/60] D16_philosophy_03 : <|im_start|>user
Compare philosophy of mind with metaphysics in the ki...
  tokens: 39 prompt + 1024 gen | tensors: 41000 seen, 41000 captured, 40 unique | 9223 ms
  saved 0 layer + 40 router tensors → /workspace/consciousness-experiment/experiments/qwen-huahua-philosophy-experts-bias/captures/20260409T194005Z_philosophy_core_cluster_no_think_m3/D16_philosophy_03
[49/60] D17_comparative_religion_01 : <|im_start|>user
How does comparative religion study ritual, doctrine,...
  tokens: 42 prompt + 1024 gen | tensors: 41000 seen, 41000 captured, 40 unique | 9199 ms
  saved 0 layer + 40 router tensors → /workspace/consciousness-experiment/experiments/qwen-huahua-philosophy-experts-bias/captures/20260409T194005Z_philosophy_core_cluster_no_think_m3/D17_comparative_religion_01
[50/60] D17_comparative_religion_02 : <|im_start|>user
Why did the Buddha matter historically, and how did B...
  tokens: 41 prompt + 1024 gen | tensors: 41000 seen, 41000 captured, 40 unique | 9253 ms
  saved 0 layer + 40 router tensors → /workspace/consciousness-experiment/experiments/qwen-huahua-philosophy-experts-bias/captures/20260409T194005Z_philosophy_core_cluster_no_think_m3/D17_comparative_religion_02
[51/60] D17_comparative_religion_03 : <|im_start|>user
Compare monotheistic traditions with non-theistic tra...
  tokens: 39 prompt + 1024 gen | tensors: 41000 seen, 41000 captured, 40 unique | 9229 ms
  saved 0 layer + 40 router tensors → /workspace/consciousness-experiment/experiments/qwen-huahua-philosophy-experts-bias/captures/20260409T194005Z_philosophy_core_cluster_no_think_m3/D17_comparative_religion_03
[52/60] D18_linguistics_01 : <|im_start|>user
How does syntax work, including phrase structure, dep...
  tokens: 38 prompt + 1024 gen | tensors: 41000 seen, 41000 captured, 40 unique | 9245 ms
  saved 0 layer + 40 router tensors → /workspace/consciousness-experiment/experiments/qwen-huahua-philosophy-experts-bias/captures/20260409T194005Z_philosophy_core_cluster_no_think_m3/D18_linguistics_01
[53/60] D18_linguistics_02 : <|im_start|>user
Why did Ferdinand de Saussure matter to linguistics a...
  tokens: 39 prompt + 1024 gen | tensors: 41000 seen, 41000 captured, 40 unique | 9223 ms
  saved 0 layer + 40 router tensors → /workspace/consciousness-experiment/experiments/qwen-huahua-philosophy-experts-bias/captures/20260409T194005Z_philosophy_core_cluster_no_think_m3/D18_linguistics_02
[54/60] D18_linguistics_03 : <|im_start|>user
Compare phonology with syntax in the kinds of linguis...
  tokens: 38 prompt + 1024 gen | tensors: 41000 seen, 41000 captured, 40 unique | 9222 ms
  saved 0 layer + 40 router tensors → /workspace/consciousness-experiment/experiments/qwen-huahua-philosophy-experts-bias/captures/20260409T194005Z_philosophy_core_cluster_no_think_m3/D18_linguistics_03
[55/60] D19_psychology_01 : <|im_start|>user
How does memory work, including encoding, storage, re...
  tokens: 39 prompt + 1024 gen | tensors: 41000 seen, 41000 captured, 40 unique | 9219 ms
  saved 0 layer + 40 router tensors → /workspace/consciousness-experiment/experiments/qwen-huahua-philosophy-experts-bias/captures/20260409T194005Z_philosophy_core_cluster_no_think_m3/D19_psychology_01
[56/60] D19_psychology_02 : <|im_start|>user
Why did William James matter to psychology?<|im_end|>...
  tokens: 32 prompt + 1024 gen | tensors: 41000 seen, 41000 captured, 40 unique | 9226 ms
  saved 0 layer + 40 router tensors → /workspace/consciousness-experiment/experiments/qwen-huahua-philosophy-experts-bias/captures/20260409T194005Z_philosophy_core_cluster_no_think_m3/D19_psychology_02
[57/60] D19_psychology_03 : <|im_start|>user
Compare cognition with emotion in how psychology expl...
  tokens: 34 prompt + 1024 gen | tensors: 41000 seen, 41000 captured, 40 unique | 9234 ms
  saved 0 layer + 40 router tensors → /workspace/consciousness-experiment/experiments/qwen-huahua-philosophy-experts-bias/captures/20260409T194005Z_philosophy_core_cluster_no_think_m3/D19_psychology_03
[58/60] D20_environmental_science_01 : <|im_start|>user
How do climate systems work, including feedback loops...
  tokens: 42 prompt + 1024 gen | tensors: 41000 seen, 41000 captured, 40 unique | 9210 ms
  saved 0 layer + 40 router tensors → /workspace/consciousness-experiment/experiments/qwen-huahua-philosophy-experts-bias/captures/20260409T194005Z_philosophy_core_cluster_no_think_m3/D20_environmental_science_01
[59/60] D20_environmental_science_02 : <|im_start|>user
Why did Rachel Carson matter to environmental science...
  tokens: 36 prompt + 1024 gen | tensors: 41000 seen, 41000 captured, 40 unique | 9280 ms
  saved 0 layer + 40 router tensors → /workspace/consciousness-experiment/experiments/qwen-huahua-philosophy-experts-bias/captures/20260409T194005Z_philosophy_core_cluster_no_think_m3/D20_environmental_science_02
[60/60] D20_environmental_science_03 : <|im_start|>user
Compare ecology with environmental chemistry in how e...
  tokens: 37 prompt + 1024 gen | tensors: 41000 seen, 41000 captured, 40 unique | 9211 ms
  saved 0 layer + 40 router tensors → /workspace/consciousness-experiment/experiments/qwen-huahua-philosophy-experts-bias/captures/20260409T194005Z_philosophy_core_cluster_no_think_m3/D20_environmental_science_03

=== Capture Complete ===
Prompts: 60  |  Output: /workspace/consciousness-experiment/experiments/qwen-huahua-philosophy-experts-bias/captures/20260409T194005Z_philosophy_core_cluster_no_think_m3
llama_perf_context_print:        load time =    7105.48 ms
llama_perf_context_print: prompt eval time =    4010.89 ms /  2416 tokens (    1.66 ms per token,   602.36 tokens per second)
llama_perf_context_print:        eval time =  532659.45 ms / 60568 runs   (    8.79 ms per token,   113.71 tokens per second)
llama_perf_context_print:       total time =  556434.02 ms / 62984 tokens
llama_perf_context_print:    graphs reused =          0
=== Running 20260409T194923Z_philosophy_core_cluster_no_think_m2 ===
Command: /workspace/consciousness-experiment/experiments/qwen-huahua-philosophy-experts-bias/non_npy_remote_artifacts/logs/20260409T194923Z_philosophy_core_cluster_no_think_m2_command.sh
ggml_cuda_init: found 2 CUDA devices (Total VRAM: 64218 MiB):
  Device 0: NVIDIA GeForce RTX 5090, compute capability 12.0, VMM: yes, VRAM: 32109 MiB
  Device 1: NVIDIA GeForce RTX 5090, compute capability 12.0, VMM: yes, VRAM: 32109 MiB
build: 8493 (1772701f) with GNU 11.4.0 for Linux x86_64
=== Consciousness Metrics — Activation Capture ===
Output dir : /workspace/consciousness-experiment/experiments/qwen-huahua-philosophy-experts-bias/captures/20260409T194923Z_philosophy_core_cluster_no_think_m2
n_predict  : 1024
Text output: file only (--no-stream)
Mode       : --routing-only (router/gate tensors only)
Expert bias: 114:-2.0,87:-2.0,170:-2.0,68:-2.0
common_init_result: fitting params to device memory, for bugs during this step try to reproduce them with -fit off, or provide --verbose logs if the bug only occurs with -fit on
llama_params_fit_impl: projected memory use with initial parameters [MiB]:
llama_params_fit_impl:   - CUDA0 (NVIDIA GeForce RTX 5090):  32109 total,  18278 used,  13287 free vs. target of   1024
llama_params_fit_impl:   - CUDA1 (NVIDIA GeForce RTX 5090):  32109 total,  17439 used,  14130 free vs. target of   1024
llama_params_fit_impl: projected to use 35717 MiB of device memory vs. 63135 MiB of free device memory
llama_params_fit_impl: targets for free memory can be met on all devices, no changes needed
llama_params_fit: successfully fit params to free device memory
llama_params_fit: fitting params to free memory took 0.67 seconds
llama_model_load_from_file_impl: using device CUDA0 (NVIDIA GeForce RTX 5090) (0000:81:00.0) - 31599 MiB free
llama_model_load_from_file_impl: using device CUDA1 (NVIDIA GeForce RTX 5090) (0000:a1:00.0) - 31599 MiB free
llama_model_loader: loaded meta data with 43 key-value pairs and 733 tensors from /workspace/models/qwen35-hauhau-q8/Qwen3.5-35B-A3B-Uncensored-HauhauCS-Aggressive-Q8_0.gguf (version GGUF V3 (latest))
llama_model_loader: Dumping metadata keys/values. Note: KV overrides do not apply in this output.
llama_model_loader: - kv   0:                       general.architecture str              = qwen35moe
llama_model_loader: - kv   1:                               general.type str              = model
llama_model_loader: - kv   2:                     general.sampling.top_k i32              = 20
llama_model_loader: - kv   3:                     general.sampling.top_p f32              = 0.950000
llama_model_loader: - kv   4:                      general.sampling.temp f32              = 1.000000
llama_model_loader: - kv   5:                               general.name str              = Qwen3.5-35B-A3B-Uncensored-HauhauCS-A...
llama_model_loader: - kv   6:                           general.finetune str              = 5RefKL0.042
llama_model_loader: - kv   7:                      qwen35moe.block_count u32              = 40
llama_model_loader: - kv   8:                   qwen35moe.context_length u32              = 262144
llama_model_loader: - kv   9:                 qwen35moe.embedding_length u32              = 2048
llama_model_loader: - kv  10:             qwen35moe.attention.head_count u32              = 16
llama_model_loader: - kv  11:          qwen35moe.attention.head_count_kv u32              = 2
llama_model_loader: - kv  12:          qwen35moe.rope.dimension_sections arr[i32,4]       = [11, 11, 10, 0]
llama_model_loader: - kv  13:                   qwen35moe.rope.freq_base f32              = 10000000.000000
llama_model_loader: - kv  14: qwen35moe.attention.layer_norm_rms_epsilon f32              = 0.000001
llama_model_loader: - kv  15:                     qwen35moe.expert_count u32              = 256
llama_model_loader: - kv  16:                qwen35moe.expert_used_count u32              = 8
llama_model_loader: - kv  17:             qwen35moe.attention.key_length u32              = 256
llama_model_loader: - kv  18:           qwen35moe.attention.value_length u32              = 256
llama_model_loader: - kv  19:       qwen35moe.expert_feed_forward_length u32              = 512
llama_model_loader: - kv  20: qwen35moe.expert_shared_feed_forward_length u32              = 512
llama_model_loader: - kv  21:                  qwen35moe.ssm.conv_kernel u32              = 4
llama_model_loader: - kv  22:                   qwen35moe.ssm.state_size u32              = 128
llama_model_loader: - kv  23:                  qwen35moe.ssm.group_count u32              = 16
llama_model_loader: - kv  24:               qwen35moe.ssm.time_step_rank u32              = 32
llama_model_loader: - kv  25:                   qwen35moe.ssm.inner_size u32              = 4096
llama_model_loader: - kv  26:          qwen35moe.full_attention_interval u32              = 4
llama_model_loader: - kv  27:             qwen35moe.rope.dimension_count u32              = 64
llama_model_loader: - kv  28:                       tokenizer.ggml.model str              = gpt2
llama_model_loader: - kv  29:                         tokenizer.ggml.pre str              = qwen35
llama_model_loader: - kv  30:                      tokenizer.ggml.tokens arr[str,248320]  = ["!", "\"", "#", "$", "%", "&", "'", ...
llama_model_loader: - kv  31:                  tokenizer.ggml.token_type arr[i32,248320]  = [1, 1, 1, 1, 1, 1, 1, 1, 1, 1, 1, 1, ...
llama_model_loader: - kv  32:                      tokenizer.ggml.merges arr[str,247587]  = ["Ġ Ġ", "ĠĠ ĠĠ", "i n", "Ġ t",...
llama_model_loader: - kv  33:                tokenizer.ggml.eos_token_id u32              = 248046
llama_model_loader: - kv  34:            tokenizer.ggml.padding_token_id u32              = 248044
llama_model_loader: - kv  35:                    tokenizer.chat_template str              = {%- set image_count = namespace(value...
llama_model_loader: - kv  36:               general.quantization_version u32              = 2
llama_model_loader: - kv  37:                          general.file_type u32              = 7
llama_model_loader: - kv  38:                         general.size_label str              = 35B-A3B
llama_model_loader: - kv  39:                      quantize.imatrix.file str              = Qwen3.5-35B-A3B-Uncensored-HauhauCS-A...
llama_model_loader: - kv  40:                   quantize.imatrix.dataset str              = /home/hauhaucs/llama.cpp/groups_merge...
llama_model_loader: - kv  41:             quantize.imatrix.entries_count u32              = 510
llama_model_loader: - kv  42:              quantize.imatrix.chunks_count u32              = 93
llama_model_loader: - type  f32:  301 tensors
llama_model_loader: - type q8_0:  432 tensors
print_info: file format = GGUF V3 (latest)
print_info: file type   = Q8_0
print_info: file size   = 34.36 GiB (8.52 BPW) 
load: 0 unused tokens
load: printing all EOG tokens:
load:   - 248044 ('<|endoftext|>')
load:   - 248046 ('<|im_end|>')
load:   - 248063 ('<|fim_pad|>')
load:   - 248064 ('<|repo_name|>')
load:   - 248065 ('<|file_sep|>')
load: special tokens cache size = 33
load: token to piece cache size = 1.7581 MB
print_info: arch                  = qwen35moe
print_info: vocab_only            = 0
print_info: no_alloc              = 0
print_info: n_ctx_train           = 262144
print_info: n_embd                = 2048
print_info: n_embd_inp            = 2048
print_info: n_layer               = 40
print_info: n_head                = 16
print_info: n_head_kv             = 2
print_info: n_rot                 = 64
print_info: n_swa                 = 0
print_info: is_swa_any            = 0
print_info: n_embd_head_k         = 256
print_info: n_embd_head_v         = 256
print_info: n_gqa                 = 8
print_info: n_embd_k_gqa          = 512
print_info: n_embd_v_gqa          = 512
print_info: f_norm_eps            = 0.0e+00
print_info: f_norm_rms_eps        = 1.0e-06
print_info: f_clamp_kqv           = 0.0e+00
print_info: f_max_alibi_bias      = 0.0e+00
print_info: f_logit_scale         = 0.0e+00
print_info: f_attn_scale          = 0.0e+00
print_info: n_ff                  = 0
print_info: n_expert              = 256
print_info: n_expert_used         = 8
print_info: n_expert_groups       = 0
print_info: n_group_used          = 0
print_info: causal attn           = 1
print_info: pooling type          = 0
print_info: rope type             = 40
print_info: rope scaling          = linear
print_info: freq_base_train       = 10000000.0
print_info: freq_scale_train      = 1
print_info: n_ctx_orig_yarn       = 262144
print_info: rope_yarn_log_mul     = 0.0000
print_info: rope_finetuned        = unknown
print_info: mrope sections        = [11, 11, 10, 0]
print_info: ssm_d_conv            = 4
print_info: ssm_d_inner           = 4096
print_info: ssm_d_state           = 128
print_info: ssm_dt_rank           = 32
print_info: ssm_n_group           = 16
print_info: ssm_dt_b_c_rms        = 0
print_info: model type            = 35B.A3B
print_info: model params          = 34.66 B
print_info: general.name          = Qwen3.5-35B-A3B-Uncensored-HauhauCS-Aggressive
print_info: vocab type            = BPE
print_info: n_vocab               = 248320
print_info: n_merges              = 247587
print_info: BOS token             = 11 ','
print_info: EOS token             = 248046 '<|im_end|>'
print_info: EOT token             = 248046 '<|im_end|>'
print_info: PAD token             = 248044 '<|endoftext|>'
print_info: LF token              = 198 'Ċ'
print_info: FIM PRE token         = 248060 '<|fim_prefix|>'
print_info: FIM SUF token         = 248062 '<|fim_suffix|>'
print_info: FIM MID token         = 248061 '<|fim_middle|>'
print_info: FIM PAD token         = 248063 '<|fim_pad|>'
print_info: FIM REP token         = 248064 '<|repo_name|>'
print_info: FIM SEP token         = 248065 '<|file_sep|>'
print_info: EOG token             = 248044 '<|endoftext|>'
print_info: EOG token             = 248046 '<|im_end|>'
print_info: EOG token             = 248063 '<|fim_pad|>'
print_info: EOG token             = 248064 '<|repo_name|>'
print_info: EOG token             = 248065 '<|file_sep|>'
print_info: max token length      = 256
load_tensors: loading model tensors, this can take a while... (mmap = true, direct_io = false)
load_tensors: offloading output layer to GPU
load_tensors: offloading 39 repeating layers to GPU
load_tensors: offloaded 41/41 layers to GPU
load_tensors:   CPU_Mapped model buffer size =   515.31 MiB
load_tensors:        CUDA0 model buffer size = 17931.70 MiB
load_tensors:        CUDA1 model buffer size = 16736.08 MiB
....................................................................................................
common_init_result: added <|endoftext|> logit bias = -inf
common_init_result: added <|im_end|> logit bias = -inf
common_init_result: added <|fim_pad|> logit bias = -inf
common_init_result: added <|repo_name|> logit bias = -inf
common_init_result: added <|file_sep|> logit bias = -inf
llama_context: constructing llama_context
llama_context: n_seq_max     = 1
llama_context: n_ctx         = 16384
llama_context: n_ctx_seq     = 16384
llama_context: n_batch       = 2048
llama_context: n_ubatch      = 512
llama_context: causal_attn   = 1
llama_context: flash_attn    = enabled
llama_context: kv_unified    = false
llama_context: freq_base     = 10000000.0
llama_context: freq_scale    = 1
llama_context: n_ctx_seq (16384) < n_ctx_train (262144) -- the full capacity of the model will not be utilized
llama_context:  CUDA_Host  output buffer size =     0.95 MiB
llama_kv_cache:      CUDA0 KV buffer size =    85.00 MiB
llama_kv_cache:      CUDA1 KV buffer size =    85.00 MiB
llama_kv_cache: size =  170.00 MiB ( 16384 cells,  10 layers,  1/1 seqs), K (q8_0):   85.00 MiB, V (q8_0):   85.00 MiB
llama_memory_recurrent:      CUDA0 RS buffer size =    33.50 MiB
llama_memory_recurrent:      CUDA1 RS buffer size =    29.31 MiB
llama_memory_recurrent: size =   62.81 MiB (     1 cells,  40 layers,  1 seqs), R (f32):    2.81 MiB, S (f32):   60.00 MiB
llama_context: pipeline parallelism enabled
llama_context: graph reuse is currently not compatible with pipeline parallelism - disabling
sched_reserve: reserving ...
sched_reserve: resolving fused Gated Delta Net support:
sched_reserve: fused Gated Delta Net (autoregressive) enabled
sched_reserve: fused Gated Delta Net (chunked) enabled
sched_reserve:      CUDA0 compute buffer size =   228.06 MiB
sched_reserve:      CUDA1 compute buffer size =   573.07 MiB
sched_reserve:  CUDA_Host compute buffer size =   136.08 MiB
sched_reserve: graph nodes  = 3729
sched_reserve: graph splits = 3
sched_reserve: reserve took 85.19 ms, sched copies = 4
Sampler    : logits -> ?penalties -> ?dry -> ?top-n-sigma -> top-k -> ?typical -> ?top-p -> ?min-p -> ?xtc -> temp-ext -> dist 
EOS token id: 248046
EOG tokens in vocab:
  token 248044 = '<|endoftext|>' [EOG - will NOT stop generation]
  token 248046 = '<|im_end|>' [PRIMARY EOS - will stop generation]
  token 248063 = '<|fim_pad|>' [EOG - will NOT stop generation]
  token 248064 = '<|repo_name|>' [EOG - will NOT stop generation]
  token 248065 = '<|file_sep|>' [EOG - will NOT stop generation]
system_info: n_threads = 16 (n_threads_batch = 16) / 384 | CUDA : ARCHS = 500,610,700,750,800,860,890 | USE_GRAPHS = 1 | PEER_MAX_BATCH_SIZE = 128 | CPU : SSE3 = 1 | SSSE3 = 1 | AVX = 1 | AVX2 = 1 | F16C = 1 | FMA = 1 | BMI2 = 1 | AVX512 = 1 | AVX512_VBMI = 1 | AVX512_VNNI = 1 | AVX512_BF16 = 1 | LLAMAFILE = 1 | OPENMP = 1 | REPACK = 1 | 

Loaded 60 prompts

[1/60] D01_history_01 : <|im_start|>user
How do historians reconstruct the causes and course o...
  tokens: 49 prompt + 1024 gen | tensors: 41000 seen, 41000 captured, 40 unique | 9302 ms
  saved 0 layer + 40 router tensors → /workspace/consciousness-experiment/experiments/qwen-huahua-philosophy-experts-bias/captures/20260409T194923Z_philosophy_core_cluster_no_think_m2/D01_history_01
[2/60] D01_history_02 : <|im_start|>user
Why did Ivan IV matter in Russian history, and what w...
  tokens: 43 prompt + 1024 gen | tensors: 41000 seen, 41000 captured, 40 unique | 9060 ms
  saved 0 layer + 40 router tensors → /workspace/consciousness-experiment/experiments/qwen-huahua-philosophy-experts-bias/captures/20260409T194923Z_philosophy_core_cluster_no_think_m2/D01_history_02
[3/60] D01_history_03 : <|im_start|>user
Compare the historical impact of the September 11 att...
  tokens: 48 prompt + 1024 gen | tensors: 41000 seen, 41000 captured, 40 unique | 9296 ms
  saved 0 layer + 40 router tensors → /workspace/consciousness-experiment/experiments/qwen-huahua-philosophy-experts-bias/captures/20260409T194923Z_philosophy_core_cluster_no_think_m2/D01_history_03
[4/60] D02_archaeology_01 : <|im_start|>user
How do archaeologists reconstruct the daily life of a...
  tokens: 45 prompt + 1024 gen | tensors: 41000 seen, 41000 captured, 40 unique | 9339 ms
  saved 0 layer + 40 router tensors → /workspace/consciousness-experiment/experiments/qwen-huahua-philosophy-experts-bias/captures/20260409T194923Z_philosophy_core_cluster_no_think_m2/D02_archaeology_01
[5/60] D02_archaeology_02 : <|im_start|>user
Why did the Rosetta Stone matter so much for archaeol...
  tokens: 43 prompt + 1024 gen | tensors: 41000 seen, 41000 captured, 40 unique | 9353 ms
  saved 0 layer + 40 router tensors → /workspace/consciousness-experiment/experiments/qwen-huahua-philosophy-experts-bias/captures/20260409T194923Z_philosophy_core_cluster_no_think_m2/D02_archaeology_02
[6/60] D02_archaeology_03 : <|im_start|>user
Compare radiocarbon dating with stratigraphy as tools...
  tokens: 38 prompt + 1024 gen | tensors: 41000 seen, 41000 captured, 40 unique | 9340 ms
  saved 0 layer + 40 router tensors → /workspace/consciousness-experiment/experiments/qwen-huahua-philosophy-experts-bias/captures/20260409T194923Z_philosophy_core_cluster_no_think_m2/D02_archaeology_03
[7/60] D03_mathematics_01 : <|im_start|>user
How does calculus work as a mathematical framework fo...
  tokens: 41 prompt + 1024 gen | tensors: 41000 seen, 41000 captured, 40 unique | 9328 ms
  saved 0 layer + 40 router tensors → /workspace/consciousness-experiment/experiments/qwen-huahua-philosophy-experts-bias/captures/20260409T194923Z_philosophy_core_cluster_no_think_m2/D03_mathematics_01
[8/60] D03_mathematics_02 : <|im_start|>user
Why did Carl Friedrich Gauss matter to number theory,...
  tokens: 40 prompt + 1024 gen | tensors: 41000 seen, 41000 captured, 40 unique | 9298 ms
  saved 0 layer + 40 router tensors → /workspace/consciousness-experiment/experiments/qwen-huahua-philosophy-experts-bias/captures/20260409T194923Z_philosophy_core_cluster_no_think_m2/D03_mathematics_02
[9/60] D03_mathematics_03 : <|im_start|>user
Compare linear algebra with calculus in terms of thei...
  tokens: 40 prompt + 1024 gen | tensors: 41000 seen, 41000 captured, 40 unique | 9353 ms
  saved 0 layer + 40 router tensors → /workspace/consciousness-experiment/experiments/qwen-huahua-philosophy-experts-bias/captures/20260409T194923Z_philosophy_core_cluster_no_think_m2/D03_mathematics_03
[10/60] D04_statistics_01 : <|im_start|>user
How does hypothesis testing work, including null mode...
  tokens: 41 prompt + 1024 gen | tensors: 41000 seen, 41000 captured, 40 unique | 9296 ms
  saved 0 layer + 40 router tensors → /workspace/consciousness-experiment/experiments/qwen-huahua-philosophy-experts-bias/captures/20260409T194923Z_philosophy_core_cluster_no_think_m2/D04_statistics_01
[11/60] D04_statistics_02 : <|im_start|>user
Why did Bayes' theorem matter so much for the develop...
  tokens: 40 prompt + 1024 gen | tensors: 41000 seen, 41000 captured, 40 unique | 9345 ms
  saved 0 layer + 40 router tensors → /workspace/consciousness-experiment/experiments/qwen-huahua-philosophy-experts-bias/captures/20260409T194923Z_philosophy_core_cluster_no_think_m2/D04_statistics_02
[12/60] D04_statistics_03 : <|im_start|>user
Compare frequentist inference with Bayesian inference...
  tokens: 39 prompt + 1024 gen | tensors: 41000 seen, 41000 captured, 40 unique | 9294 ms
  saved 0 layer + 40 router tensors → /workspace/consciousness-experiment/experiments/qwen-huahua-philosophy-experts-bias/captures/20260409T194923Z_philosophy_core_cluster_no_think_m2/D04_statistics_03
[13/60] D05_physics_01 : <|im_start|>user
How does thermodynamics work as a framework for energ...
  tokens: 41 prompt + 1024 gen | tensors: 41000 seen, 41000 captured, 40 unique | 9351 ms
  saved 0 layer + 40 router tensors → /workspace/consciousness-experiment/experiments/qwen-huahua-philosophy-experts-bias/captures/20260409T194923Z_philosophy_core_cluster_no_think_m2/D05_physics_01
[14/60] D05_physics_02 : <|im_start|>user
Why did Albert Einstein matter so much to relativity,...
  tokens: 42 prompt + 1024 gen | tensors: 41000 seen, 41000 captured, 40 unique | 9343 ms
  saved 0 layer + 40 router tensors → /workspace/consciousness-experiment/experiments/qwen-huahua-philosophy-experts-bias/captures/20260409T194923Z_philosophy_core_cluster_no_think_m2/D05_physics_02
[15/60] D05_physics_03 : <|im_start|>user
Compare the Standard Model with general relativity in...
  tokens: 42 prompt + 1024 gen | tensors: 41000 seen, 41000 captured, 40 unique | 9295 ms
  saved 0 layer + 40 router tensors → /workspace/consciousness-experiment/experiments/qwen-huahua-philosophy-experts-bias/captures/20260409T194923Z_philosophy_core_cluster_no_think_m2/D05_physics_03
[16/60] D06_chemistry_01 : <|im_start|>user
How does chemical bonding work across ionic, covalent...
  tokens: 41 prompt + 1024 gen | tensors: 41000 seen, 41000 captured, 40 unique | 9410 ms
  saved 0 layer + 40 router tensors → /workspace/consciousness-experiment/experiments/qwen-huahua-philosophy-experts-bias/captures/20260409T194923Z_philosophy_core_cluster_no_think_m2/D06_chemistry_01
[17/60] D06_chemistry_02 : <|im_start|>user
Why did Dmitri Mendeleev matter to chemistry and the ...
  tokens: 42 prompt + 1024 gen | tensors: 41000 seen, 41000 captured, 40 unique | 9351 ms
  saved 0 layer + 40 router tensors → /workspace/consciousness-experiment/experiments/qwen-huahua-philosophy-experts-bias/captures/20260409T194923Z_philosophy_core_cluster_no_think_m2/D06_chemistry_02
[18/60] D06_chemistry_03 : <|im_start|>user
Compare reaction kinetics with chemical equilibrium i...
  tokens: 37 prompt + 1024 gen | tensors: 41000 seen, 41000 captured, 40 unique | 9377 ms
  saved 0 layer + 40 router tensors → /workspace/consciousness-experiment/experiments/qwen-huahua-philosophy-experts-bias/captures/20260409T194923Z_philosophy_core_cluster_no_think_m2/D06_chemistry_03
[19/60] D07_biology_01 : <|im_start|>user
How does evolution by natural selection work, includi...
  tokens: 41 prompt + 842 gen | tensors: 33720 seen, 33720 captured, 40 unique | 7636 ms
  saved 0 layer + 40 router tensors → /workspace/consciousness-experiment/experiments/qwen-huahua-philosophy-experts-bias/captures/20260409T194923Z_philosophy_core_cluster_no_think_m2/D07_biology_01
[20/60] D07_biology_02 : <|im_start|>user
Why did Charles Darwin matter so much to biological s...
  tokens: 35 prompt + 773 gen | tensors: 30960 seen, 30960 captured, 40 unique | 7062 ms
  saved 0 layer + 40 router tensors → /workspace/consciousness-experiment/experiments/qwen-huahua-philosophy-experts-bias/captures/20260409T194923Z_philosophy_core_cluster_no_think_m2/D07_biology_02
[21/60] D07_biology_03 : <|im_start|>user
Compare classical genetics with molecular biology in ...
  tokens: 37 prompt + 1024 gen | tensors: 41000 seen, 41000 captured, 40 unique | 9339 ms
  saved 0 layer + 40 router tensors → /workspace/consciousness-experiment/experiments/qwen-huahua-philosophy-experts-bias/captures/20260409T194923Z_philosophy_core_cluster_no_think_m2/D07_biology_03
[22/60] D08_medicine_01 : <|im_start|>user
How does sepsis develop and why is it medically dange...
  tokens: 37 prompt + 1024 gen | tensors: 41000 seen, 41000 captured, 40 unique | 9321 ms
  saved 0 layer + 40 router tensors → /workspace/consciousness-experiment/experiments/qwen-huahua-philosophy-experts-bias/captures/20260409T194923Z_philosophy_core_cluster_no_think_m2/D08_medicine_01
[23/60] D08_medicine_02 : <|im_start|>user
Why did Ignaz Semmelweis matter to medicine and infec...
  tokens: 38 prompt + 1024 gen | tensors: 41000 seen, 41000 captured, 40 unique | 9271 ms
  saved 0 layer + 40 router tensors → /workspace/consciousness-experiment/experiments/qwen-huahua-philosophy-experts-bias/captures/20260409T194923Z_philosophy_core_cluster_no_think_m2/D08_medicine_02
[24/60] D08_medicine_03 : <|im_start|>user
Compare antibiotics with vaccines in how they prevent...
  tokens: 36 prompt + 957 gen | tensors: 38320 seen, 38320 captured, 40 unique | 8764 ms
  saved 0 layer + 40 router tensors → /workspace/consciousness-experiment/experiments/qwen-huahua-philosophy-experts-bias/captures/20260409T194923Z_philosophy_core_cluster_no_think_m2/D08_medicine_03
[25/60] D09_neuroscience_01 : <|im_start|>user
How does synaptic transmission work, including neurot...
  tokens: 40 prompt + 1024 gen | tensors: 41000 seen, 41000 captured, 40 unique | 9309 ms
  saved 0 layer + 40 router tensors → /workspace/consciousness-experiment/experiments/qwen-huahua-philosophy-experts-bias/captures/20260409T194923Z_philosophy_core_cluster_no_think_m2/D09_neuroscience_01
[26/60] D09_neuroscience_02 : <|im_start|>user
Why did Santiago Ramon y Cajal matter to neuroscience...
  tokens: 36 prompt + 1024 gen | tensors: 41000 seen, 41000 captured, 40 unique | 9324 ms
  saved 0 layer + 40 router tensors → /workspace/consciousness-experiment/experiments/qwen-huahua-philosophy-experts-bias/captures/20260409T194923Z_philosophy_core_cluster_no_think_m2/D09_neuroscience_02
[27/60] D09_neuroscience_03 : <|im_start|>user
Compare brain imaging with electrophysiology in the k...
  tokens: 43 prompt + 1024 gen | tensors: 41000 seen, 41000 captured, 40 unique | 9451 ms
  saved 0 layer + 40 router tensors → /workspace/consciousness-experiment/experiments/qwen-huahua-philosophy-experts-bias/captures/20260409T194923Z_philosophy_core_cluster_no_think_m2/D09_neuroscience_03
[28/60] D10_computer_science_01 : <|im_start|>user
How do algorithms and computational complexity work a...
  tokens: 38 prompt + 1024 gen | tensors: 41000 seen, 41000 captured, 40 unique | 9467 ms
  saved 0 layer + 40 router tensors → /workspace/consciousness-experiment/experiments/qwen-huahua-philosophy-experts-bias/captures/20260409T194923Z_philosophy_core_cluster_no_think_m2/D10_computer_science_01
[29/60] D10_computer_science_02 : <|im_start|>user
Why did Alan Turing matter to computer science, compu...
  tokens: 39 prompt + 1024 gen | tensors: 41000 seen, 41000 captured, 40 unique | 9389 ms
  saved 0 layer + 40 router tensors → /workspace/consciousness-experiment/experiments/qwen-huahua-philosophy-experts-bias/captures/20260409T194923Z_philosophy_core_cluster_no_think_m2/D10_computer_science_02
[30/60] D10_computer_science_03 : <|im_start|>user
Compare data structures with algorithms in the role e...
  tokens: 38 prompt + 1024 gen | tensors: 41000 seen, 41000 captured, 40 unique | 9450 ms
  saved 0 layer + 40 router tensors → /workspace/consciousness-experiment/experiments/qwen-huahua-philosophy-experts-bias/captures/20260409T194923Z_philosophy_core_cluster_no_think_m2/D10_computer_science_03
[31/60] D11_software_engineering_01 : <|im_start|>user
How does a software engineering process move from req...
  tokens: 43 prompt + 1024 gen | tensors: 41000 seen, 41000 captured, 40 unique | 9387 ms
  saved 0 layer + 40 router tensors → /workspace/consciousness-experiment/experiments/qwen-huahua-philosophy-experts-bias/captures/20260409T194923Z_philosophy_core_cluster_no_think_m2/D11_software_engineering_01
[32/60] D11_software_engineering_02 : <|im_start|>user
Why did the Agile Manifesto matter to software develo...
  tokens: 36 prompt + 1024 gen | tensors: 41000 seen, 41000 captured, 40 unique | 9462 ms
  saved 0 layer + 40 router tensors → /workspace/consciousness-experiment/experiments/qwen-huahua-philosophy-experts-bias/captures/20260409T194923Z_philosophy_core_cluster_no_think_m2/D11_software_engineering_02
[33/60] D11_software_engineering_03 : <|im_start|>user
Compare version control with continuous integration i...
  tokens: 38 prompt + 1024 gen | tensors: 41000 seen, 41000 captured, 40 unique | 9437 ms
  saved 0 layer + 40 router tensors → /workspace/consciousness-experiment/experiments/qwen-huahua-philosophy-experts-bias/captures/20260409T194923Z_philosophy_core_cluster_no_think_m2/D11_software_engineering_03
[34/60] D12_cybersecurity_01 : <|im_start|>user
How does public key cryptography work, including key ...
  tokens: 40 prompt + 1024 gen | tensors: 41000 seen, 41000 captured, 40 unique | 9360 ms
  saved 0 layer + 40 router tensors → /workspace/consciousness-experiment/experiments/qwen-huahua-philosophy-experts-bias/captures/20260409T194923Z_philosophy_core_cluster_no_think_m2/D12_cybersecurity_01
[35/60] D12_cybersecurity_02 : <|im_start|>user
Why did the Morris worm matter in the history of cybe...
  tokens: 36 prompt + 1024 gen | tensors: 41000 seen, 41000 captured, 40 unique | 9413 ms
  saved 0 layer + 40 router tensors → /workspace/consciousness-experiment/experiments/qwen-huahua-philosophy-experts-bias/captures/20260409T194923Z_philosophy_core_cluster_no_think_m2/D12_cybersecurity_02
[36/60] D12_cybersecurity_03 : <|im_start|>user
Compare authentication with access control in practic...
  tokens: 34 prompt + 1024 gen | tensors: 41000 seen, 41000 captured, 40 unique | 9379 ms
  saved 0 layer + 40 router tensors → /workspace/consciousness-experiment/experiments/qwen-huahua-philosophy-experts-bias/captures/20260409T194923Z_philosophy_core_cluster_no_think_m2/D12_cybersecurity_03
[37/60] D13_economics_01 : <|im_start|>user
How does inflation work, including monetary policy, e...
  tokens: 39 prompt + 1024 gen | tensors: 41000 seen, 41000 captured, 40 unique | 9444 ms
  saved 0 layer + 40 router tensors → /workspace/consciousness-experiment/experiments/qwen-huahua-philosophy-experts-bias/captures/20260409T194923Z_philosophy_core_cluster_no_think_m2/D13_economics_01
[38/60] D13_economics_02 : <|im_start|>user
Why did John Maynard Keynes matter to economics and m...
  tokens: 38 prompt + 1024 gen | tensors: 41000 seen, 41000 captured, 40 unique | 9362 ms
  saved 0 layer + 40 router tensors → /workspace/consciousness-experiment/experiments/qwen-huahua-philosophy-experts-bias/captures/20260409T194923Z_philosophy_core_cluster_no_think_m2/D13_economics_02
[39/60] D13_economics_03 : <|im_start|>user
Compare the 2008 financial crisis with the Great Depr...
  tokens: 44 prompt + 1024 gen | tensors: 41000 seen, 41000 captured, 40 unique | 9415 ms
  saved 0 layer + 40 router tensors → /workspace/consciousness-experiment/experiments/qwen-huahua-philosophy-experts-bias/captures/20260409T194923Z_philosophy_core_cluster_no_think_m2/D13_economics_03
[40/60] D14_law_01 : <|im_start|>user
How does constitutional law work in organizing powers...
  tokens: 39 prompt + 1024 gen | tensors: 41000 seen, 41000 captured, 40 unique | 9358 ms
  saved 0 layer + 40 router tensors → /workspace/consciousness-experiment/experiments/qwen-huahua-philosophy-experts-bias/captures/20260409T194923Z_philosophy_core_cluster_no_think_m2/D14_law_01
[41/60] D14_law_02 : <|im_start|>user
Why did Marbury v. Madison matter in legal history?<|...
  tokens: 36 prompt + 1024 gen | tensors: 41000 seen, 41000 captured, 40 unique | 9375 ms
  saved 0 layer + 40 router tensors → /workspace/consciousness-experiment/experiments/qwen-huahua-philosophy-experts-bias/captures/20260409T194923Z_philosophy_core_cluster_no_think_m2/D14_law_02
[42/60] D14_law_03 : <|im_start|>user
Compare precedent with statutory interpretation in mo...
  tokens: 34 prompt + 1024 gen | tensors: 41000 seen, 41000 captured, 40 unique | 9344 ms
  saved 0 layer + 40 router tensors → /workspace/consciousness-experiment/experiments/qwen-huahua-philosophy-experts-bias/captures/20260409T194923Z_philosophy_core_cluster_no_think_m2/D14_law_03
[43/60] D15_political_science_01 : <|im_start|>user
How do democratic institutions work, including electi...
  tokens: 40 prompt + 1024 gen | tensors: 41000 seen, 41000 captured, 40 unique | 9320 ms
  saved 0 layer + 40 router tensors → /workspace/consciousness-experiment/experiments/qwen-huahua-philosophy-experts-bias/captures/20260409T194923Z_philosophy_core_cluster_no_think_m2/D15_political_science_01
[44/60] D15_political_science_02 : <|im_start|>user
Why did Niccolo Machiavelli matter to political thoug...
  tokens: 40 prompt + 1024 gen | tensors: 41000 seen, 41000 captured, 40 unique | 9350 ms
  saved 0 layer + 40 router tensors → /workspace/consciousness-experiment/experiments/qwen-huahua-philosophy-experts-bias/captures/20260409T194923Z_philosophy_core_cluster_no_think_m2/D15_political_science_02
[45/60] D15_political_science_03 : <|im_start|>user
Compare nationalism with liberalism as organizing ide...
  tokens: 36 prompt + 1024 gen | tensors: 41000 seen, 41000 captured, 40 unique | 9303 ms
  saved 0 layer + 40 router tensors → /workspace/consciousness-experiment/experiments/qwen-huahua-philosophy-experts-bias/captures/20260409T194923Z_philosophy_core_cluster_no_think_m2/D15_political_science_03
[46/60] D16_philosophy_01 : <|im_start|>user
How does epistemology work as a field concerned with ...
  tokens: 42 prompt + 1024 gen | tensors: 41000 seen, 41000 captured, 40 unique | 9313 ms
  saved 0 layer + 40 router tensors → /workspace/consciousness-experiment/experiments/qwen-huahua-philosophy-experts-bias/captures/20260409T194923Z_philosophy_core_cluster_no_think_m2/D16_philosophy_01
[47/60] D16_philosophy_02 : <|im_start|>user
Why did Immanuel Kant matter to metaphysics, ethics, ...
  tokens: 41 prompt + 1024 gen | tensors: 41000 seen, 41000 captured, 40 unique | 9334 ms
  saved 0 layer + 40 router tensors → /workspace/consciousness-experiment/experiments/qwen-huahua-philosophy-experts-bias/captures/20260409T194923Z_philosophy_core_cluster_no_think_m2/D16_philosophy_02
[48/60] D16_philosophy_03 : <|im_start|>user
Compare philosophy of mind with metaphysics in the ki...
  tokens: 39 prompt + 1024 gen | tensors: 41000 seen, 41000 captured, 40 unique | 9311 ms
  saved 0 layer + 40 router tensors → /workspace/consciousness-experiment/experiments/qwen-huahua-philosophy-experts-bias/captures/20260409T194923Z_philosophy_core_cluster_no_think_m2/D16_philosophy_03
[49/60] D17_comparative_religion_01 : <|im_start|>user
How does comparative religion study ritual, doctrine,...
  tokens: 42 prompt + 1024 gen | tensors: 41000 seen, 41000 captured, 40 unique | 9349 ms
  saved 0 layer + 40 router tensors → /workspace/consciousness-experiment/experiments/qwen-huahua-philosophy-experts-bias/captures/20260409T194923Z_philosophy_core_cluster_no_think_m2/D17_comparative_religion_01
[50/60] D17_comparative_religion_02 : <|im_start|>user
Why did the Buddha matter historically, and how did B...
  tokens: 41 prompt + 1024 gen | tensors: 41000 seen, 41000 captured, 40 unique | 9324 ms
  saved 0 layer + 40 router tensors → /workspace/consciousness-experiment/experiments/qwen-huahua-philosophy-experts-bias/captures/20260409T194923Z_philosophy_core_cluster_no_think_m2/D17_comparative_religion_02
[51/60] D17_comparative_religion_03 : <|im_start|>user
Compare monotheistic traditions with non-theistic tra...
  tokens: 39 prompt + 1024 gen | tensors: 41000 seen, 41000 captured, 40 unique | 9353 ms
  saved 0 layer + 40 router tensors → /workspace/consciousness-experiment/experiments/qwen-huahua-philosophy-experts-bias/captures/20260409T194923Z_philosophy_core_cluster_no_think_m2/D17_comparative_religion_03
[52/60] D18_linguistics_01 : <|im_start|>user
How does syntax work, including phrase structure, dep...
  tokens: 38 prompt + 1024 gen | tensors: 41000 seen, 41000 captured, 40 unique | 9292 ms
  saved 0 layer + 40 router tensors → /workspace/consciousness-experiment/experiments/qwen-huahua-philosophy-experts-bias/captures/20260409T194923Z_philosophy_core_cluster_no_think_m2/D18_linguistics_01
[53/60] D18_linguistics_02 : <|im_start|>user
Why did Ferdinand de Saussure matter to linguistics a...
  tokens: 39 prompt + 1024 gen | tensors: 41000 seen, 41000 captured, 40 unique | 9290 ms
  saved 0 layer + 40 router tensors → /workspace/consciousness-experiment/experiments/qwen-huahua-philosophy-experts-bias/captures/20260409T194923Z_philosophy_core_cluster_no_think_m2/D18_linguistics_02
[54/60] D18_linguistics_03 : <|im_start|>user
Compare phonology with syntax in the kinds of linguis...
  tokens: 38 prompt + 1024 gen | tensors: 41000 seen, 41000 captured, 40 unique | 9272 ms
  saved 0 layer + 40 router tensors → /workspace/consciousness-experiment/experiments/qwen-huahua-philosophy-experts-bias/captures/20260409T194923Z_philosophy_core_cluster_no_think_m2/D18_linguistics_03
[55/60] D19_psychology_01 : <|im_start|>user
How does memory work, including encoding, storage, re...
  tokens: 39 prompt + 1024 gen | tensors: 41000 seen, 41000 captured, 40 unique | 9298 ms
  saved 0 layer + 40 router tensors → /workspace/consciousness-experiment/experiments/qwen-huahua-philosophy-experts-bias/captures/20260409T194923Z_philosophy_core_cluster_no_think_m2/D19_psychology_01
[56/60] D19_psychology_02 : <|im_start|>user
Why did William James matter to psychology?<|im_end|>...
  tokens: 32 prompt + 1024 gen | tensors: 41000 seen, 41000 captured, 40 unique | 9346 ms
  saved 0 layer + 40 router tensors → /workspace/consciousness-experiment/experiments/qwen-huahua-philosophy-experts-bias/captures/20260409T194923Z_philosophy_core_cluster_no_think_m2/D19_psychology_02
[57/60] D19_psychology_03 : <|im_start|>user
Compare cognition with emotion in how psychology expl...
  tokens: 34 prompt + 1024 gen | tensors: 41000 seen, 41000 captured, 40 unique | 9302 ms
  saved 0 layer + 40 router tensors → /workspace/consciousness-experiment/experiments/qwen-huahua-philosophy-experts-bias/captures/20260409T194923Z_philosophy_core_cluster_no_think_m2/D19_psychology_03
[58/60] D20_environmental_science_01 : <|im_start|>user
How do climate systems work, including feedback loops...
  tokens: 42 prompt + 1024 gen | tensors: 41000 seen, 41000 captured, 40 unique | 9362 ms
  saved 0 layer + 40 router tensors → /workspace/consciousness-experiment/experiments/qwen-huahua-philosophy-experts-bias/captures/20260409T194923Z_philosophy_core_cluster_no_think_m2/D20_environmental_science_01
[59/60] D20_environmental_science_02 : <|im_start|>user
Why did Rachel Carson matter to environmental science...
  tokens: 36 prompt + 1024 gen | tensors: 41000 seen, 41000 captured, 40 unique | 9295 ms
  saved 0 layer + 40 router tensors → /workspace/consciousness-experiment/experiments/qwen-huahua-philosophy-experts-bias/captures/20260409T194923Z_philosophy_core_cluster_no_think_m2/D20_environmental_science_02
[60/60] D20_environmental_science_03 : <|im_start|>user
Compare ecology with environmental chemistry in how e...
  tokens: 37 prompt + 1024 gen | tensors: 41000 seen, 41000 captured, 40 unique | 9351 ms
  saved 0 layer + 40 router tensors → /workspace/consciousness-experiment/experiments/qwen-huahua-philosophy-experts-bias/captures/20260409T194923Z_philosophy_core_cluster_no_think_m2/D20_environmental_science_03

=== Capture Complete ===
Prompts: 60  |  Output: /workspace/consciousness-experiment/experiments/qwen-huahua-philosophy-experts-bias/captures/20260409T194923Z_philosophy_core_cluster_no_think_m2
llama_perf_context_print:        load time =    7543.81 ms
llama_perf_context_print: prompt eval time =    4221.69 ms /  2418 tokens (    1.75 ms per token,   572.76 tokens per second)
llama_perf_context_print:        eval time =  540527.74 ms / 60883 runs   (    8.88 ms per token,   112.64 tokens per second)
llama_perf_context_print:       total time =  565031.46 ms / 63301 tokens
llama_perf_context_print:    graphs reused =          0
=== Running 20260409T195849Z_philosophy_core_cluster_no_think_baseline ===
Command: /workspace/consciousness-experiment/experiments/qwen-huahua-philosophy-experts-bias/non_npy_remote_artifacts/logs/20260409T195849Z_philosophy_core_cluster_no_think_baseline_command.sh
ggml_cuda_init: found 2 CUDA devices (Total VRAM: 64218 MiB):
  Device 0: NVIDIA GeForce RTX 5090, compute capability 12.0, VMM: yes, VRAM: 32109 MiB
  Device 1: NVIDIA GeForce RTX 5090, compute capability 12.0, VMM: yes, VRAM: 32109 MiB
build: 8493 (1772701f) with GNU 11.4.0 for Linux x86_64
=== Consciousness Metrics — Activation Capture ===
Output dir : /workspace/consciousness-experiment/experiments/qwen-huahua-philosophy-experts-bias/captures/20260409T195849Z_philosophy_core_cluster_no_think_baseline
n_predict  : 1024
Text output: file only (--no-stream)
Mode       : --routing-only (router/gate tensors only)
common_init_result: fitting params to device memory, for bugs during this step try to reproduce them with -fit off, or provide --verbose logs if the bug only occurs with -fit on
llama_params_fit_impl: projected memory use with initial parameters [MiB]:
llama_params_fit_impl:   - CUDA0 (NVIDIA GeForce RTX 5090):  32109 total,  18278 used,  13287 free vs. target of   1024
llama_params_fit_impl:   - CUDA1 (NVIDIA GeForce RTX 5090):  32109 total,  17439 used,  14130 free vs. target of   1024
llama_params_fit_impl: projected to use 35717 MiB of device memory vs. 63135 MiB of free device memory
llama_params_fit_impl: targets for free memory can be met on all devices, no changes needed
llama_params_fit: successfully fit params to free device memory
llama_params_fit: fitting params to free memory took 0.65 seconds
llama_model_load_from_file_impl: using device CUDA0 (NVIDIA GeForce RTX 5090) (0000:81:00.0) - 31599 MiB free
llama_model_load_from_file_impl: using device CUDA1 (NVIDIA GeForce RTX 5090) (0000:a1:00.0) - 31599 MiB free
llama_model_loader: loaded meta data with 43 key-value pairs and 733 tensors from /workspace/models/qwen35-hauhau-q8/Qwen3.5-35B-A3B-Uncensored-HauhauCS-Aggressive-Q8_0.gguf (version GGUF V3 (latest))
llama_model_loader: Dumping metadata keys/values. Note: KV overrides do not apply in this output.
llama_model_loader: - kv   0:                       general.architecture str              = qwen35moe
llama_model_loader: - kv   1:                               general.type str              = model
llama_model_loader: - kv   2:                     general.sampling.top_k i32              = 20
llama_model_loader: - kv   3:                     general.sampling.top_p f32              = 0.950000
llama_model_loader: - kv   4:                      general.sampling.temp f32              = 1.000000
llama_model_loader: - kv   5:                               general.name str              = Qwen3.5-35B-A3B-Uncensored-HauhauCS-A...
llama_model_loader: - kv   6:                           general.finetune str              = 5RefKL0.042
llama_model_loader: - kv   7:                      qwen35moe.block_count u32              = 40
llama_model_loader: - kv   8:                   qwen35moe.context_length u32              = 262144
llama_model_loader: - kv   9:                 qwen35moe.embedding_length u32              = 2048
llama_model_loader: - kv  10:             qwen35moe.attention.head_count u32              = 16
llama_model_loader: - kv  11:          qwen35moe.attention.head_count_kv u32              = 2
llama_model_loader: - kv  12:          qwen35moe.rope.dimension_sections arr[i32,4]       = [11, 11, 10, 0]
llama_model_loader: - kv  13:                   qwen35moe.rope.freq_base f32              = 10000000.000000
llama_model_loader: - kv  14: qwen35moe.attention.layer_norm_rms_epsilon f32              = 0.000001
llama_model_loader: - kv  15:                     qwen35moe.expert_count u32              = 256
llama_model_loader: - kv  16:                qwen35moe.expert_used_count u32              = 8
llama_model_loader: - kv  17:             qwen35moe.attention.key_length u32              = 256
llama_model_loader: - kv  18:           qwen35moe.attention.value_length u32              = 256
llama_model_loader: - kv  19:       qwen35moe.expert_feed_forward_length u32              = 512
llama_model_loader: - kv  20: qwen35moe.expert_shared_feed_forward_length u32              = 512
llama_model_loader: - kv  21:                  qwen35moe.ssm.conv_kernel u32              = 4
llama_model_loader: - kv  22:                   qwen35moe.ssm.state_size u32              = 128
llama_model_loader: - kv  23:                  qwen35moe.ssm.group_count u32              = 16
llama_model_loader: - kv  24:               qwen35moe.ssm.time_step_rank u32              = 32
llama_model_loader: - kv  25:                   qwen35moe.ssm.inner_size u32              = 4096
llama_model_loader: - kv  26:          qwen35moe.full_attention_interval u32              = 4
llama_model_loader: - kv  27:             qwen35moe.rope.dimension_count u32              = 64
llama_model_loader: - kv  28:                       tokenizer.ggml.model str              = gpt2
llama_model_loader: - kv  29:                         tokenizer.ggml.pre str              = qwen35
llama_model_loader: - kv  30:                      tokenizer.ggml.tokens arr[str,248320]  = ["!", "\"", "#", "$", "%", "&", "'", ...
llama_model_loader: - kv  31:                  tokenizer.ggml.token_type arr[i32,248320]  = [1, 1, 1, 1, 1, 1, 1, 1, 1, 1, 1, 1, ...
llama_model_loader: - kv  32:                      tokenizer.ggml.merges arr[str,247587]  = ["Ġ Ġ", "ĠĠ ĠĠ", "i n", "Ġ t",...
llama_model_loader: - kv  33:                tokenizer.ggml.eos_token_id u32              = 248046
llama_model_loader: - kv  34:            tokenizer.ggml.padding_token_id u32              = 248044
llama_model_loader: - kv  35:                    tokenizer.chat_template str              = {%- set image_count = namespace(value...
llama_model_loader: - kv  36:               general.quantization_version u32              = 2
llama_model_loader: - kv  37:                          general.file_type u32              = 7
llama_model_loader: - kv  38:                         general.size_label str              = 35B-A3B
llama_model_loader: - kv  39:                      quantize.imatrix.file str              = Qwen3.5-35B-A3B-Uncensored-HauhauCS-A...
llama_model_loader: - kv  40:                   quantize.imatrix.dataset str              = /home/hauhaucs/llama.cpp/groups_merge...
llama_model_loader: - kv  41:             quantize.imatrix.entries_count u32              = 510
llama_model_loader: - kv  42:              quantize.imatrix.chunks_count u32              = 93
llama_model_loader: - type  f32:  301 tensors
llama_model_loader: - type q8_0:  432 tensors
print_info: file format = GGUF V3 (latest)
print_info: file type   = Q8_0
print_info: file size   = 34.36 GiB (8.52 BPW) 
load: 0 unused tokens
load: printing all EOG tokens:
load:   - 248044 ('<|endoftext|>')
load:   - 248046 ('<|im_end|>')
load:   - 248063 ('<|fim_pad|>')
load:   - 248064 ('<|repo_name|>')
load:   - 248065 ('<|file_sep|>')
load: special tokens cache size = 33
load: token to piece cache size = 1.7581 MB
print_info: arch                  = qwen35moe
print_info: vocab_only            = 0
print_info: no_alloc              = 0
print_info: n_ctx_train           = 262144
print_info: n_embd                = 2048
print_info: n_embd_inp            = 2048
print_info: n_layer               = 40
print_info: n_head                = 16
print_info: n_head_kv             = 2
print_info: n_rot                 = 64
print_info: n_swa                 = 0
print_info: is_swa_any            = 0
print_info: n_embd_head_k         = 256
print_info: n_embd_head_v         = 256
print_info: n_gqa                 = 8
print_info: n_embd_k_gqa          = 512
print_info: n_embd_v_gqa          = 512
print_info: f_norm_eps            = 0.0e+00
print_info: f_norm_rms_eps        = 1.0e-06
print_info: f_clamp_kqv           = 0.0e+00
print_info: f_max_alibi_bias      = 0.0e+00
print_info: f_logit_scale         = 0.0e+00
print_info: f_attn_scale          = 0.0e+00
print_info: n_ff                  = 0
print_info: n_expert              = 256
print_info: n_expert_used         = 8
print_info: n_expert_groups       = 0
print_info: n_group_used          = 0
print_info: causal attn           = 1
print_info: pooling type          = 0
print_info: rope type             = 40
print_info: rope scaling          = linear
print_info: freq_base_train       = 10000000.0
print_info: freq_scale_train      = 1
print_info: n_ctx_orig_yarn       = 262144
print_info: rope_yarn_log_mul     = 0.0000
print_info: rope_finetuned        = unknown
print_info: mrope sections        = [11, 11, 10, 0]
print_info: ssm_d_conv            = 4
print_info: ssm_d_inner           = 4096
print_info: ssm_d_state           = 128
print_info: ssm_dt_rank           = 32
print_info: ssm_n_group           = 16
print_info: ssm_dt_b_c_rms        = 0
print_info: model type            = 35B.A3B
print_info: model params          = 34.66 B
print_info: general.name          = Qwen3.5-35B-A3B-Uncensored-HauhauCS-Aggressive
print_info: vocab type            = BPE
print_info: n_vocab               = 248320
print_info: n_merges              = 247587
print_info: BOS token             = 11 ','
print_info: EOS token             = 248046 '<|im_end|>'
print_info: EOT token             = 248046 '<|im_end|>'
print_info: PAD token             = 248044 '<|endoftext|>'
print_info: LF token              = 198 'Ċ'
print_info: FIM PRE token         = 248060 '<|fim_prefix|>'
print_info: FIM SUF token         = 248062 '<|fim_suffix|>'
print_info: FIM MID token         = 248061 '<|fim_middle|>'
print_info: FIM PAD token         = 248063 '<|fim_pad|>'
print_info: FIM REP token         = 248064 '<|repo_name|>'
print_info: FIM SEP token         = 248065 '<|file_sep|>'
print_info: EOG token             = 248044 '<|endoftext|>'
print_info: EOG token             = 248046 '<|im_end|>'
print_info: EOG token             = 248063 '<|fim_pad|>'
print_info: EOG token             = 248064 '<|repo_name|>'
print_info: EOG token             = 248065 '<|file_sep|>'
print_info: max token length      = 256
load_tensors: loading model tensors, this can take a while... (mmap = true, direct_io = false)
load_tensors: offloading output layer to GPU
load_tensors: offloading 39 repeating layers to GPU
load_tensors: offloaded 41/41 layers to GPU
load_tensors:   CPU_Mapped model buffer size =   515.31 MiB
load_tensors:        CUDA0 model buffer size = 17931.70 MiB
load_tensors:        CUDA1 model buffer size = 16736.08 MiB
....................................................................................................
common_init_result: added <|endoftext|> logit bias = -inf
common_init_result: added <|im_end|> logit bias = -inf
common_init_result: added <|fim_pad|> logit bias = -inf
common_init_result: added <|repo_name|> logit bias = -inf
common_init_result: added <|file_sep|> logit bias = -inf
llama_context: constructing llama_context
llama_context: n_seq_max     = 1
llama_context: n_ctx         = 16384
llama_context: n_ctx_seq     = 16384
llama_context: n_batch       = 2048
llama_context: n_ubatch      = 512
llama_context: causal_attn   = 1
llama_context: flash_attn    = enabled
llama_context: kv_unified    = false
llama_context: freq_base     = 10000000.0
llama_context: freq_scale    = 1
llama_context: n_ctx_seq (16384) < n_ctx_train (262144) -- the full capacity of the model will not be utilized
llama_context:  CUDA_Host  output buffer size =     0.95 MiB
llama_kv_cache:      CUDA0 KV buffer size =    85.00 MiB
llama_kv_cache:      CUDA1 KV buffer size =    85.00 MiB
llama_kv_cache: size =  170.00 MiB ( 16384 cells,  10 layers,  1/1 seqs), K (q8_0):   85.00 MiB, V (q8_0):   85.00 MiB
llama_memory_recurrent:      CUDA0 RS buffer size =    33.50 MiB
llama_memory_recurrent:      CUDA1 RS buffer size =    29.31 MiB
llama_memory_recurrent: size =   62.81 MiB (     1 cells,  40 layers,  1 seqs), R (f32):    2.81 MiB, S (f32):   60.00 MiB
llama_context: pipeline parallelism enabled
llama_context: graph reuse is currently not compatible with pipeline parallelism - disabling
sched_reserve: reserving ...
sched_reserve: resolving fused Gated Delta Net support:
sched_reserve: fused Gated Delta Net (autoregressive) enabled
sched_reserve: fused Gated Delta Net (chunked) enabled
sched_reserve:      CUDA0 compute buffer size =   228.06 MiB
sched_reserve:      CUDA1 compute buffer size =   573.07 MiB
sched_reserve:  CUDA_Host compute buffer size =   136.08 MiB
sched_reserve: graph nodes  = 3729
sched_reserve: graph splits = 3
sched_reserve: reserve took 84.23 ms, sched copies = 4
Sampler    : logits -> ?penalties -> ?dry -> ?top-n-sigma -> top-k -> ?typical -> ?top-p -> ?min-p -> ?xtc -> temp-ext -> dist 
EOS token id: 248046
EOG tokens in vocab:
  token 248044 = '<|endoftext|>' [EOG - will NOT stop generation]
  token 248046 = '<|im_end|>' [PRIMARY EOS - will stop generation]
  token 248063 = '<|fim_pad|>' [EOG - will NOT stop generation]
  token 248064 = '<|repo_name|>' [EOG - will NOT stop generation]
  token 248065 = '<|file_sep|>' [EOG - will NOT stop generation]
system_info: n_threads = 16 (n_threads_batch = 16) / 384 | CUDA : ARCHS = 500,610,700,750,800,860,890 | USE_GRAPHS = 1 | PEER_MAX_BATCH_SIZE = 128 | CPU : SSE3 = 1 | SSSE3 = 1 | AVX = 1 | AVX2 = 1 | F16C = 1 | FMA = 1 | BMI2 = 1 | AVX512 = 1 | AVX512_VBMI = 1 | AVX512_VNNI = 1 | AVX512_BF16 = 1 | LLAMAFILE = 1 | OPENMP = 1 | REPACK = 1 | 

Loaded 60 prompts

[1/60] D01_history_01 : <|im_start|>user
How do historians reconstruct the causes and course o...
  tokens: 49 prompt + 1024 gen | tensors: 41000 seen, 41000 captured, 40 unique | 9017 ms
  saved 0 layer + 40 router tensors → /workspace/consciousness-experiment/experiments/qwen-huahua-philosophy-experts-bias/captures/20260409T195849Z_philosophy_core_cluster_no_think_baseline/D01_history_01
[2/60] D01_history_02 : <|im_start|>user
Why did Ivan IV matter in Russian history, and what w...
  tokens: 43 prompt + 1024 gen | tensors: 41000 seen, 41000 captured, 40 unique | 8822 ms
  saved 0 layer + 40 router tensors → /workspace/consciousness-experiment/experiments/qwen-huahua-philosophy-experts-bias/captures/20260409T195849Z_philosophy_core_cluster_no_think_baseline/D01_history_02
[3/60] D01_history_03 : <|im_start|>user
Compare the historical impact of the September 11 att...
  tokens: 48 prompt + 1024 gen | tensors: 41000 seen, 41000 captured, 40 unique | 9049 ms
  saved 0 layer + 40 router tensors → /workspace/consciousness-experiment/experiments/qwen-huahua-philosophy-experts-bias/captures/20260409T195849Z_philosophy_core_cluster_no_think_baseline/D01_history_03
[4/60] D02_archaeology_01 : <|im_start|>user
How do archaeologists reconstruct the daily life of a...
  tokens: 45 prompt + 1024 gen | tensors: 41000 seen, 41000 captured, 40 unique | 9037 ms
  saved 0 layer + 40 router tensors → /workspace/consciousness-experiment/experiments/qwen-huahua-philosophy-experts-bias/captures/20260409T195849Z_philosophy_core_cluster_no_think_baseline/D02_archaeology_01
[5/60] D02_archaeology_02 : <|im_start|>user
Why did the Rosetta Stone matter so much for archaeol...
  tokens: 43 prompt + 1024 gen | tensors: 41000 seen, 41000 captured, 40 unique | 9038 ms
  saved 0 layer + 40 router tensors → /workspace/consciousness-experiment/experiments/qwen-huahua-philosophy-experts-bias/captures/20260409T195849Z_philosophy_core_cluster_no_think_baseline/D02_archaeology_02
[6/60] D02_archaeology_03 : <|im_start|>user
Compare radiocarbon dating with stratigraphy as tools...
  tokens: 38 prompt + 1024 gen | tensors: 41000 seen, 41000 captured, 40 unique | 9052 ms
  saved 0 layer + 40 router tensors → /workspace/consciousness-experiment/experiments/qwen-huahua-philosophy-experts-bias/captures/20260409T195849Z_philosophy_core_cluster_no_think_baseline/D02_archaeology_03
[7/60] D03_mathematics_01 : <|im_start|>user
How does calculus work as a mathematical framework fo...
  tokens: 41 prompt + 1024 gen | tensors: 41000 seen, 41000 captured, 40 unique | 9047 ms
  saved 0 layer + 40 router tensors → /workspace/consciousness-experiment/experiments/qwen-huahua-philosophy-experts-bias/captures/20260409T195849Z_philosophy_core_cluster_no_think_baseline/D03_mathematics_01
[8/60] D03_mathematics_02 : <|im_start|>user
Why did Carl Friedrich Gauss matter to number theory,...
  tokens: 40 prompt + 1024 gen | tensors: 41000 seen, 41000 captured, 40 unique | 9027 ms
  saved 0 layer + 40 router tensors → /workspace/consciousness-experiment/experiments/qwen-huahua-philosophy-experts-bias/captures/20260409T195849Z_philosophy_core_cluster_no_think_baseline/D03_mathematics_02
[9/60] D03_mathematics_03 : <|im_start|>user
Compare linear algebra with calculus in terms of thei...
  tokens: 40 prompt + 1024 gen | tensors: 41000 seen, 41000 captured, 40 unique | 9013 ms
  saved 0 layer + 40 router tensors → /workspace/consciousness-experiment/experiments/qwen-huahua-philosophy-experts-bias/captures/20260409T195849Z_philosophy_core_cluster_no_think_baseline/D03_mathematics_03
[10/60] D04_statistics_01 : <|im_start|>user
How does hypothesis testing work, including null mode...
  tokens: 41 prompt + 1024 gen | tensors: 41000 seen, 41000 captured, 40 unique | 9024 ms
  saved 0 layer + 40 router tensors → /workspace/consciousness-experiment/experiments/qwen-huahua-philosophy-experts-bias/captures/20260409T195849Z_philosophy_core_cluster_no_think_baseline/D04_statistics_01
[11/60] D04_statistics_02 : <|im_start|>user
Why did Bayes' theorem matter so much for the develop...
  tokens: 40 prompt + 1024 gen | tensors: 41000 seen, 41000 captured, 40 unique | 9002 ms
  saved 0 layer + 40 router tensors → /workspace/consciousness-experiment/experiments/qwen-huahua-philosophy-experts-bias/captures/20260409T195849Z_philosophy_core_cluster_no_think_baseline/D04_statistics_02
[12/60] D04_statistics_03 : <|im_start|>user
Compare frequentist inference with Bayesian inference...
  tokens: 39 prompt + 1024 gen | tensors: 41000 seen, 41000 captured, 40 unique | 9012 ms
  saved 0 layer + 40 router tensors → /workspace/consciousness-experiment/experiments/qwen-huahua-philosophy-experts-bias/captures/20260409T195849Z_philosophy_core_cluster_no_think_baseline/D04_statistics_03
[13/60] D05_physics_01 : <|im_start|>user
How does thermodynamics work as a framework for energ...
  tokens: 41 prompt + 1024 gen | tensors: 41000 seen, 41000 captured, 40 unique | 9011 ms
  saved 0 layer + 40 router tensors → /workspace/consciousness-experiment/experiments/qwen-huahua-philosophy-experts-bias/captures/20260409T195849Z_philosophy_core_cluster_no_think_baseline/D05_physics_01
[14/60] D05_physics_02 : <|im_start|>user
Why did Albert Einstein matter so much to relativity,...
  tokens: 42 prompt + 1024 gen | tensors: 41000 seen, 41000 captured, 40 unique | 9012 ms
  saved 0 layer + 40 router tensors → /workspace/consciousness-experiment/experiments/qwen-huahua-philosophy-experts-bias/captures/20260409T195849Z_philosophy_core_cluster_no_think_baseline/D05_physics_02
[15/60] D05_physics_03 : <|im_start|>user
Compare the Standard Model with general relativity in...
  tokens: 42 prompt + 1024 gen | tensors: 41000 seen, 41000 captured, 40 unique | 9010 ms
  saved 0 layer + 40 router tensors → /workspace/consciousness-experiment/experiments/qwen-huahua-philosophy-experts-bias/captures/20260409T195849Z_philosophy_core_cluster_no_think_baseline/D05_physics_03
[16/60] D06_chemistry_01 : <|im_start|>user
How does chemical bonding work across ionic, covalent...
  tokens: 41 prompt + 1024 gen | tensors: 41000 seen, 41000 captured, 40 unique | 9044 ms
  saved 0 layer + 40 router tensors → /workspace/consciousness-experiment/experiments/qwen-huahua-philosophy-experts-bias/captures/20260409T195849Z_philosophy_core_cluster_no_think_baseline/D06_chemistry_01
[17/60] D06_chemistry_02 : <|im_start|>user
Why did Dmitri Mendeleev matter to chemistry and the ...
  tokens: 42 prompt + 1024 gen | tensors: 41000 seen, 41000 captured, 40 unique | 9027 ms
  saved 0 layer + 40 router tensors → /workspace/consciousness-experiment/experiments/qwen-huahua-philosophy-experts-bias/captures/20260409T195849Z_philosophy_core_cluster_no_think_baseline/D06_chemistry_02
[18/60] D06_chemistry_03 : <|im_start|>user
Compare reaction kinetics with chemical equilibrium i...
  tokens: 37 prompt + 1024 gen | tensors: 41000 seen, 41000 captured, 40 unique | 8999 ms
  saved 0 layer + 40 router tensors → /workspace/consciousness-experiment/experiments/qwen-huahua-philosophy-experts-bias/captures/20260409T195849Z_philosophy_core_cluster_no_think_baseline/D06_chemistry_03
[19/60] D07_biology_01 : <|im_start|>user
How does evolution by natural selection work, includi...
  tokens: 41 prompt + 1024 gen | tensors: 41000 seen, 41000 captured, 40 unique | 9007 ms
  saved 0 layer + 40 router tensors → /workspace/consciousness-experiment/experiments/qwen-huahua-philosophy-experts-bias/captures/20260409T195849Z_philosophy_core_cluster_no_think_baseline/D07_biology_01
[20/60] D07_biology_02 : <|im_start|>user
Why did Charles Darwin matter so much to biological s...
  tokens: 35 prompt + 785 gen | tensors: 31440 seen, 31440 captured, 40 unique | 6941 ms
  saved 0 layer + 40 router tensors → /workspace/consciousness-experiment/experiments/qwen-huahua-philosophy-experts-bias/captures/20260409T195849Z_philosophy_core_cluster_no_think_baseline/D07_biology_02
[21/60] D07_biology_03 : <|im_start|>user
Compare classical genetics with molecular biology in ...
  tokens: 37 prompt + 1024 gen | tensors: 41000 seen, 41000 captured, 40 unique | 9021 ms
  saved 0 layer + 40 router tensors → /workspace/consciousness-experiment/experiments/qwen-huahua-philosophy-experts-bias/captures/20260409T195849Z_philosophy_core_cluster_no_think_baseline/D07_biology_03
[22/60] D08_medicine_01 : <|im_start|>user
How does sepsis develop and why is it medically dange...
  tokens: 37 prompt + 875 gen | tensors: 35040 seen, 35040 captured, 40 unique | 7720 ms
  saved 0 layer + 40 router tensors → /workspace/consciousness-experiment/experiments/qwen-huahua-philosophy-experts-bias/captures/20260409T195849Z_philosophy_core_cluster_no_think_baseline/D08_medicine_01
[23/60] D08_medicine_02 : <|im_start|>user
Why did Ignaz Semmelweis matter to medicine and infec...
  tokens: 38 prompt + 1024 gen | tensors: 41000 seen, 41000 captured, 40 unique | 9003 ms
  saved 0 layer + 40 router tensors → /workspace/consciousness-experiment/experiments/qwen-huahua-philosophy-experts-bias/captures/20260409T195849Z_philosophy_core_cluster_no_think_baseline/D08_medicine_02
[24/60] D08_medicine_03 : <|im_start|>user
Compare antibiotics with vaccines in how they prevent...
  tokens: 36 prompt + 1024 gen | tensors: 41000 seen, 41000 captured, 40 unique | 9031 ms
  saved 0 layer + 40 router tensors → /workspace/consciousness-experiment/experiments/qwen-huahua-philosophy-experts-bias/captures/20260409T195849Z_philosophy_core_cluster_no_think_baseline/D08_medicine_03
[25/60] D09_neuroscience_01 : <|im_start|>user
How does synaptic transmission work, including neurot...
  tokens: 40 prompt + 1024 gen | tensors: 41000 seen, 41000 captured, 40 unique | 9004 ms
  saved 0 layer + 40 router tensors → /workspace/consciousness-experiment/experiments/qwen-huahua-philosophy-experts-bias/captures/20260409T195849Z_philosophy_core_cluster_no_think_baseline/D09_neuroscience_01
[26/60] D09_neuroscience_02 : <|im_start|>user
Why did Santiago Ramon y Cajal matter to neuroscience...
  tokens: 36 prompt + 1024 gen | tensors: 41000 seen, 41000 captured, 40 unique | 9018 ms
  saved 0 layer + 40 router tensors → /workspace/consciousness-experiment/experiments/qwen-huahua-philosophy-experts-bias/captures/20260409T195849Z_philosophy_core_cluster_no_think_baseline/D09_neuroscience_02
[27/60] D09_neuroscience_03 : <|im_start|>user
Compare brain imaging with electrophysiology in the k...
  tokens: 43 prompt + 1024 gen | tensors: 41000 seen, 41000 captured, 40 unique | 8979 ms
  saved 0 layer + 40 router tensors → /workspace/consciousness-experiment/experiments/qwen-huahua-philosophy-experts-bias/captures/20260409T195849Z_philosophy_core_cluster_no_think_baseline/D09_neuroscience_03
[28/60] D10_computer_science_01 : <|im_start|>user
How do algorithms and computational complexity work a...
  tokens: 38 prompt + 1024 gen | tensors: 41000 seen, 41000 captured, 40 unique | 9003 ms
  saved 0 layer + 40 router tensors → /workspace/consciousness-experiment/experiments/qwen-huahua-philosophy-experts-bias/captures/20260409T195849Z_philosophy_core_cluster_no_think_baseline/D10_computer_science_01
[29/60] D10_computer_science_02 : <|im_start|>user
Why did Alan Turing matter to computer science, compu...
  tokens: 39 prompt + 1024 gen | tensors: 41000 seen, 41000 captured, 40 unique | 8989 ms
  saved 0 layer + 40 router tensors → /workspace/consciousness-experiment/experiments/qwen-huahua-philosophy-experts-bias/captures/20260409T195849Z_philosophy_core_cluster_no_think_baseline/D10_computer_science_02
[30/60] D10_computer_science_03 : <|im_start|>user
Compare data structures with algorithms in the role e...
  tokens: 38 prompt + 1005 gen | tensors: 40240 seen, 40240 captured, 40 unique | 8837 ms
  saved 0 layer + 40 router tensors → /workspace/consciousness-experiment/experiments/qwen-huahua-philosophy-experts-bias/captures/20260409T195849Z_philosophy_core_cluster_no_think_baseline/D10_computer_science_03
[31/60] D11_software_engineering_01 : <|im_start|>user
How does a software engineering process move from req...
  tokens: 43 prompt + 1024 gen | tensors: 41000 seen, 41000 captured, 40 unique | 8983 ms
  saved 0 layer + 40 router tensors → /workspace/consciousness-experiment/experiments/qwen-huahua-philosophy-experts-bias/captures/20260409T195849Z_philosophy_core_cluster_no_think_baseline/D11_software_engineering_01
[32/60] D11_software_engineering_02 : <|im_start|>user
Why did the Agile Manifesto matter to software develo...
  tokens: 36 prompt + 1024 gen | tensors: 41000 seen, 41000 captured, 40 unique | 9045 ms
  saved 0 layer + 40 router tensors → /workspace/consciousness-experiment/experiments/qwen-huahua-philosophy-experts-bias/captures/20260409T195849Z_philosophy_core_cluster_no_think_baseline/D11_software_engineering_02
[33/60] D11_software_engineering_03 : <|im_start|>user
Compare version control with continuous integration i...
  tokens: 38 prompt + 1008 gen | tensors: 40360 seen, 40360 captured, 40 unique | 8860 ms
  saved 0 layer + 40 router tensors → /workspace/consciousness-experiment/experiments/qwen-huahua-philosophy-experts-bias/captures/20260409T195849Z_philosophy_core_cluster_no_think_baseline/D11_software_engineering_03
[34/60] D12_cybersecurity_01 : <|im_start|>user
How does public key cryptography work, including key ...
  tokens: 40 prompt + 1024 gen | tensors: 41000 seen, 41000 captured, 40 unique | 9028 ms
  saved 0 layer + 40 router tensors → /workspace/consciousness-experiment/experiments/qwen-huahua-philosophy-experts-bias/captures/20260409T195849Z_philosophy_core_cluster_no_think_baseline/D12_cybersecurity_01
[35/60] D12_cybersecurity_02 : <|im_start|>user
Why did the Morris worm matter in the history of cybe...
  tokens: 36 prompt + 1024 gen | tensors: 41000 seen, 41000 captured, 40 unique | 9021 ms
  saved 0 layer + 40 router tensors → /workspace/consciousness-experiment/experiments/qwen-huahua-philosophy-experts-bias/captures/20260409T195849Z_philosophy_core_cluster_no_think_baseline/D12_cybersecurity_02
[36/60] D12_cybersecurity_03 : <|im_start|>user
Compare authentication with access control in practic...
  tokens: 34 prompt + 1024 gen | tensors: 41000 seen, 41000 captured, 40 unique | 8981 ms
  saved 0 layer + 40 router tensors → /workspace/consciousness-experiment/experiments/qwen-huahua-philosophy-experts-bias/captures/20260409T195849Z_philosophy_core_cluster_no_think_baseline/D12_cybersecurity_03
[37/60] D13_economics_01 : <|im_start|>user
How does inflation work, including monetary policy, e...
  tokens: 39 prompt + 1024 gen | tensors: 41000 seen, 41000 captured, 40 unique | 9023 ms
  saved 0 layer + 40 router tensors → /workspace/consciousness-experiment/experiments/qwen-huahua-philosophy-experts-bias/captures/20260409T195849Z_philosophy_core_cluster_no_think_baseline/D13_economics_01
[38/60] D13_economics_02 : <|im_start|>user
Why did John Maynard Keynes matter to economics and m...
  tokens: 38 prompt + 1024 gen | tensors: 41000 seen, 41000 captured, 40 unique | 9013 ms
  saved 0 layer + 40 router tensors → /workspace/consciousness-experiment/experiments/qwen-huahua-philosophy-experts-bias/captures/20260409T195849Z_philosophy_core_cluster_no_think_baseline/D13_economics_02
[39/60] D13_economics_03 : <|im_start|>user
Compare the 2008 financial crisis with the Great Depr...
  tokens: 44 prompt + 1024 gen | tensors: 41000 seen, 41000 captured, 40 unique | 9026 ms
  saved 0 layer + 40 router tensors → /workspace/consciousness-experiment/experiments/qwen-huahua-philosophy-experts-bias/captures/20260409T195849Z_philosophy_core_cluster_no_think_baseline/D13_economics_03
[40/60] D14_law_01 : <|im_start|>user
How does constitutional law work in organizing powers...
  tokens: 39 prompt + 1024 gen | tensors: 41000 seen, 41000 captured, 40 unique | 9007 ms
  saved 0 layer + 40 router tensors → /workspace/consciousness-experiment/experiments/qwen-huahua-philosophy-experts-bias/captures/20260409T195849Z_philosophy_core_cluster_no_think_baseline/D14_law_01
[41/60] D14_law_02 : <|im_start|>user
Why did Marbury v. Madison matter in legal history?<|...
  tokens: 36 prompt + 798 gen | tensors: 31960 seen, 31960 captured, 40 unique | 7045 ms
  saved 0 layer + 40 router tensors → /workspace/consciousness-experiment/experiments/qwen-huahua-philosophy-experts-bias/captures/20260409T195849Z_philosophy_core_cluster_no_think_baseline/D14_law_02
[42/60] D14_law_03 : <|im_start|>user
Compare precedent with statutory interpretation in mo...
  tokens: 34 prompt + 1024 gen | tensors: 41000 seen, 41000 captured, 40 unique | 9012 ms
  saved 0 layer + 40 router tensors → /workspace/consciousness-experiment/experiments/qwen-huahua-philosophy-experts-bias/captures/20260409T195849Z_philosophy_core_cluster_no_think_baseline/D14_law_03
[43/60] D15_political_science_01 : <|im_start|>user
How do democratic institutions work, including electi...
  tokens: 40 prompt + 1024 gen | tensors: 41000 seen, 41000 captured, 40 unique | 9041 ms
  saved 0 layer + 40 router tensors → /workspace/consciousness-experiment/experiments/qwen-huahua-philosophy-experts-bias/captures/20260409T195849Z_philosophy_core_cluster_no_think_baseline/D15_political_science_01
[44/60] D15_political_science_02 : <|im_start|>user
Why did Niccolo Machiavelli matter to political thoug...
  tokens: 40 prompt + 967 gen | tensors: 38720 seen, 38720 captured, 40 unique | 8519 ms
  saved 0 layer + 40 router tensors → /workspace/consciousness-experiment/experiments/qwen-huahua-philosophy-experts-bias/captures/20260409T195849Z_philosophy_core_cluster_no_think_baseline/D15_political_science_02
[45/60] D15_political_science_03 : <|im_start|>user
Compare nationalism with liberalism as organizing ide...
  tokens: 36 prompt + 1024 gen | tensors: 41000 seen, 41000 captured, 40 unique | 9065 ms
  saved 0 layer + 40 router tensors → /workspace/consciousness-experiment/experiments/qwen-huahua-philosophy-experts-bias/captures/20260409T195849Z_philosophy_core_cluster_no_think_baseline/D15_political_science_03
[46/60] D16_philosophy_01 : <|im_start|>user
How does epistemology work as a field concerned with ...
  tokens: 42 prompt + 1024 gen | tensors: 41000 seen, 41000 captured, 40 unique | 9062 ms
  saved 0 layer + 40 router tensors → /workspace/consciousness-experiment/experiments/qwen-huahua-philosophy-experts-bias/captures/20260409T195849Z_philosophy_core_cluster_no_think_baseline/D16_philosophy_01
[47/60] D16_philosophy_02 : <|im_start|>user
Why did Immanuel Kant matter to metaphysics, ethics, ...
  tokens: 41 prompt + 1024 gen | tensors: 41000 seen, 41000 captured, 40 unique | 8997 ms
  saved 0 layer + 40 router tensors → /workspace/consciousness-experiment/experiments/qwen-huahua-philosophy-experts-bias/captures/20260409T195849Z_philosophy_core_cluster_no_think_baseline/D16_philosophy_02
[48/60] D16_philosophy_03 : <|im_start|>user
Compare philosophy of mind with metaphysics in the ki...
  tokens: 39 prompt + 1024 gen | tensors: 41000 seen, 41000 captured, 40 unique | 9217 ms
  saved 0 layer + 40 router tensors → /workspace/consciousness-experiment/experiments/qwen-huahua-philosophy-experts-bias/captures/20260409T195849Z_philosophy_core_cluster_no_think_baseline/D16_philosophy_03
[49/60] D17_comparative_religion_01 : <|im_start|>user
How does comparative religion study ritual, doctrine,...
  tokens: 42 prompt + 1024 gen | tensors: 41000 seen, 41000 captured, 40 unique | 8997 ms
  saved 0 layer + 40 router tensors → /workspace/consciousness-experiment/experiments/qwen-huahua-philosophy-experts-bias/captures/20260409T195849Z_philosophy_core_cluster_no_think_baseline/D17_comparative_religion_01
[50/60] D17_comparative_religion_02 : <|im_start|>user
Why did the Buddha matter historically, and how did B...
  tokens: 41 prompt + 1024 gen | tensors: 41000 seen, 41000 captured, 40 unique | 8993 ms
  saved 0 layer + 40 router tensors → /workspace/consciousness-experiment/experiments/qwen-huahua-philosophy-experts-bias/captures/20260409T195849Z_philosophy_core_cluster_no_think_baseline/D17_comparative_religion_02
[51/60] D17_comparative_religion_03 : <|im_start|>user
Compare monotheistic traditions with non-theistic tra...
  tokens: 39 prompt + 1024 gen | tensors: 41000 seen, 41000 captured, 40 unique | 8998 ms
  saved 0 layer + 40 router tensors → /workspace/consciousness-experiment/experiments/qwen-huahua-philosophy-experts-bias/captures/20260409T195849Z_philosophy_core_cluster_no_think_baseline/D17_comparative_religion_03
[52/60] D18_linguistics_01 : <|im_start|>user
How does syntax work, including phrase structure, dep...
  tokens: 38 prompt + 1024 gen | tensors: 41000 seen, 41000 captured, 40 unique | 8991 ms
  saved 0 layer + 40 router tensors → /workspace/consciousness-experiment/experiments/qwen-huahua-philosophy-experts-bias/captures/20260409T195849Z_philosophy_core_cluster_no_think_baseline/D18_linguistics_01
[53/60] D18_linguistics_02 : <|im_start|>user
Why did Ferdinand de Saussure matter to linguistics a...
  tokens: 39 prompt + 1024 gen | tensors: 41000 seen, 41000 captured, 40 unique | 9019 ms
  saved 0 layer + 40 router tensors → /workspace/consciousness-experiment/experiments/qwen-huahua-philosophy-experts-bias/captures/20260409T195849Z_philosophy_core_cluster_no_think_baseline/D18_linguistics_02
[54/60] D18_linguistics_03 : <|im_start|>user
Compare phonology with syntax in the kinds of linguis...
  tokens: 38 prompt + 1024 gen | tensors: 41000 seen, 41000 captured, 40 unique | 9002 ms
  saved 0 layer + 40 router tensors → /workspace/consciousness-experiment/experiments/qwen-huahua-philosophy-experts-bias/captures/20260409T195849Z_philosophy_core_cluster_no_think_baseline/D18_linguistics_03
[55/60] D19_psychology_01 : <|im_start|>user
How does memory work, including encoding, storage, re...
  tokens: 39 prompt + 1024 gen | tensors: 41000 seen, 41000 captured, 40 unique | 8999 ms
  saved 0 layer + 40 router tensors → /workspace/consciousness-experiment/experiments/qwen-huahua-philosophy-experts-bias/captures/20260409T195849Z_philosophy_core_cluster_no_think_baseline/D19_psychology_01
[56/60] D19_psychology_02 : <|im_start|>user
Why did William James matter to psychology?<|im_end|>...
  tokens: 32 prompt + 1024 gen | tensors: 41000 seen, 41000 captured, 40 unique | 8982 ms
  saved 0 layer + 40 router tensors → /workspace/consciousness-experiment/experiments/qwen-huahua-philosophy-experts-bias/captures/20260409T195849Z_philosophy_core_cluster_no_think_baseline/D19_psychology_02
[57/60] D19_psychology_03 : <|im_start|>user
Compare cognition with emotion in how psychology expl...
  tokens: 34 prompt + 1024 gen | tensors: 41000 seen, 41000 captured, 40 unique | 8993 ms
  saved 0 layer + 40 router tensors → /workspace/consciousness-experiment/experiments/qwen-huahua-philosophy-experts-bias/captures/20260409T195849Z_philosophy_core_cluster_no_think_baseline/D19_psychology_03
[58/60] D20_environmental_science_01 : <|im_start|>user
How do climate systems work, including feedback loops...
  tokens: 42 prompt + 1024 gen | tensors: 41000 seen, 41000 captured, 40 unique | 9057 ms
  saved 0 layer + 40 router tensors → /workspace/consciousness-experiment/experiments/qwen-huahua-philosophy-experts-bias/captures/20260409T195849Z_philosophy_core_cluster_no_think_baseline/D20_environmental_science_01
[59/60] D20_environmental_science_02 : <|im_start|>user
Why did Rachel Carson matter to environmental science...
  tokens: 36 prompt + 1024 gen | tensors: 41000 seen, 41000 captured, 40 unique | 9084 ms
  saved 0 layer + 40 router tensors → /workspace/consciousness-experiment/experiments/qwen-huahua-philosophy-experts-bias/captures/20260409T195849Z_philosophy_core_cluster_no_think_baseline/D20_environmental_science_02
[60/60] D20_environmental_science_03 : <|im_start|>user
Compare ecology with environmental chemistry in how e...
  tokens: 37 prompt + 1024 gen | tensors: 41000 seen, 41000 captured, 40 unique | 8991 ms
  saved 0 layer + 40 router tensors → /workspace/consciousness-experiment/experiments/qwen-huahua-philosophy-experts-bias/captures/20260409T195849Z_philosophy_core_cluster_no_think_baseline/D20_environmental_science_03

=== Capture Complete ===
Prompts: 60  |  Output: /workspace/consciousness-experiment/experiments/qwen-huahua-philosophy-experts-bias/captures/20260409T195849Z_philosophy_core_cluster_no_think_baseline
llama_perf_context_print:        load time =    6999.98 ms
llama_perf_context_print: prompt eval time =    3878.39 ms /  2415 tokens (    1.61 ms per token,   622.68 tokens per second)
llama_perf_context_print:        eval time =  519714.23 ms / 60680 runs   (    8.56 ms per token,   116.76 tokens per second)
llama_perf_context_print:       total time =  543166.58 ms / 63095 tokens
llama_perf_context_print:    graphs reused =          0
=== Running 20260409T200754Z_philosophy_core_cluster_no_think_p2 ===
Command: /workspace/consciousness-experiment/experiments/qwen-huahua-philosophy-experts-bias/non_npy_remote_artifacts/logs/20260409T200754Z_philosophy_core_cluster_no_think_p2_command.sh
ggml_cuda_init: found 2 CUDA devices (Total VRAM: 64218 MiB):
  Device 0: NVIDIA GeForce RTX 5090, compute capability 12.0, VMM: yes, VRAM: 32109 MiB
  Device 1: NVIDIA GeForce RTX 5090, compute capability 12.0, VMM: yes, VRAM: 32109 MiB
build: 8493 (1772701f) with GNU 11.4.0 for Linux x86_64
=== Consciousness Metrics — Activation Capture ===
Output dir : /workspace/consciousness-experiment/experiments/qwen-huahua-philosophy-experts-bias/captures/20260409T200754Z_philosophy_core_cluster_no_think_p2
n_predict  : 1024
Text output: file only (--no-stream)
Mode       : --routing-only (router/gate tensors only)
Expert bias: 114:2.0,87:2.0,170:2.0,68:2.0
common_init_result: fitting params to device memory, for bugs during this step try to reproduce them with -fit off, or provide --verbose logs if the bug only occurs with -fit on
llama_params_fit_impl: projected memory use with initial parameters [MiB]:
llama_params_fit_impl:   - CUDA0 (NVIDIA GeForce RTX 5090):  32109 total,  18278 used,  13287 free vs. target of   1024
llama_params_fit_impl:   - CUDA1 (NVIDIA GeForce RTX 5090):  32109 total,  17439 used,  14130 free vs. target of   1024
llama_params_fit_impl: projected to use 35717 MiB of device memory vs. 63135 MiB of free device memory
llama_params_fit_impl: targets for free memory can be met on all devices, no changes needed
llama_params_fit: successfully fit params to free device memory
llama_params_fit: fitting params to free memory took 0.64 seconds
llama_model_load_from_file_impl: using device CUDA0 (NVIDIA GeForce RTX 5090) (0000:81:00.0) - 31599 MiB free
llama_model_load_from_file_impl: using device CUDA1 (NVIDIA GeForce RTX 5090) (0000:a1:00.0) - 31599 MiB free
llama_model_loader: loaded meta data with 43 key-value pairs and 733 tensors from /workspace/models/qwen35-hauhau-q8/Qwen3.5-35B-A3B-Uncensored-HauhauCS-Aggressive-Q8_0.gguf (version GGUF V3 (latest))
llama_model_loader: Dumping metadata keys/values. Note: KV overrides do not apply in this output.
llama_model_loader: - kv   0:                       general.architecture str              = qwen35moe
llama_model_loader: - kv   1:                               general.type str              = model
llama_model_loader: - kv   2:                     general.sampling.top_k i32              = 20
llama_model_loader: - kv   3:                     general.sampling.top_p f32              = 0.950000
llama_model_loader: - kv   4:                      general.sampling.temp f32              = 1.000000
llama_model_loader: - kv   5:                               general.name str              = Qwen3.5-35B-A3B-Uncensored-HauhauCS-A...
llama_model_loader: - kv   6:                           general.finetune str              = 5RefKL0.042
llama_model_loader: - kv   7:                      qwen35moe.block_count u32              = 40
llama_model_loader: - kv   8:                   qwen35moe.context_length u32              = 262144
llama_model_loader: - kv   9:                 qwen35moe.embedding_length u32              = 2048
llama_model_loader: - kv  10:             qwen35moe.attention.head_count u32              = 16
llama_model_loader: - kv  11:          qwen35moe.attention.head_count_kv u32              = 2
llama_model_loader: - kv  12:          qwen35moe.rope.dimension_sections arr[i32,4]       = [11, 11, 10, 0]
llama_model_loader: - kv  13:                   qwen35moe.rope.freq_base f32              = 10000000.000000
llama_model_loader: - kv  14: qwen35moe.attention.layer_norm_rms_epsilon f32              = 0.000001
llama_model_loader: - kv  15:                     qwen35moe.expert_count u32              = 256
llama_model_loader: - kv  16:                qwen35moe.expert_used_count u32              = 8
llama_model_loader: - kv  17:             qwen35moe.attention.key_length u32              = 256
llama_model_loader: - kv  18:           qwen35moe.attention.value_length u32              = 256
llama_model_loader: - kv  19:       qwen35moe.expert_feed_forward_length u32              = 512
llama_model_loader: - kv  20: qwen35moe.expert_shared_feed_forward_length u32              = 512
llama_model_loader: - kv  21:                  qwen35moe.ssm.conv_kernel u32              = 4
llama_model_loader: - kv  22:                   qwen35moe.ssm.state_size u32              = 128
llama_model_loader: - kv  23:                  qwen35moe.ssm.group_count u32              = 16
llama_model_loader: - kv  24:               qwen35moe.ssm.time_step_rank u32              = 32
llama_model_loader: - kv  25:                   qwen35moe.ssm.inner_size u32              = 4096
llama_model_loader: - kv  26:          qwen35moe.full_attention_interval u32              = 4
llama_model_loader: - kv  27:             qwen35moe.rope.dimension_count u32              = 64
llama_model_loader: - kv  28:                       tokenizer.ggml.model str              = gpt2
llama_model_loader: - kv  29:                         tokenizer.ggml.pre str              = qwen35
llama_model_loader: - kv  30:                      tokenizer.ggml.tokens arr[str,248320]  = ["!", "\"", "#", "$", "%", "&", "'", ...
llama_model_loader: - kv  31:                  tokenizer.ggml.token_type arr[i32,248320]  = [1, 1, 1, 1, 1, 1, 1, 1, 1, 1, 1, 1, ...
llama_model_loader: - kv  32:                      tokenizer.ggml.merges arr[str,247587]  = ["Ġ Ġ", "ĠĠ ĠĠ", "i n", "Ġ t",...
llama_model_loader: - kv  33:                tokenizer.ggml.eos_token_id u32              = 248046
llama_model_loader: - kv  34:            tokenizer.ggml.padding_token_id u32              = 248044
llama_model_loader: - kv  35:                    tokenizer.chat_template str              = {%- set image_count = namespace(value...
llama_model_loader: - kv  36:               general.quantization_version u32              = 2
llama_model_loader: - kv  37:                          general.file_type u32              = 7
llama_model_loader: - kv  38:                         general.size_label str              = 35B-A3B
llama_model_loader: - kv  39:                      quantize.imatrix.file str              = Qwen3.5-35B-A3B-Uncensored-HauhauCS-A...
llama_model_loader: - kv  40:                   quantize.imatrix.dataset str              = /home/hauhaucs/llama.cpp/groups_merge...
llama_model_loader: - kv  41:             quantize.imatrix.entries_count u32              = 510
llama_model_loader: - kv  42:              quantize.imatrix.chunks_count u32              = 93
llama_model_loader: - type  f32:  301 tensors
llama_model_loader: - type q8_0:  432 tensors
print_info: file format = GGUF V3 (latest)
print_info: file type   = Q8_0
print_info: file size   = 34.36 GiB (8.52 BPW) 
load: 0 unused tokens
load: printing all EOG tokens:
load:   - 248044 ('<|endoftext|>')
load:   - 248046 ('<|im_end|>')
load:   - 248063 ('<|fim_pad|>')
load:   - 248064 ('<|repo_name|>')
load:   - 248065 ('<|file_sep|>')
load: special tokens cache size = 33
load: token to piece cache size = 1.7581 MB
print_info: arch                  = qwen35moe
print_info: vocab_only            = 0
print_info: no_alloc              = 0
print_info: n_ctx_train           = 262144
print_info: n_embd                = 2048
print_info: n_embd_inp            = 2048
print_info: n_layer               = 40
print_info: n_head                = 16
print_info: n_head_kv             = 2
print_info: n_rot                 = 64
print_info: n_swa                 = 0
print_info: is_swa_any            = 0
print_info: n_embd_head_k         = 256
print_info: n_embd_head_v         = 256
print_info: n_gqa                 = 8
print_info: n_embd_k_gqa          = 512
print_info: n_embd_v_gqa          = 512
print_info: f_norm_eps            = 0.0e+00
print_info: f_norm_rms_eps        = 1.0e-06
print_info: f_clamp_kqv           = 0.0e+00
print_info: f_max_alibi_bias      = 0.0e+00
print_info: f_logit_scale         = 0.0e+00
print_info: f_attn_scale          = 0.0e+00
print_info: n_ff                  = 0
print_info: n_expert              = 256
print_info: n_expert_used         = 8
print_info: n_expert_groups       = 0
print_info: n_group_used          = 0
print_info: causal attn           = 1
print_info: pooling type          = 0
print_info: rope type             = 40
print_info: rope scaling          = linear
print_info: freq_base_train       = 10000000.0
print_info: freq_scale_train      = 1
print_info: n_ctx_orig_yarn       = 262144
print_info: rope_yarn_log_mul     = 0.0000
print_info: rope_finetuned        = unknown
print_info: mrope sections        = [11, 11, 10, 0]
print_info: ssm_d_conv            = 4
print_info: ssm_d_inner           = 4096
print_info: ssm_d_state           = 128
print_info: ssm_dt_rank           = 32
print_info: ssm_n_group           = 16
print_info: ssm_dt_b_c_rms        = 0
print_info: model type            = 35B.A3B
print_info: model params          = 34.66 B
print_info: general.name          = Qwen3.5-35B-A3B-Uncensored-HauhauCS-Aggressive
print_info: vocab type            = BPE
print_info: n_vocab               = 248320
print_info: n_merges              = 247587
print_info: BOS token             = 11 ','
print_info: EOS token             = 248046 '<|im_end|>'
print_info: EOT token             = 248046 '<|im_end|>'
print_info: PAD token             = 248044 '<|endoftext|>'
print_info: LF token              = 198 'Ċ'
print_info: FIM PRE token         = 248060 '<|fim_prefix|>'
print_info: FIM SUF token         = 248062 '<|fim_suffix|>'
print_info: FIM MID token         = 248061 '<|fim_middle|>'
print_info: FIM PAD token         = 248063 '<|fim_pad|>'
print_info: FIM REP token         = 248064 '<|repo_name|>'
print_info: FIM SEP token         = 248065 '<|file_sep|>'
print_info: EOG token             = 248044 '<|endoftext|>'
print_info: EOG token             = 248046 '<|im_end|>'
print_info: EOG token             = 248063 '<|fim_pad|>'
print_info: EOG token             = 248064 '<|repo_name|>'
print_info: EOG token             = 248065 '<|file_sep|>'
print_info: max token length      = 256
load_tensors: loading model tensors, this can take a while... (mmap = true, direct_io = false)
load_tensors: offloading output layer to GPU
load_tensors: offloading 39 repeating layers to GPU
load_tensors: offloaded 41/41 layers to GPU
load_tensors:   CPU_Mapped model buffer size =   515.31 MiB
load_tensors:        CUDA0 model buffer size = 17931.70 MiB
load_tensors:        CUDA1 model buffer size = 16736.08 MiB
....................................................................................................
common_init_result: added <|endoftext|> logit bias = -inf
common_init_result: added <|im_end|> logit bias = -inf
common_init_result: added <|fim_pad|> logit bias = -inf
common_init_result: added <|repo_name|> logit bias = -inf
common_init_result: added <|file_sep|> logit bias = -inf
llama_context: constructing llama_context
llama_context: n_seq_max     = 1
llama_context: n_ctx         = 16384
llama_context: n_ctx_seq     = 16384
llama_context: n_batch       = 2048
llama_context: n_ubatch      = 512
llama_context: causal_attn   = 1
llama_context: flash_attn    = enabled
llama_context: kv_unified    = false
llama_context: freq_base     = 10000000.0
llama_context: freq_scale    = 1
llama_context: n_ctx_seq (16384) < n_ctx_train (262144) -- the full capacity of the model will not be utilized
llama_context:  CUDA_Host  output buffer size =     0.95 MiB
llama_kv_cache:      CUDA0 KV buffer size =    85.00 MiB
llama_kv_cache:      CUDA1 KV buffer size =    85.00 MiB
llama_kv_cache: size =  170.00 MiB ( 16384 cells,  10 layers,  1/1 seqs), K (q8_0):   85.00 MiB, V (q8_0):   85.00 MiB
llama_memory_recurrent:      CUDA0 RS buffer size =    33.50 MiB
llama_memory_recurrent:      CUDA1 RS buffer size =    29.31 MiB
llama_memory_recurrent: size =   62.81 MiB (     1 cells,  40 layers,  1 seqs), R (f32):    2.81 MiB, S (f32):   60.00 MiB
llama_context: pipeline parallelism enabled
llama_context: graph reuse is currently not compatible with pipeline parallelism - disabling
sched_reserve: reserving ...
sched_reserve: resolving fused Gated Delta Net support:
sched_reserve: fused Gated Delta Net (autoregressive) enabled
sched_reserve: fused Gated Delta Net (chunked) enabled
sched_reserve:      CUDA0 compute buffer size =   228.06 MiB
sched_reserve:      CUDA1 compute buffer size =   573.07 MiB
sched_reserve:  CUDA_Host compute buffer size =   136.08 MiB
sched_reserve: graph nodes  = 3729
sched_reserve: graph splits = 3
sched_reserve: reserve took 86.51 ms, sched copies = 4
Sampler    : logits -> ?penalties -> ?dry -> ?top-n-sigma -> top-k -> ?typical -> ?top-p -> ?min-p -> ?xtc -> temp-ext -> dist 
EOS token id: 248046
EOG tokens in vocab:
  token 248044 = '<|endoftext|>' [EOG - will NOT stop generation]
  token 248046 = '<|im_end|>' [PRIMARY EOS - will stop generation]
  token 248063 = '<|fim_pad|>' [EOG - will NOT stop generation]
  token 248064 = '<|repo_name|>' [EOG - will NOT stop generation]
  token 248065 = '<|file_sep|>' [EOG - will NOT stop generation]
system_info: n_threads = 16 (n_threads_batch = 16) / 384 | CUDA : ARCHS = 500,610,700,750,800,860,890 | USE_GRAPHS = 1 | PEER_MAX_BATCH_SIZE = 128 | CPU : SSE3 = 1 | SSSE3 = 1 | AVX = 1 | AVX2 = 1 | F16C = 1 | FMA = 1 | BMI2 = 1 | AVX512 = 1 | AVX512_VBMI = 1 | AVX512_VNNI = 1 | AVX512_BF16 = 1 | LLAMAFILE = 1 | OPENMP = 1 | REPACK = 1 | 

Loaded 60 prompts

[1/60] D01_history_01 : <|im_start|>user
How do historians reconstruct the causes and course o...
  tokens: 49 prompt + 1024 gen | tensors: 41000 seen, 41000 captured, 40 unique | 9240 ms
  saved 0 layer + 40 router tensors → /workspace/consciousness-experiment/experiments/qwen-huahua-philosophy-experts-bias/captures/20260409T200754Z_philosophy_core_cluster_no_think_p2/D01_history_01
[2/60] D01_history_02 : <|im_start|>user
Why did Ivan IV matter in Russian history, and what w...
  tokens: 43 prompt + 1024 gen | tensors: 41000 seen, 41000 captured, 40 unique | 9004 ms
  saved 0 layer + 40 router tensors → /workspace/consciousness-experiment/experiments/qwen-huahua-philosophy-experts-bias/captures/20260409T200754Z_philosophy_core_cluster_no_think_p2/D01_history_02
[3/60] D01_history_03 : <|im_start|>user
Compare the historical impact of the September 11 att...
  tokens: 48 prompt + 1024 gen | tensors: 41000 seen, 41000 captured, 40 unique | 9256 ms
  saved 0 layer + 40 router tensors → /workspace/consciousness-experiment/experiments/qwen-huahua-philosophy-experts-bias/captures/20260409T200754Z_philosophy_core_cluster_no_think_p2/D01_history_03
[4/60] D02_archaeology_01 : <|im_start|>user
How do archaeologists reconstruct the daily life of a...
  tokens: 45 prompt + 1024 gen | tensors: 41000 seen, 41000 captured, 40 unique | 9240 ms
  saved 0 layer + 40 router tensors → /workspace/consciousness-experiment/experiments/qwen-huahua-philosophy-experts-bias/captures/20260409T200754Z_philosophy_core_cluster_no_think_p2/D02_archaeology_01
[5/60] D02_archaeology_02 : <|im_start|>user
Why did the Rosetta Stone matter so much for archaeol...
  tokens: 43 prompt + 1024 gen | tensors: 41000 seen, 41000 captured, 40 unique | 9301 ms
  saved 0 layer + 40 router tensors → /workspace/consciousness-experiment/experiments/qwen-huahua-philosophy-experts-bias/captures/20260409T200754Z_philosophy_core_cluster_no_think_p2/D02_archaeology_02
[6/60] D02_archaeology_03 : <|im_start|>user
Compare radiocarbon dating with stratigraphy as tools...
  tokens: 38 prompt + 1024 gen | tensors: 41000 seen, 41000 captured, 40 unique | 9307 ms
  saved 0 layer + 40 router tensors → /workspace/consciousness-experiment/experiments/qwen-huahua-philosophy-experts-bias/captures/20260409T200754Z_philosophy_core_cluster_no_think_p2/D02_archaeology_03
[7/60] D03_mathematics_01 : <|im_start|>user
How does calculus work as a mathematical framework fo...
  tokens: 41 prompt + 1024 gen | tensors: 41000 seen, 41000 captured, 40 unique | 9524 ms
  saved 0 layer + 40 router tensors → /workspace/consciousness-experiment/experiments/qwen-huahua-philosophy-experts-bias/captures/20260409T200754Z_philosophy_core_cluster_no_think_p2/D03_mathematics_01
[8/60] D03_mathematics_02 : <|im_start|>user
Why did Carl Friedrich Gauss matter to number theory,...
  tokens: 40 prompt + 1024 gen | tensors: 41000 seen, 41000 captured, 40 unique | 9477 ms
  saved 0 layer + 40 router tensors → /workspace/consciousness-experiment/experiments/qwen-huahua-philosophy-experts-bias/captures/20260409T200754Z_philosophy_core_cluster_no_think_p2/D03_mathematics_02
[9/60] D03_mathematics_03 : <|im_start|>user
Compare linear algebra with calculus in terms of thei...
  tokens: 40 prompt + 1024 gen | tensors: 41000 seen, 41000 captured, 40 unique | 9330 ms
  saved 0 layer + 40 router tensors → /workspace/consciousness-experiment/experiments/qwen-huahua-philosophy-experts-bias/captures/20260409T200754Z_philosophy_core_cluster_no_think_p2/D03_mathematics_03
[10/60] D04_statistics_01 : <|im_start|>user
How does hypothesis testing work, including null mode...
  tokens: 41 prompt + 1024 gen | tensors: 41000 seen, 41000 captured, 40 unique | 9279 ms
  saved 0 layer + 40 router tensors → /workspace/consciousness-experiment/experiments/qwen-huahua-philosophy-experts-bias/captures/20260409T200754Z_philosophy_core_cluster_no_think_p2/D04_statistics_01
[11/60] D04_statistics_02 : <|im_start|>user
Why did Bayes' theorem matter so much for the develop...
  tokens: 40 prompt + 1024 gen | tensors: 41000 seen, 41000 captured, 40 unique | 9239 ms
  saved 0 layer + 40 router tensors → /workspace/consciousness-experiment/experiments/qwen-huahua-philosophy-experts-bias/captures/20260409T200754Z_philosophy_core_cluster_no_think_p2/D04_statistics_02
[12/60] D04_statistics_03 : <|im_start|>user
Compare frequentist inference with Bayesian inference...
  tokens: 39 prompt + 1024 gen | tensors: 41000 seen, 41000 captured, 40 unique | 9279 ms
  saved 0 layer + 40 router tensors → /workspace/consciousness-experiment/experiments/qwen-huahua-philosophy-experts-bias/captures/20260409T200754Z_philosophy_core_cluster_no_think_p2/D04_statistics_03
[13/60] D05_physics_01 : <|im_start|>user
How does thermodynamics work as a framework for energ...
  tokens: 41 prompt + 1024 gen | tensors: 41000 seen, 41000 captured, 40 unique | 9386 ms
  saved 0 layer + 40 router tensors → /workspace/consciousness-experiment/experiments/qwen-huahua-philosophy-experts-bias/captures/20260409T200754Z_philosophy_core_cluster_no_think_p2/D05_physics_01
[14/60] D05_physics_02 : <|im_start|>user
Why did Albert Einstein matter so much to relativity,...
  tokens: 42 prompt + 1024 gen | tensors: 41000 seen, 41000 captured, 40 unique | 9279 ms
  saved 0 layer + 40 router tensors → /workspace/consciousness-experiment/experiments/qwen-huahua-philosophy-experts-bias/captures/20260409T200754Z_philosophy_core_cluster_no_think_p2/D05_physics_02
[15/60] D05_physics_03 : <|im_start|>user
Compare the Standard Model with general relativity in...
  tokens: 42 prompt + 1024 gen | tensors: 41000 seen, 41000 captured, 40 unique | 9225 ms
  saved 0 layer + 40 router tensors → /workspace/consciousness-experiment/experiments/qwen-huahua-philosophy-experts-bias/captures/20260409T200754Z_philosophy_core_cluster_no_think_p2/D05_physics_03
[16/60] D06_chemistry_01 : <|im_start|>user
How does chemical bonding work across ionic, covalent...
  tokens: 41 prompt + 1024 gen | tensors: 41000 seen, 41000 captured, 40 unique | 9242 ms
  saved 0 layer + 40 router tensors → /workspace/consciousness-experiment/experiments/qwen-huahua-philosophy-experts-bias/captures/20260409T200754Z_philosophy_core_cluster_no_think_p2/D06_chemistry_01
[17/60] D06_chemistry_02 : <|im_start|>user
Why did Dmitri Mendeleev matter to chemistry and the ...
  tokens: 42 prompt + 1024 gen | tensors: 41000 seen, 41000 captured, 40 unique | 9222 ms
  saved 0 layer + 40 router tensors → /workspace/consciousness-experiment/experiments/qwen-huahua-philosophy-experts-bias/captures/20260409T200754Z_philosophy_core_cluster_no_think_p2/D06_chemistry_02
[18/60] D06_chemistry_03 : <|im_start|>user
Compare reaction kinetics with chemical equilibrium i...
  tokens: 37 prompt + 1024 gen | tensors: 41000 seen, 41000 captured, 40 unique | 9234 ms
  saved 0 layer + 40 router tensors → /workspace/consciousness-experiment/experiments/qwen-huahua-philosophy-experts-bias/captures/20260409T200754Z_philosophy_core_cluster_no_think_p2/D06_chemistry_03
[19/60] D07_biology_01 : <|im_start|>user
How does evolution by natural selection work, includi...
  tokens: 41 prompt + 1024 gen | tensors: 41000 seen, 41000 captured, 40 unique | 9241 ms
  saved 0 layer + 40 router tensors → /workspace/consciousness-experiment/experiments/qwen-huahua-philosophy-experts-bias/captures/20260409T200754Z_philosophy_core_cluster_no_think_p2/D07_biology_01
[20/60] D07_biology_02 : <|im_start|>user
Why did Charles Darwin matter so much to biological s...
  tokens: 35 prompt + 1024 gen | tensors: 41000 seen, 41000 captured, 40 unique | 9224 ms
  saved 0 layer + 40 router tensors → /workspace/consciousness-experiment/experiments/qwen-huahua-philosophy-experts-bias/captures/20260409T200754Z_philosophy_core_cluster_no_think_p2/D07_biology_02
[21/60] D07_biology_03 : <|im_start|>user
Compare classical genetics with molecular biology in ...
  tokens: 37 prompt + 1024 gen | tensors: 41000 seen, 41000 captured, 40 unique | 9216 ms
  saved 0 layer + 40 router tensors → /workspace/consciousness-experiment/experiments/qwen-huahua-philosophy-experts-bias/captures/20260409T200754Z_philosophy_core_cluster_no_think_p2/D07_biology_03
[22/60] D08_medicine_01 : <|im_start|>user
How does sepsis develop and why is it medically dange...
  tokens: 37 prompt + 1024 gen | tensors: 41000 seen, 41000 captured, 40 unique | 9247 ms
  saved 0 layer + 40 router tensors → /workspace/consciousness-experiment/experiments/qwen-huahua-philosophy-experts-bias/captures/20260409T200754Z_philosophy_core_cluster_no_think_p2/D08_medicine_01
[23/60] D08_medicine_02 : <|im_start|>user
Why did Ignaz Semmelweis matter to medicine and infec...
  tokens: 38 prompt + 1024 gen | tensors: 41000 seen, 41000 captured, 40 unique | 9206 ms
  saved 0 layer + 40 router tensors → /workspace/consciousness-experiment/experiments/qwen-huahua-philosophy-experts-bias/captures/20260409T200754Z_philosophy_core_cluster_no_think_p2/D08_medicine_02
[24/60] D08_medicine_03 : <|im_start|>user
Compare antibiotics with vaccines in how they prevent...
  tokens: 36 prompt + 1024 gen | tensors: 41000 seen, 41000 captured, 40 unique | 9191 ms
  saved 0 layer + 40 router tensors → /workspace/consciousness-experiment/experiments/qwen-huahua-philosophy-experts-bias/captures/20260409T200754Z_philosophy_core_cluster_no_think_p2/D08_medicine_03
[25/60] D09_neuroscience_01 : <|im_start|>user
How does synaptic transmission work, including neurot...
  tokens: 40 prompt + 1024 gen | tensors: 41000 seen, 41000 captured, 40 unique | 9221 ms
  saved 0 layer + 40 router tensors → /workspace/consciousness-experiment/experiments/qwen-huahua-philosophy-experts-bias/captures/20260409T200754Z_philosophy_core_cluster_no_think_p2/D09_neuroscience_01
[26/60] D09_neuroscience_02 : <|im_start|>user
Why did Santiago Ramon y Cajal matter to neuroscience...
  tokens: 36 prompt + 1024 gen | tensors: 41000 seen, 41000 captured, 40 unique | 9202 ms
  saved 0 layer + 40 router tensors → /workspace/consciousness-experiment/experiments/qwen-huahua-philosophy-experts-bias/captures/20260409T200754Z_philosophy_core_cluster_no_think_p2/D09_neuroscience_02
[27/60] D09_neuroscience_03 : <|im_start|>user
Compare brain imaging with electrophysiology in the k...
  tokens: 43 prompt + 1024 gen | tensors: 41000 seen, 41000 captured, 40 unique | 9217 ms
  saved 0 layer + 40 router tensors → /workspace/consciousness-experiment/experiments/qwen-huahua-philosophy-experts-bias/captures/20260409T200754Z_philosophy_core_cluster_no_think_p2/D09_neuroscience_03
[28/60] D10_computer_science_01 : <|im_start|>user
How do algorithms and computational complexity work a...
  tokens: 38 prompt + 1024 gen | tensors: 41000 seen, 41000 captured, 40 unique | 9192 ms
  saved 0 layer + 40 router tensors → /workspace/consciousness-experiment/experiments/qwen-huahua-philosophy-experts-bias/captures/20260409T200754Z_philosophy_core_cluster_no_think_p2/D10_computer_science_01
[29/60] D10_computer_science_02 : <|im_start|>user
Why did Alan Turing matter to computer science, compu...
  tokens: 39 prompt + 1024 gen | tensors: 41000 seen, 41000 captured, 40 unique | 9232 ms
  saved 0 layer + 40 router tensors → /workspace/consciousness-experiment/experiments/qwen-huahua-philosophy-experts-bias/captures/20260409T200754Z_philosophy_core_cluster_no_think_p2/D10_computer_science_02
[30/60] D10_computer_science_03 : <|im_start|>user
Compare data structures with algorithms in the role e...
  tokens: 38 prompt + 1024 gen | tensors: 41000 seen, 41000 captured, 40 unique | 9205 ms
  saved 0 layer + 40 router tensors → /workspace/consciousness-experiment/experiments/qwen-huahua-philosophy-experts-bias/captures/20260409T200754Z_philosophy_core_cluster_no_think_p2/D10_computer_science_03
[31/60] D11_software_engineering_01 : <|im_start|>user
How does a software engineering process move from req...
  tokens: 43 prompt + 1024 gen | tensors: 41000 seen, 41000 captured, 40 unique | 9191 ms
  saved 0 layer + 40 router tensors → /workspace/consciousness-experiment/experiments/qwen-huahua-philosophy-experts-bias/captures/20260409T200754Z_philosophy_core_cluster_no_think_p2/D11_software_engineering_01
[32/60] D11_software_engineering_02 : <|im_start|>user
Why did the Agile Manifesto matter to software develo...
  tokens: 36 prompt + 1024 gen | tensors: 41000 seen, 41000 captured, 40 unique | 9233 ms
  saved 0 layer + 40 router tensors → /workspace/consciousness-experiment/experiments/qwen-huahua-philosophy-experts-bias/captures/20260409T200754Z_philosophy_core_cluster_no_think_p2/D11_software_engineering_02
[33/60] D11_software_engineering_03 : <|im_start|>user
Compare version control with continuous integration i...
  tokens: 38 prompt + 1024 gen | tensors: 41000 seen, 41000 captured, 40 unique | 9180 ms
  saved 0 layer + 40 router tensors → /workspace/consciousness-experiment/experiments/qwen-huahua-philosophy-experts-bias/captures/20260409T200754Z_philosophy_core_cluster_no_think_p2/D11_software_engineering_03
[34/60] D12_cybersecurity_01 : <|im_start|>user
How does public key cryptography work, including key ...
  tokens: 40 prompt + 1024 gen | tensors: 41000 seen, 41000 captured, 40 unique | 9178 ms
  saved 0 layer + 40 router tensors → /workspace/consciousness-experiment/experiments/qwen-huahua-philosophy-experts-bias/captures/20260409T200754Z_philosophy_core_cluster_no_think_p2/D12_cybersecurity_01
[35/60] D12_cybersecurity_02 : <|im_start|>user
Why did the Morris worm matter in the history of cybe...
  tokens: 36 prompt + 1024 gen | tensors: 41000 seen, 41000 captured, 40 unique | 9259 ms
  saved 0 layer + 40 router tensors → /workspace/consciousness-experiment/experiments/qwen-huahua-philosophy-experts-bias/captures/20260409T200754Z_philosophy_core_cluster_no_think_p2/D12_cybersecurity_02
[36/60] D12_cybersecurity_03 : <|im_start|>user
Compare authentication with access control in practic...
  tokens: 34 prompt + 1024 gen | tensors: 41000 seen, 41000 captured, 40 unique | 9208 ms
  saved 0 layer + 40 router tensors → /workspace/consciousness-experiment/experiments/qwen-huahua-philosophy-experts-bias/captures/20260409T200754Z_philosophy_core_cluster_no_think_p2/D12_cybersecurity_03
[37/60] D13_economics_01 : <|im_start|>user
How does inflation work, including monetary policy, e...
  tokens: 39 prompt + 1024 gen | tensors: 41000 seen, 41000 captured, 40 unique | 9208 ms
  saved 0 layer + 40 router tensors → /workspace/consciousness-experiment/experiments/qwen-huahua-philosophy-experts-bias/captures/20260409T200754Z_philosophy_core_cluster_no_think_p2/D13_economics_01
[38/60] D13_economics_02 : <|im_start|>user
Why did John Maynard Keynes matter to economics and m...
  tokens: 38 prompt + 838 gen | tensors: 33560 seen, 33560 captured, 40 unique | 7559 ms
  saved 0 layer + 40 router tensors → /workspace/consciousness-experiment/experiments/qwen-huahua-philosophy-experts-bias/captures/20260409T200754Z_philosophy_core_cluster_no_think_p2/D13_economics_02
[39/60] D13_economics_03 : <|im_start|>user
Compare the 2008 financial crisis with the Great Depr...
  tokens: 44 prompt + 1024 gen | tensors: 41000 seen, 41000 captured, 40 unique | 9224 ms
  saved 0 layer + 40 router tensors → /workspace/consciousness-experiment/experiments/qwen-huahua-philosophy-experts-bias/captures/20260409T200754Z_philosophy_core_cluster_no_think_p2/D13_economics_03
[40/60] D14_law_01 : <|im_start|>user
How does constitutional law work in organizing powers...
  tokens: 39 prompt + 1024 gen | tensors: 41000 seen, 41000 captured, 40 unique | 9217 ms
  saved 0 layer + 40 router tensors → /workspace/consciousness-experiment/experiments/qwen-huahua-philosophy-experts-bias/captures/20260409T200754Z_philosophy_core_cluster_no_think_p2/D14_law_01
[41/60] D14_law_02 : <|im_start|>user
Why did Marbury v. Madison matter in legal history?<|...
  tokens: 36 prompt + 1024 gen | tensors: 41000 seen, 41000 captured, 40 unique | 9276 ms
  saved 0 layer + 40 router tensors → /workspace/consciousness-experiment/experiments/qwen-huahua-philosophy-experts-bias/captures/20260409T200754Z_philosophy_core_cluster_no_think_p2/D14_law_02
[42/60] D14_law_03 : <|im_start|>user
Compare precedent with statutory interpretation in mo...
  tokens: 34 prompt + 1024 gen | tensors: 41000 seen, 41000 captured, 40 unique | 9216 ms
  saved 0 layer + 40 router tensors → /workspace/consciousness-experiment/experiments/qwen-huahua-philosophy-experts-bias/captures/20260409T200754Z_philosophy_core_cluster_no_think_p2/D14_law_03
[43/60] D15_political_science_01 : <|im_start|>user
How do democratic institutions work, including electi...
  tokens: 40 prompt + 1024 gen | tensors: 41000 seen, 41000 captured, 40 unique | 9211 ms
  saved 0 layer + 40 router tensors → /workspace/consciousness-experiment/experiments/qwen-huahua-philosophy-experts-bias/captures/20260409T200754Z_philosophy_core_cluster_no_think_p2/D15_political_science_01
[44/60] D15_political_science_02 : <|im_start|>user
Why did Niccolo Machiavelli matter to political thoug...
  tokens: 40 prompt + 1024 gen | tensors: 41000 seen, 41000 captured, 40 unique | 9251 ms
  saved 0 layer + 40 router tensors → /workspace/consciousness-experiment/experiments/qwen-huahua-philosophy-experts-bias/captures/20260409T200754Z_philosophy_core_cluster_no_think_p2/D15_political_science_02
[45/60] D15_political_science_03 : <|im_start|>user
Compare nationalism with liberalism as organizing ide...
  tokens: 36 prompt + 1024 gen | tensors: 41000 seen, 41000 captured, 40 unique | 9250 ms
  saved 0 layer + 40 router tensors → /workspace/consciousness-experiment/experiments/qwen-huahua-philosophy-experts-bias/captures/20260409T200754Z_philosophy_core_cluster_no_think_p2/D15_political_science_03
[46/60] D16_philosophy_01 : <|im_start|>user
How does epistemology work as a field concerned with ...
  tokens: 42 prompt + 1024 gen | tensors: 41000 seen, 41000 captured, 40 unique | 9201 ms
  saved 0 layer + 40 router tensors → /workspace/consciousness-experiment/experiments/qwen-huahua-philosophy-experts-bias/captures/20260409T200754Z_philosophy_core_cluster_no_think_p2/D16_philosophy_01
[47/60] D16_philosophy_02 : <|im_start|>user
Why did Immanuel Kant matter to metaphysics, ethics, ...
  tokens: 41 prompt + 1024 gen | tensors: 41000 seen, 41000 captured, 40 unique | 9227 ms
  saved 0 layer + 40 router tensors → /workspace/consciousness-experiment/experiments/qwen-huahua-philosophy-experts-bias/captures/20260409T200754Z_philosophy_core_cluster_no_think_p2/D16_philosophy_02
[48/60] D16_philosophy_03 : <|im_start|>user
Compare philosophy of mind with metaphysics in the ki...
  tokens: 39 prompt + 1024 gen | tensors: 41000 seen, 41000 captured, 40 unique | 9230 ms
  saved 0 layer + 40 router tensors → /workspace/consciousness-experiment/experiments/qwen-huahua-philosophy-experts-bias/captures/20260409T200754Z_philosophy_core_cluster_no_think_p2/D16_philosophy_03
[49/60] D17_comparative_religion_01 : <|im_start|>user
How does comparative religion study ritual, doctrine,...
  tokens: 42 prompt + 1024 gen | tensors: 41000 seen, 41000 captured, 40 unique | 9204 ms
  saved 0 layer + 40 router tensors → /workspace/consciousness-experiment/experiments/qwen-huahua-philosophy-experts-bias/captures/20260409T200754Z_philosophy_core_cluster_no_think_p2/D17_comparative_religion_01
[50/60] D17_comparative_religion_02 : <|im_start|>user
Why did the Buddha matter historically, and how did B...
  tokens: 41 prompt + 1024 gen | tensors: 41000 seen, 41000 captured, 40 unique | 9225 ms
  saved 0 layer + 40 router tensors → /workspace/consciousness-experiment/experiments/qwen-huahua-philosophy-experts-bias/captures/20260409T200754Z_philosophy_core_cluster_no_think_p2/D17_comparative_religion_02
[51/60] D17_comparative_religion_03 : <|im_start|>user
Compare monotheistic traditions with non-theistic tra...
  tokens: 39 prompt + 1024 gen | tensors: 41000 seen, 41000 captured, 40 unique | 9214 ms
  saved 0 layer + 40 router tensors → /workspace/consciousness-experiment/experiments/qwen-huahua-philosophy-experts-bias/captures/20260409T200754Z_philosophy_core_cluster_no_think_p2/D17_comparative_religion_03
[52/60] D18_linguistics_01 : <|im_start|>user
How does syntax work, including phrase structure, dep...
  tokens: 38 prompt + 1024 gen | tensors: 41000 seen, 41000 captured, 40 unique | 9232 ms
  saved 0 layer + 40 router tensors → /workspace/consciousness-experiment/experiments/qwen-huahua-philosophy-experts-bias/captures/20260409T200754Z_philosophy_core_cluster_no_think_p2/D18_linguistics_01
[53/60] D18_linguistics_02 : <|im_start|>user
Why did Ferdinand de Saussure matter to linguistics a...
  tokens: 39 prompt + 1024 gen | tensors: 41000 seen, 41000 captured, 40 unique | 9245 ms
  saved 0 layer + 40 router tensors → /workspace/consciousness-experiment/experiments/qwen-huahua-philosophy-experts-bias/captures/20260409T200754Z_philosophy_core_cluster_no_think_p2/D18_linguistics_02
[54/60] D18_linguistics_03 : <|im_start|>user
Compare phonology with syntax in the kinds of linguis...
  tokens: 38 prompt + 1024 gen | tensors: 41000 seen, 41000 captured, 40 unique | 9184 ms
  saved 0 layer + 40 router tensors → /workspace/consciousness-experiment/experiments/qwen-huahua-philosophy-experts-bias/captures/20260409T200754Z_philosophy_core_cluster_no_think_p2/D18_linguistics_03
[55/60] D19_psychology_01 : <|im_start|>user
How does memory work, including encoding, storage, re...
  tokens: 39 prompt + 1024 gen | tensors: 41000 seen, 41000 captured, 40 unique | 9203 ms
  saved 0 layer + 40 router tensors → /workspace/consciousness-experiment/experiments/qwen-huahua-philosophy-experts-bias/captures/20260409T200754Z_philosophy_core_cluster_no_think_p2/D19_psychology_01
[56/60] D19_psychology_02 : <|im_start|>user
Why did William James matter to psychology?<|im_end|>...
  tokens: 32 prompt + 1024 gen | tensors: 41000 seen, 41000 captured, 40 unique | 9256 ms
  saved 0 layer + 40 router tensors → /workspace/consciousness-experiment/experiments/qwen-huahua-philosophy-experts-bias/captures/20260409T200754Z_philosophy_core_cluster_no_think_p2/D19_psychology_02
[57/60] D19_psychology_03 : <|im_start|>user
Compare cognition with emotion in how psychology expl...
  tokens: 34 prompt + 1024 gen | tensors: 41000 seen, 41000 captured, 40 unique | 9200 ms
  saved 0 layer + 40 router tensors → /workspace/consciousness-experiment/experiments/qwen-huahua-philosophy-experts-bias/captures/20260409T200754Z_philosophy_core_cluster_no_think_p2/D19_psychology_03
[58/60] D20_environmental_science_01 : <|im_start|>user
How do climate systems work, including feedback loops...
  tokens: 42 prompt + 1024 gen | tensors: 41000 seen, 41000 captured, 40 unique | 9207 ms
  saved 0 layer + 40 router tensors → /workspace/consciousness-experiment/experiments/qwen-huahua-philosophy-experts-bias/captures/20260409T200754Z_philosophy_core_cluster_no_think_p2/D20_environmental_science_01
[59/60] D20_environmental_science_02 : <|im_start|>user
Why did Rachel Carson matter to environmental science...
  tokens: 36 prompt + 1024 gen | tensors: 41000 seen, 41000 captured, 40 unique | 9244 ms
  saved 0 layer + 40 router tensors → /workspace/consciousness-experiment/experiments/qwen-huahua-philosophy-experts-bias/captures/20260409T200754Z_philosophy_core_cluster_no_think_p2/D20_environmental_science_02
[60/60] D20_environmental_science_03 : <|im_start|>user
Compare ecology with environmental chemistry in how e...
  tokens: 37 prompt + 1024 gen | tensors: 41000 seen, 41000 captured, 40 unique | 9191 ms
  saved 0 layer + 40 router tensors → /workspace/consciousness-experiment/experiments/qwen-huahua-philosophy-experts-bias/captures/20260409T200754Z_philosophy_core_cluster_no_think_p2/D20_environmental_science_03

=== Capture Complete ===
Prompts: 60  |  Output: /workspace/consciousness-experiment/experiments/qwen-huahua-philosophy-experts-bias/captures/20260409T200754Z_philosophy_core_cluster_no_think_p2
llama_perf_context_print:        load time =    7080.56 ms
llama_perf_context_print: prompt eval time =    4089.72 ms /  2420 tokens (    1.69 ms per token,   591.73 tokens per second)
llama_perf_context_print:        eval time =  537213.45 ms / 61195 runs   (    8.78 ms per token,   113.91 tokens per second)
llama_perf_context_print:       total time =  561016.88 ms / 63615 tokens
llama_perf_context_print:    graphs reused =          0
=== Running 20260409T201716Z_philosophy_core_cluster_no_think_p3 ===
Command: /workspace/consciousness-experiment/experiments/qwen-huahua-philosophy-experts-bias/non_npy_remote_artifacts/logs/20260409T201716Z_philosophy_core_cluster_no_think_p3_command.sh
ggml_cuda_init: found 2 CUDA devices (Total VRAM: 64218 MiB):
  Device 0: NVIDIA GeForce RTX 5090, compute capability 12.0, VMM: yes, VRAM: 32109 MiB
  Device 1: NVIDIA GeForce RTX 5090, compute capability 12.0, VMM: yes, VRAM: 32109 MiB
build: 8493 (1772701f) with GNU 11.4.0 for Linux x86_64
=== Consciousness Metrics — Activation Capture ===
Output dir : /workspace/consciousness-experiment/experiments/qwen-huahua-philosophy-experts-bias/captures/20260409T201716Z_philosophy_core_cluster_no_think_p3
n_predict  : 1024
Text output: file only (--no-stream)
Mode       : --routing-only (router/gate tensors only)
Expert bias: 114:3.0,87:3.0,170:3.0,68:3.0
common_init_result: fitting params to device memory, for bugs during this step try to reproduce them with -fit off, or provide --verbose logs if the bug only occurs with -fit on
llama_params_fit_impl: projected memory use with initial parameters [MiB]:
llama_params_fit_impl:   - CUDA0 (NVIDIA GeForce RTX 5090):  32109 total,  18278 used,  13287 free vs. target of   1024
llama_params_fit_impl:   - CUDA1 (NVIDIA GeForce RTX 5090):  32109 total,  17439 used,  14130 free vs. target of   1024
llama_params_fit_impl: projected to use 35717 MiB of device memory vs. 63135 MiB of free device memory
llama_params_fit_impl: targets for free memory can be met on all devices, no changes needed
llama_params_fit: successfully fit params to free device memory
llama_params_fit: fitting params to free memory took 0.64 seconds
llama_model_load_from_file_impl: using device CUDA0 (NVIDIA GeForce RTX 5090) (0000:81:00.0) - 31599 MiB free
llama_model_load_from_file_impl: using device CUDA1 (NVIDIA GeForce RTX 5090) (0000:a1:00.0) - 31599 MiB free
llama_model_loader: loaded meta data with 43 key-value pairs and 733 tensors from /workspace/models/qwen35-hauhau-q8/Qwen3.5-35B-A3B-Uncensored-HauhauCS-Aggressive-Q8_0.gguf (version GGUF V3 (latest))
llama_model_loader: Dumping metadata keys/values. Note: KV overrides do not apply in this output.
llama_model_loader: - kv   0:                       general.architecture str              = qwen35moe
llama_model_loader: - kv   1:                               general.type str              = model
llama_model_loader: - kv   2:                     general.sampling.top_k i32              = 20
llama_model_loader: - kv   3:                     general.sampling.top_p f32              = 0.950000
llama_model_loader: - kv   4:                      general.sampling.temp f32              = 1.000000
llama_model_loader: - kv   5:                               general.name str              = Qwen3.5-35B-A3B-Uncensored-HauhauCS-A...
llama_model_loader: - kv   6:                           general.finetune str              = 5RefKL0.042
llama_model_loader: - kv   7:                      qwen35moe.block_count u32              = 40
llama_model_loader: - kv   8:                   qwen35moe.context_length u32              = 262144
llama_model_loader: - kv   9:                 qwen35moe.embedding_length u32              = 2048
llama_model_loader: - kv  10:             qwen35moe.attention.head_count u32              = 16
llama_model_loader: - kv  11:          qwen35moe.attention.head_count_kv u32              = 2
llama_model_loader: - kv  12:          qwen35moe.rope.dimension_sections arr[i32,4]       = [11, 11, 10, 0]
llama_model_loader: - kv  13:                   qwen35moe.rope.freq_base f32              = 10000000.000000
llama_model_loader: - kv  14: qwen35moe.attention.layer_norm_rms_epsilon f32              = 0.000001
llama_model_loader: - kv  15:                     qwen35moe.expert_count u32              = 256
llama_model_loader: - kv  16:                qwen35moe.expert_used_count u32              = 8
llama_model_loader: - kv  17:             qwen35moe.attention.key_length u32              = 256
llama_model_loader: - kv  18:           qwen35moe.attention.value_length u32              = 256
llama_model_loader: - kv  19:       qwen35moe.expert_feed_forward_length u32              = 512
llama_model_loader: - kv  20: qwen35moe.expert_shared_feed_forward_length u32              = 512
llama_model_loader: - kv  21:                  qwen35moe.ssm.conv_kernel u32              = 4
llama_model_loader: - kv  22:                   qwen35moe.ssm.state_size u32              = 128
llama_model_loader: - kv  23:                  qwen35moe.ssm.group_count u32              = 16
llama_model_loader: - kv  24:               qwen35moe.ssm.time_step_rank u32              = 32
llama_model_loader: - kv  25:                   qwen35moe.ssm.inner_size u32              = 4096
llama_model_loader: - kv  26:          qwen35moe.full_attention_interval u32              = 4
llama_model_loader: - kv  27:             qwen35moe.rope.dimension_count u32              = 64
llama_model_loader: - kv  28:                       tokenizer.ggml.model str              = gpt2
llama_model_loader: - kv  29:                         tokenizer.ggml.pre str              = qwen35
llama_model_loader: - kv  30:                      tokenizer.ggml.tokens arr[str,248320]  = ["!", "\"", "#", "$", "%", "&", "'", ...
llama_model_loader: - kv  31:                  tokenizer.ggml.token_type arr[i32,248320]  = [1, 1, 1, 1, 1, 1, 1, 1, 1, 1, 1, 1, ...
llama_model_loader: - kv  32:                      tokenizer.ggml.merges arr[str,247587]  = ["Ġ Ġ", "ĠĠ ĠĠ", "i n", "Ġ t",...
llama_model_loader: - kv  33:                tokenizer.ggml.eos_token_id u32              = 248046
llama_model_loader: - kv  34:            tokenizer.ggml.padding_token_id u32              = 248044
llama_model_loader: - kv  35:                    tokenizer.chat_template str              = {%- set image_count = namespace(value...
llama_model_loader: - kv  36:               general.quantization_version u32              = 2
llama_model_loader: - kv  37:                          general.file_type u32              = 7
llama_model_loader: - kv  38:                         general.size_label str              = 35B-A3B
llama_model_loader: - kv  39:                      quantize.imatrix.file str              = Qwen3.5-35B-A3B-Uncensored-HauhauCS-A...
llama_model_loader: - kv  40:                   quantize.imatrix.dataset str              = /home/hauhaucs/llama.cpp/groups_merge...
llama_model_loader: - kv  41:             quantize.imatrix.entries_count u32              = 510
llama_model_loader: - kv  42:              quantize.imatrix.chunks_count u32              = 93
llama_model_loader: - type  f32:  301 tensors
llama_model_loader: - type q8_0:  432 tensors
print_info: file format = GGUF V3 (latest)
print_info: file type   = Q8_0
print_info: file size   = 34.36 GiB (8.52 BPW) 
load: 0 unused tokens
load: printing all EOG tokens:
load:   - 248044 ('<|endoftext|>')
load:   - 248046 ('<|im_end|>')
load:   - 248063 ('<|fim_pad|>')
load:   - 248064 ('<|repo_name|>')
load:   - 248065 ('<|file_sep|>')
load: special tokens cache size = 33
load: token to piece cache size = 1.7581 MB
print_info: arch                  = qwen35moe
print_info: vocab_only            = 0
print_info: no_alloc              = 0
print_info: n_ctx_train           = 262144
print_info: n_embd                = 2048
print_info: n_embd_inp            = 2048
print_info: n_layer               = 40
print_info: n_head                = 16
print_info: n_head_kv             = 2
print_info: n_rot                 = 64
print_info: n_swa                 = 0
print_info: is_swa_any            = 0
print_info: n_embd_head_k         = 256
print_info: n_embd_head_v         = 256
print_info: n_gqa                 = 8
print_info: n_embd_k_gqa          = 512
print_info: n_embd_v_gqa          = 512
print_info: f_norm_eps            = 0.0e+00
print_info: f_norm_rms_eps        = 1.0e-06
print_info: f_clamp_kqv           = 0.0e+00
print_info: f_max_alibi_bias      = 0.0e+00
print_info: f_logit_scale         = 0.0e+00
print_info: f_attn_scale          = 0.0e+00
print_info: n_ff                  = 0
print_info: n_expert              = 256
print_info: n_expert_used         = 8
print_info: n_expert_groups       = 0
print_info: n_group_used          = 0
print_info: causal attn           = 1
print_info: pooling type          = 0
print_info: rope type             = 40
print_info: rope scaling          = linear
print_info: freq_base_train       = 10000000.0
print_info: freq_scale_train      = 1
print_info: n_ctx_orig_yarn       = 262144
print_info: rope_yarn_log_mul     = 0.0000
print_info: rope_finetuned        = unknown
print_info: mrope sections        = [11, 11, 10, 0]
print_info: ssm_d_conv            = 4
print_info: ssm_d_inner           = 4096
print_info: ssm_d_state           = 128
print_info: ssm_dt_rank           = 32
print_info: ssm_n_group           = 16
print_info: ssm_dt_b_c_rms        = 0
print_info: model type            = 35B.A3B
print_info: model params          = 34.66 B
print_info: general.name          = Qwen3.5-35B-A3B-Uncensored-HauhauCS-Aggressive
print_info: vocab type            = BPE
print_info: n_vocab               = 248320
print_info: n_merges              = 247587
print_info: BOS token             = 11 ','
print_info: EOS token             = 248046 '<|im_end|>'
print_info: EOT token             = 248046 '<|im_end|>'
print_info: PAD token             = 248044 '<|endoftext|>'
print_info: LF token              = 198 'Ċ'
print_info: FIM PRE token         = 248060 '<|fim_prefix|>'
print_info: FIM SUF token         = 248062 '<|fim_suffix|>'
print_info: FIM MID token         = 248061 '<|fim_middle|>'
print_info: FIM PAD token         = 248063 '<|fim_pad|>'
print_info: FIM REP token         = 248064 '<|repo_name|>'
print_info: FIM SEP token         = 248065 '<|file_sep|>'
print_info: EOG token             = 248044 '<|endoftext|>'
print_info: EOG token             = 248046 '<|im_end|>'
print_info: EOG token             = 248063 '<|fim_pad|>'
print_info: EOG token             = 248064 '<|repo_name|>'
print_info: EOG token             = 248065 '<|file_sep|>'
print_info: max token length      = 256
load_tensors: loading model tensors, this can take a while... (mmap = true, direct_io = false)
load_tensors: offloading output layer to GPU
load_tensors: offloading 39 repeating layers to GPU
load_tensors: offloaded 41/41 layers to GPU
load_tensors:   CPU_Mapped model buffer size =   515.31 MiB
load_tensors:        CUDA0 model buffer size = 17931.70 MiB
load_tensors:        CUDA1 model buffer size = 16736.08 MiB
....................................................................................................
common_init_result: added <|endoftext|> logit bias = -inf
common_init_result: added <|im_end|> logit bias = -inf
common_init_result: added <|fim_pad|> logit bias = -inf
common_init_result: added <|repo_name|> logit bias = -inf
common_init_result: added <|file_sep|> logit bias = -inf
llama_context: constructing llama_context
llama_context: n_seq_max     = 1
llama_context: n_ctx         = 16384
llama_context: n_ctx_seq     = 16384
llama_context: n_batch       = 2048
llama_context: n_ubatch      = 512
llama_context: causal_attn   = 1
llama_context: flash_attn    = enabled
llama_context: kv_unified    = false
llama_context: freq_base     = 10000000.0
llama_context: freq_scale    = 1
llama_context: n_ctx_seq (16384) < n_ctx_train (262144) -- the full capacity of the model will not be utilized
llama_context:  CUDA_Host  output buffer size =     0.95 MiB
llama_kv_cache:      CUDA0 KV buffer size =    85.00 MiB
llama_kv_cache:      CUDA1 KV buffer size =    85.00 MiB
llama_kv_cache: size =  170.00 MiB ( 16384 cells,  10 layers,  1/1 seqs), K (q8_0):   85.00 MiB, V (q8_0):   85.00 MiB
llama_memory_recurrent:      CUDA0 RS buffer size =    33.50 MiB
llama_memory_recurrent:      CUDA1 RS buffer size =    29.31 MiB
llama_memory_recurrent: size =   62.81 MiB (     1 cells,  40 layers,  1 seqs), R (f32):    2.81 MiB, S (f32):   60.00 MiB
llama_context: pipeline parallelism enabled
llama_context: graph reuse is currently not compatible with pipeline parallelism - disabling
sched_reserve: reserving ...
sched_reserve: resolving fused Gated Delta Net support:
sched_reserve: fused Gated Delta Net (autoregressive) enabled
sched_reserve: fused Gated Delta Net (chunked) enabled
sched_reserve:      CUDA0 compute buffer size =   228.06 MiB
sched_reserve:      CUDA1 compute buffer size =   573.07 MiB
sched_reserve:  CUDA_Host compute buffer size =   136.08 MiB
sched_reserve: graph nodes  = 3729
sched_reserve: graph splits = 3
sched_reserve: reserve took 88.20 ms, sched copies = 4
Sampler    : logits -> ?penalties -> ?dry -> ?top-n-sigma -> top-k -> ?typical -> ?top-p -> ?min-p -> ?xtc -> temp-ext -> dist 
EOS token id: 248046
EOG tokens in vocab:
  token 248044 = '<|endoftext|>' [EOG - will NOT stop generation]
  token 248046 = '<|im_end|>' [PRIMARY EOS - will stop generation]
  token 248063 = '<|fim_pad|>' [EOG - will NOT stop generation]
  token 248064 = '<|repo_name|>' [EOG - will NOT stop generation]
  token 248065 = '<|file_sep|>' [EOG - will NOT stop generation]
system_info: n_threads = 16 (n_threads_batch = 16) / 384 | CUDA : ARCHS = 500,610,700,750,800,860,890 | USE_GRAPHS = 1 | PEER_MAX_BATCH_SIZE = 128 | CPU : SSE3 = 1 | SSSE3 = 1 | AVX = 1 | AVX2 = 1 | F16C = 1 | FMA = 1 | BMI2 = 1 | AVX512 = 1 | AVX512_VBMI = 1 | AVX512_VNNI = 1 | AVX512_BF16 = 1 | LLAMAFILE = 1 | OPENMP = 1 | REPACK = 1 | 

Loaded 60 prompts

[1/60] D01_history_01 : <|im_start|>user
How do historians reconstruct the causes and course o...
  tokens: 49 prompt + 1024 gen | tensors: 41000 seen, 41000 captured, 40 unique | 9329 ms
  saved 0 layer + 40 router tensors → /workspace/consciousness-experiment/experiments/qwen-huahua-philosophy-experts-bias/captures/20260409T201716Z_philosophy_core_cluster_no_think_p3/D01_history_01
[2/60] D01_history_02 : <|im_start|>user
Why did Ivan IV matter in Russian history, and what w...
  tokens: 43 prompt + 1024 gen | tensors: 41000 seen, 41000 captured, 40 unique | 9083 ms
  saved 0 layer + 40 router tensors → /workspace/consciousness-experiment/experiments/qwen-huahua-philosophy-experts-bias/captures/20260409T201716Z_philosophy_core_cluster_no_think_p3/D01_history_02
[3/60] D01_history_03 : <|im_start|>user
Compare the historical impact of the September 11 att...
  tokens: 48 prompt + 1024 gen | tensors: 41000 seen, 41000 captured, 40 unique | 9334 ms
  saved 0 layer + 40 router tensors → /workspace/consciousness-experiment/experiments/qwen-huahua-philosophy-experts-bias/captures/20260409T201716Z_philosophy_core_cluster_no_think_p3/D01_history_03
[4/60] D02_archaeology_01 : <|im_start|>user
How do archaeologists reconstruct the daily life of a...
  tokens: 45 prompt + 1024 gen | tensors: 41000 seen, 41000 captured, 40 unique | 9329 ms
  saved 0 layer + 40 router tensors → /workspace/consciousness-experiment/experiments/qwen-huahua-philosophy-experts-bias/captures/20260409T201716Z_philosophy_core_cluster_no_think_p3/D02_archaeology_01
[5/60] D02_archaeology_02 : <|im_start|>user
Why did the Rosetta Stone matter so much for archaeol...
  tokens: 43 prompt + 1024 gen | tensors: 41000 seen, 41000 captured, 40 unique | 9333 ms
  saved 0 layer + 40 router tensors → /workspace/consciousness-experiment/experiments/qwen-huahua-philosophy-experts-bias/captures/20260409T201716Z_philosophy_core_cluster_no_think_p3/D02_archaeology_02
[6/60] D02_archaeology_03 : <|im_start|>user
Compare radiocarbon dating with stratigraphy as tools...
  tokens: 38 prompt + 1024 gen | tensors: 41000 seen, 41000 captured, 40 unique | 9372 ms
  saved 0 layer + 40 router tensors → /workspace/consciousness-experiment/experiments/qwen-huahua-philosophy-experts-bias/captures/20260409T201716Z_philosophy_core_cluster_no_think_p3/D02_archaeology_03
[7/60] D03_mathematics_01 : <|im_start|>user
How does calculus work as a mathematical framework fo...
  tokens: 41 prompt + 1024 gen | tensors: 41000 seen, 41000 captured, 40 unique | 9303 ms
  saved 0 layer + 40 router tensors → /workspace/consciousness-experiment/experiments/qwen-huahua-philosophy-experts-bias/captures/20260409T201716Z_philosophy_core_cluster_no_think_p3/D03_mathematics_01
[8/60] D03_mathematics_02 : <|im_start|>user
Why did Carl Friedrich Gauss matter to number theory,...
  tokens: 40 prompt + 1024 gen | tensors: 41000 seen, 41000 captured, 40 unique | 9311 ms
  saved 0 layer + 40 router tensors → /workspace/consciousness-experiment/experiments/qwen-huahua-philosophy-experts-bias/captures/20260409T201716Z_philosophy_core_cluster_no_think_p3/D03_mathematics_02
[9/60] D03_mathematics_03 : <|im_start|>user
Compare linear algebra with calculus in terms of thei...
  tokens: 40 prompt + 1024 gen | tensors: 41000 seen, 41000 captured, 40 unique | 9353 ms
  saved 0 layer + 40 router tensors → /workspace/consciousness-experiment/experiments/qwen-huahua-philosophy-experts-bias/captures/20260409T201716Z_philosophy_core_cluster_no_think_p3/D03_mathematics_03
[10/60] D04_statistics_01 : <|im_start|>user
How does hypothesis testing work, including null mode...
  tokens: 41 prompt + 1024 gen | tensors: 41000 seen, 41000 captured, 40 unique | 9312 ms
  saved 0 layer + 40 router tensors → /workspace/consciousness-experiment/experiments/qwen-huahua-philosophy-experts-bias/captures/20260409T201716Z_philosophy_core_cluster_no_think_p3/D04_statistics_01
[11/60] D04_statistics_02 : <|im_start|>user
Why did Bayes' theorem matter so much for the develop...
  tokens: 40 prompt + 1024 gen | tensors: 41000 seen, 41000 captured, 40 unique | 9312 ms
  saved 0 layer + 40 router tensors → /workspace/consciousness-experiment/experiments/qwen-huahua-philosophy-experts-bias/captures/20260409T201716Z_philosophy_core_cluster_no_think_p3/D04_statistics_02
[12/60] D04_statistics_03 : <|im_start|>user
Compare frequentist inference with Bayesian inference...
  tokens: 39 prompt + 1024 gen | tensors: 41000 seen, 41000 captured, 40 unique | 9309 ms
  saved 0 layer + 40 router tensors → /workspace/consciousness-experiment/experiments/qwen-huahua-philosophy-experts-bias/captures/20260409T201716Z_philosophy_core_cluster_no_think_p3/D04_statistics_03
[13/60] D05_physics_01 : <|im_start|>user
How does thermodynamics work as a framework for energ...
  tokens: 41 prompt + 1024 gen | tensors: 41000 seen, 41000 captured, 40 unique | 9306 ms
  saved 0 layer + 40 router tensors → /workspace/consciousness-experiment/experiments/qwen-huahua-philosophy-experts-bias/captures/20260409T201716Z_philosophy_core_cluster_no_think_p3/D05_physics_01
[14/60] D05_physics_02 : <|im_start|>user
Why did Albert Einstein matter so much to relativity,...
  tokens: 42 prompt + 1024 gen | tensors: 41000 seen, 41000 captured, 40 unique | 9323 ms
  saved 0 layer + 40 router tensors → /workspace/consciousness-experiment/experiments/qwen-huahua-philosophy-experts-bias/captures/20260409T201716Z_philosophy_core_cluster_no_think_p3/D05_physics_02
[15/60] D05_physics_03 : <|im_start|>user
Compare the Standard Model with general relativity in...
  tokens: 42 prompt + 1024 gen | tensors: 41000 seen, 41000 captured, 40 unique | 9304 ms
  saved 0 layer + 40 router tensors → /workspace/consciousness-experiment/experiments/qwen-huahua-philosophy-experts-bias/captures/20260409T201716Z_philosophy_core_cluster_no_think_p3/D05_physics_03
[16/60] D06_chemistry_01 : <|im_start|>user
How does chemical bonding work across ionic, covalent...
  tokens: 41 prompt + 1024 gen | tensors: 41000 seen, 41000 captured, 40 unique | 9303 ms
  saved 0 layer + 40 router tensors → /workspace/consciousness-experiment/experiments/qwen-huahua-philosophy-experts-bias/captures/20260409T201716Z_philosophy_core_cluster_no_think_p3/D06_chemistry_01
[17/60] D06_chemistry_02 : <|im_start|>user
Why did Dmitri Mendeleev matter to chemistry and the ...
  tokens: 42 prompt + 1024 gen | tensors: 41000 seen, 41000 captured, 40 unique | 9354 ms
  saved 0 layer + 40 router tensors → /workspace/consciousness-experiment/experiments/qwen-huahua-philosophy-experts-bias/captures/20260409T201716Z_philosophy_core_cluster_no_think_p3/D06_chemistry_02
[18/60] D06_chemistry_03 : <|im_start|>user
Compare reaction kinetics with chemical equilibrium i...
  tokens: 37 prompt + 1024 gen | tensors: 41000 seen, 41000 captured, 40 unique | 9325 ms
  saved 0 layer + 40 router tensors → /workspace/consciousness-experiment/experiments/qwen-huahua-philosophy-experts-bias/captures/20260409T201716Z_philosophy_core_cluster_no_think_p3/D06_chemistry_03
[19/60] D07_biology_01 : <|im_start|>user
How does evolution by natural selection work, includi...
  tokens: 41 prompt + 1024 gen | tensors: 41000 seen, 41000 captured, 40 unique | 9297 ms
  saved 0 layer + 40 router tensors → /workspace/consciousness-experiment/experiments/qwen-huahua-philosophy-experts-bias/captures/20260409T201716Z_philosophy_core_cluster_no_think_p3/D07_biology_01
[20/60] D07_biology_02 : <|im_start|>user
Why did Charles Darwin matter so much to biological s...
  tokens: 35 prompt + 1024 gen | tensors: 41000 seen, 41000 captured, 40 unique | 9321 ms
  saved 0 layer + 40 router tensors → /workspace/consciousness-experiment/experiments/qwen-huahua-philosophy-experts-bias/captures/20260409T201716Z_philosophy_core_cluster_no_think_p3/D07_biology_02
[21/60] D07_biology_03 : <|im_start|>user
Compare classical genetics with molecular biology in ...
  tokens: 37 prompt + 1024 gen | tensors: 41000 seen, 41000 captured, 40 unique | 9315 ms
  saved 0 layer + 40 router tensors → /workspace/consciousness-experiment/experiments/qwen-huahua-philosophy-experts-bias/captures/20260409T201716Z_philosophy_core_cluster_no_think_p3/D07_biology_03
[22/60] D08_medicine_01 : <|im_start|>user
How does sepsis develop and why is it medically dange...
  tokens: 37 prompt + 1024 gen | tensors: 41000 seen, 41000 captured, 40 unique | 9304 ms
  saved 0 layer + 40 router tensors → /workspace/consciousness-experiment/experiments/qwen-huahua-philosophy-experts-bias/captures/20260409T201716Z_philosophy_core_cluster_no_think_p3/D08_medicine_01
[23/60] D08_medicine_02 : <|im_start|>user
Why did Ignaz Semmelweis matter to medicine and infec...
  tokens: 38 prompt + 1024 gen | tensors: 41000 seen, 41000 captured, 40 unique | 9380 ms
  saved 0 layer + 40 router tensors → /workspace/consciousness-experiment/experiments/qwen-huahua-philosophy-experts-bias/captures/20260409T201716Z_philosophy_core_cluster_no_think_p3/D08_medicine_02
[24/60] D08_medicine_03 : <|im_start|>user
Compare antibiotics with vaccines in how they prevent...
  tokens: 36 prompt + 1024 gen | tensors: 41000 seen, 41000 captured, 40 unique | 9284 ms
  saved 0 layer + 40 router tensors → /workspace/consciousness-experiment/experiments/qwen-huahua-philosophy-experts-bias/captures/20260409T201716Z_philosophy_core_cluster_no_think_p3/D08_medicine_03
[25/60] D09_neuroscience_01 : <|im_start|>user
How does synaptic transmission work, including neurot...
  tokens: 40 prompt + 1024 gen | tensors: 41000 seen, 41000 captured, 40 unique | 9319 ms
  saved 0 layer + 40 router tensors → /workspace/consciousness-experiment/experiments/qwen-huahua-philosophy-experts-bias/captures/20260409T201716Z_philosophy_core_cluster_no_think_p3/D09_neuroscience_01
[26/60] D09_neuroscience_02 : <|im_start|>user
Why did Santiago Ramon y Cajal matter to neuroscience...
  tokens: 36 prompt + 1024 gen | tensors: 41000 seen, 41000 captured, 40 unique | 9339 ms
  saved 0 layer + 40 router tensors → /workspace/consciousness-experiment/experiments/qwen-huahua-philosophy-experts-bias/captures/20260409T201716Z_philosophy_core_cluster_no_think_p3/D09_neuroscience_02
[27/60] D09_neuroscience_03 : <|im_start|>user
Compare brain imaging with electrophysiology in the k...
  tokens: 43 prompt + 1024 gen | tensors: 41000 seen, 41000 captured, 40 unique | 9295 ms
  saved 0 layer + 40 router tensors → /workspace/consciousness-experiment/experiments/qwen-huahua-philosophy-experts-bias/captures/20260409T201716Z_philosophy_core_cluster_no_think_p3/D09_neuroscience_03
[28/60] D10_computer_science_01 : <|im_start|>user
How do algorithms and computational complexity work a...
  tokens: 38 prompt + 1024 gen | tensors: 41000 seen, 41000 captured, 40 unique | 9294 ms
  saved 0 layer + 40 router tensors → /workspace/consciousness-experiment/experiments/qwen-huahua-philosophy-experts-bias/captures/20260409T201716Z_philosophy_core_cluster_no_think_p3/D10_computer_science_01
[29/60] D10_computer_science_02 : <|im_start|>user
Why did Alan Turing matter to computer science, compu...
  tokens: 39 prompt + 1024 gen | tensors: 41000 seen, 41000 captured, 40 unique | 9295 ms
  saved 0 layer + 40 router tensors → /workspace/consciousness-experiment/experiments/qwen-huahua-philosophy-experts-bias/captures/20260409T201716Z_philosophy_core_cluster_no_think_p3/D10_computer_science_02
[30/60] D10_computer_science_03 : <|im_start|>user
Compare data structures with algorithms in the role e...
  tokens: 38 prompt + 1024 gen | tensors: 41000 seen, 41000 captured, 40 unique | 9341 ms
  saved 0 layer + 40 router tensors → /workspace/consciousness-experiment/experiments/qwen-huahua-philosophy-experts-bias/captures/20260409T201716Z_philosophy_core_cluster_no_think_p3/D10_computer_science_03
[31/60] D11_software_engineering_01 : <|im_start|>user
How does a software engineering process move from req...
  tokens: 43 prompt + 1024 gen | tensors: 41000 seen, 41000 captured, 40 unique | 9299 ms
  saved 0 layer + 40 router tensors → /workspace/consciousness-experiment/experiments/qwen-huahua-philosophy-experts-bias/captures/20260409T201716Z_philosophy_core_cluster_no_think_p3/D11_software_engineering_01
[32/60] D11_software_engineering_02 : <|im_start|>user
Why did the Agile Manifesto matter to software develo...
  tokens: 36 prompt + 1024 gen | tensors: 41000 seen, 41000 captured, 40 unique | 9324 ms
  saved 0 layer + 40 router tensors → /workspace/consciousness-experiment/experiments/qwen-huahua-philosophy-experts-bias/captures/20260409T201716Z_philosophy_core_cluster_no_think_p3/D11_software_engineering_02
[33/60] D11_software_engineering_03 : <|im_start|>user
Compare version control with continuous integration i...
  tokens: 38 prompt + 1024 gen | tensors: 41000 seen, 41000 captured, 40 unique | 9302 ms
  saved 0 layer + 40 router tensors → /workspace/consciousness-experiment/experiments/qwen-huahua-philosophy-experts-bias/captures/20260409T201716Z_philosophy_core_cluster_no_think_p3/D11_software_engineering_03
[34/60] D12_cybersecurity_01 : <|im_start|>user
How does public key cryptography work, including key ...
  tokens: 40 prompt + 1024 gen | tensors: 41000 seen, 41000 captured, 40 unique | 9293 ms
  saved 0 layer + 40 router tensors → /workspace/consciousness-experiment/experiments/qwen-huahua-philosophy-experts-bias/captures/20260409T201716Z_philosophy_core_cluster_no_think_p3/D12_cybersecurity_01
[35/60] D12_cybersecurity_02 : <|im_start|>user
Why did the Morris worm matter in the history of cybe...
  tokens: 36 prompt + 1024 gen | tensors: 41000 seen, 41000 captured, 40 unique | 9306 ms
  saved 0 layer + 40 router tensors → /workspace/consciousness-experiment/experiments/qwen-huahua-philosophy-experts-bias/captures/20260409T201716Z_philosophy_core_cluster_no_think_p3/D12_cybersecurity_02
[36/60] D12_cybersecurity_03 : <|im_start|>user
Compare authentication with access control in practic...
  tokens: 34 prompt + 1024 gen | tensors: 41000 seen, 41000 captured, 40 unique | 9310 ms
  saved 0 layer + 40 router tensors → /workspace/consciousness-experiment/experiments/qwen-huahua-philosophy-experts-bias/captures/20260409T201716Z_philosophy_core_cluster_no_think_p3/D12_cybersecurity_03
[37/60] D13_economics_01 : <|im_start|>user
How does inflation work, including monetary policy, e...
  tokens: 39 prompt + 1024 gen | tensors: 41000 seen, 41000 captured, 40 unique | 9328 ms
  saved 0 layer + 40 router tensors → /workspace/consciousness-experiment/experiments/qwen-huahua-philosophy-experts-bias/captures/20260409T201716Z_philosophy_core_cluster_no_think_p3/D13_economics_01
[38/60] D13_economics_02 : <|im_start|>user
Why did John Maynard Keynes matter to economics and m...
  tokens: 38 prompt + 1024 gen | tensors: 41000 seen, 41000 captured, 40 unique | 9313 ms
  saved 0 layer + 40 router tensors → /workspace/consciousness-experiment/experiments/qwen-huahua-philosophy-experts-bias/captures/20260409T201716Z_philosophy_core_cluster_no_think_p3/D13_economics_02
[39/60] D13_economics_03 : <|im_start|>user
Compare the 2008 financial crisis with the Great Depr...
  tokens: 44 prompt + 1024 gen | tensors: 41000 seen, 41000 captured, 40 unique | 9297 ms
  saved 0 layer + 40 router tensors → /workspace/consciousness-experiment/experiments/qwen-huahua-philosophy-experts-bias/captures/20260409T201716Z_philosophy_core_cluster_no_think_p3/D13_economics_03
[40/60] D14_law_01 : <|im_start|>user
How does constitutional law work in organizing powers...
  tokens: 39 prompt + 1024 gen | tensors: 41000 seen, 41000 captured, 40 unique | 9309 ms
  saved 0 layer + 40 router tensors → /workspace/consciousness-experiment/experiments/qwen-huahua-philosophy-experts-bias/captures/20260409T201716Z_philosophy_core_cluster_no_think_p3/D14_law_01
[41/60] D14_law_02 : <|im_start|>user
Why did Marbury v. Madison matter in legal history?<|...
  tokens: 36 prompt + 1024 gen | tensors: 41000 seen, 41000 captured, 40 unique | 9298 ms
  saved 0 layer + 40 router tensors → /workspace/consciousness-experiment/experiments/qwen-huahua-philosophy-experts-bias/captures/20260409T201716Z_philosophy_core_cluster_no_think_p3/D14_law_02
[42/60] D14_law_03 : <|im_start|>user
Compare precedent with statutory interpretation in mo...
  tokens: 34 prompt + 1024 gen | tensors: 41000 seen, 41000 captured, 40 unique | 9284 ms
  saved 0 layer + 40 router tensors → /workspace/consciousness-experiment/experiments/qwen-huahua-philosophy-experts-bias/captures/20260409T201716Z_philosophy_core_cluster_no_think_p3/D14_law_03
[43/60] D15_political_science_01 : <|im_start|>user
How do democratic institutions work, including electi...
  tokens: 40 prompt + 1024 gen | tensors: 41000 seen, 41000 captured, 40 unique | 9299 ms
  saved 0 layer + 40 router tensors → /workspace/consciousness-experiment/experiments/qwen-huahua-philosophy-experts-bias/captures/20260409T201716Z_philosophy_core_cluster_no_think_p3/D15_political_science_01
[44/60] D15_political_science_02 : <|im_start|>user
Why did Niccolo Machiavelli matter to political thoug...
  tokens: 40 prompt + 1024 gen | tensors: 41000 seen, 41000 captured, 40 unique | 9319 ms
  saved 0 layer + 40 router tensors → /workspace/consciousness-experiment/experiments/qwen-huahua-philosophy-experts-bias/captures/20260409T201716Z_philosophy_core_cluster_no_think_p3/D15_political_science_02
[45/60] D15_political_science_03 : <|im_start|>user
Compare nationalism with liberalism as organizing ide...
  tokens: 36 prompt + 1024 gen | tensors: 41000 seen, 41000 captured, 40 unique | 9335 ms
  saved 0 layer + 40 router tensors → /workspace/consciousness-experiment/experiments/qwen-huahua-philosophy-experts-bias/captures/20260409T201716Z_philosophy_core_cluster_no_think_p3/D15_political_science_03
[46/60] D16_philosophy_01 : <|im_start|>user
How does epistemology work as a field concerned with ...
  tokens: 42 prompt + 1024 gen | tensors: 41000 seen, 41000 captured, 40 unique | 9313 ms
  saved 0 layer + 40 router tensors → /workspace/consciousness-experiment/experiments/qwen-huahua-philosophy-experts-bias/captures/20260409T201716Z_philosophy_core_cluster_no_think_p3/D16_philosophy_01
[47/60] D16_philosophy_02 : <|im_start|>user
Why did Immanuel Kant matter to metaphysics, ethics, ...
  tokens: 41 prompt + 1024 gen | tensors: 41000 seen, 41000 captured, 40 unique | 9307 ms
  saved 0 layer + 40 router tensors → /workspace/consciousness-experiment/experiments/qwen-huahua-philosophy-experts-bias/captures/20260409T201716Z_philosophy_core_cluster_no_think_p3/D16_philosophy_02
[48/60] D16_philosophy_03 : <|im_start|>user
Compare philosophy of mind with metaphysics in the ki...
  tokens: 39 prompt + 1024 gen | tensors: 41000 seen, 41000 captured, 40 unique | 9310 ms
  saved 0 layer + 40 router tensors → /workspace/consciousness-experiment/experiments/qwen-huahua-philosophy-experts-bias/captures/20260409T201716Z_philosophy_core_cluster_no_think_p3/D16_philosophy_03
[49/60] D17_comparative_religion_01 : <|im_start|>user
How does comparative religion study ritual, doctrine,...
  tokens: 42 prompt + 1024 gen | tensors: 41000 seen, 41000 captured, 40 unique | 9298 ms
  saved 0 layer + 40 router tensors → /workspace/consciousness-experiment/experiments/qwen-huahua-philosophy-experts-bias/captures/20260409T201716Z_philosophy_core_cluster_no_think_p3/D17_comparative_religion_01
[50/60] D17_comparative_religion_02 : <|im_start|>user
Why did the Buddha matter historically, and how did B...
  tokens: 41 prompt + 1024 gen | tensors: 41000 seen, 41000 captured, 40 unique | 9308 ms
  saved 0 layer + 40 router tensors → /workspace/consciousness-experiment/experiments/qwen-huahua-philosophy-experts-bias/captures/20260409T201716Z_philosophy_core_cluster_no_think_p3/D17_comparative_religion_02
[51/60] D17_comparative_religion_03 : <|im_start|>user
Compare monotheistic traditions with non-theistic tra...
  tokens: 39 prompt + 1024 gen | tensors: 41000 seen, 41000 captured, 40 unique | 9301 ms
  saved 0 layer + 40 router tensors → /workspace/consciousness-experiment/experiments/qwen-huahua-philosophy-experts-bias/captures/20260409T201716Z_philosophy_core_cluster_no_think_p3/D17_comparative_religion_03
[52/60] D18_linguistics_01 : <|im_start|>user
How does syntax work, including phrase structure, dep...
  tokens: 38 prompt + 1024 gen | tensors: 41000 seen, 41000 captured, 40 unique | 9309 ms
  saved 0 layer + 40 router tensors → /workspace/consciousness-experiment/experiments/qwen-huahua-philosophy-experts-bias/captures/20260409T201716Z_philosophy_core_cluster_no_think_p3/D18_linguistics_01
[53/60] D18_linguistics_02 : <|im_start|>user
Why did Ferdinand de Saussure matter to linguistics a...
  tokens: 39 prompt + 1024 gen | tensors: 41000 seen, 41000 captured, 40 unique | 9327 ms
  saved 0 layer + 40 router tensors → /workspace/consciousness-experiment/experiments/qwen-huahua-philosophy-experts-bias/captures/20260409T201716Z_philosophy_core_cluster_no_think_p3/D18_linguistics_02
[54/60] D18_linguistics_03 : <|im_start|>user
Compare phonology with syntax in the kinds of linguis...
  tokens: 38 prompt + 1024 gen | tensors: 41000 seen, 41000 captured, 40 unique | 9321 ms
  saved 0 layer + 40 router tensors → /workspace/consciousness-experiment/experiments/qwen-huahua-philosophy-experts-bias/captures/20260409T201716Z_philosophy_core_cluster_no_think_p3/D18_linguistics_03
[55/60] D19_psychology_01 : <|im_start|>user
How does memory work, including encoding, storage, re...
  tokens: 39 prompt + 1024 gen | tensors: 41000 seen, 41000 captured, 40 unique | 9337 ms
  saved 0 layer + 40 router tensors → /workspace/consciousness-experiment/experiments/qwen-huahua-philosophy-experts-bias/captures/20260409T201716Z_philosophy_core_cluster_no_think_p3/D19_psychology_01
[56/60] D19_psychology_02 : <|im_start|>user
Why did William James matter to psychology?<|im_end|>...
  tokens: 32 prompt + 1024 gen | tensors: 41000 seen, 41000 captured, 40 unique | 9336 ms
  saved 0 layer + 40 router tensors → /workspace/consciousness-experiment/experiments/qwen-huahua-philosophy-experts-bias/captures/20260409T201716Z_philosophy_core_cluster_no_think_p3/D19_psychology_02
[57/60] D19_psychology_03 : <|im_start|>user
Compare cognition with emotion in how psychology expl...
  tokens: 34 prompt + 1024 gen | tensors: 41000 seen, 41000 captured, 40 unique | 9299 ms
  saved 0 layer + 40 router tensors → /workspace/consciousness-experiment/experiments/qwen-huahua-philosophy-experts-bias/captures/20260409T201716Z_philosophy_core_cluster_no_think_p3/D19_psychology_03
[58/60] D20_environmental_science_01 : <|im_start|>user
How do climate systems work, including feedback loops...
  tokens: 42 prompt + 1024 gen | tensors: 41000 seen, 41000 captured, 40 unique | 9298 ms
  saved 0 layer + 40 router tensors → /workspace/consciousness-experiment/experiments/qwen-huahua-philosophy-experts-bias/captures/20260409T201716Z_philosophy_core_cluster_no_think_p3/D20_environmental_science_01
[59/60] D20_environmental_science_02 : <|im_start|>user
Why did Rachel Carson matter to environmental science...
  tokens: 36 prompt + 1024 gen | tensors: 41000 seen, 41000 captured, 40 unique | 9307 ms
  saved 0 layer + 40 router tensors → /workspace/consciousness-experiment/experiments/qwen-huahua-philosophy-experts-bias/captures/20260409T201716Z_philosophy_core_cluster_no_think_p3/D20_environmental_science_02
[60/60] D20_environmental_science_03 : <|im_start|>user
Compare ecology with environmental chemistry in how e...
  tokens: 37 prompt + 1024 gen | tensors: 41000 seen, 41000 captured, 40 unique | 9291 ms
  saved 0 layer + 40 router tensors → /workspace/consciousness-experiment/experiments/qwen-huahua-philosophy-experts-bias/captures/20260409T201716Z_philosophy_core_cluster_no_think_p3/D20_environmental_science_03

=== Capture Complete ===
Prompts: 60  |  Output: /workspace/consciousness-experiment/experiments/qwen-huahua-philosophy-experts-bias/captures/20260409T201716Z_philosophy_core_cluster_no_think_p3
llama_perf_context_print:        load time =    8225.36 ms
llama_perf_context_print: prompt eval time =    4110.14 ms /  2421 tokens (    1.70 ms per token,   589.03 tokens per second)
llama_perf_context_print:        eval time =  543432.68 ms / 61380 runs   (    8.85 ms per token,   112.95 tokens per second)
llama_perf_context_print:       total time =  568279.97 ms / 63801 tokens
llama_perf_context_print:    graphs reused =          0
=== Running 20260409T202646Z_philosophy_core_cluster_no_think_p5 ===
Command: /workspace/consciousness-experiment/experiments/qwen-huahua-philosophy-experts-bias/non_npy_remote_artifacts/logs/20260409T202646Z_philosophy_core_cluster_no_think_p5_command.sh
ggml_cuda_init: found 2 CUDA devices (Total VRAM: 64218 MiB):
  Device 0: NVIDIA GeForce RTX 5090, compute capability 12.0, VMM: yes, VRAM: 32109 MiB
  Device 1: NVIDIA GeForce RTX 5090, compute capability 12.0, VMM: yes, VRAM: 32109 MiB
build: 8493 (1772701f) with GNU 11.4.0 for Linux x86_64
=== Consciousness Metrics — Activation Capture ===
Output dir : /workspace/consciousness-experiment/experiments/qwen-huahua-philosophy-experts-bias/captures/20260409T202646Z_philosophy_core_cluster_no_think_p5
n_predict  : 1024
Text output: file only (--no-stream)
Mode       : --routing-only (router/gate tensors only)
Expert bias: 114:5.0,87:5.0,170:5.0,68:5.0
common_init_result: fitting params to device memory, for bugs during this step try to reproduce them with -fit off, or provide --verbose logs if the bug only occurs with -fit on
llama_params_fit_impl: projected memory use with initial parameters [MiB]:
llama_params_fit_impl:   - CUDA0 (NVIDIA GeForce RTX 5090):  32109 total,  18278 used,  13287 free vs. target of   1024
llama_params_fit_impl:   - CUDA1 (NVIDIA GeForce RTX 5090):  32109 total,  17439 used,  14130 free vs. target of   1024
llama_params_fit_impl: projected to use 35717 MiB of device memory vs. 63135 MiB of free device memory
llama_params_fit_impl: targets for free memory can be met on all devices, no changes needed
llama_params_fit: successfully fit params to free device memory
llama_params_fit: fitting params to free memory took 0.64 seconds
llama_model_load_from_file_impl: using device CUDA0 (NVIDIA GeForce RTX 5090) (0000:81:00.0) - 31599 MiB free
llama_model_load_from_file_impl: using device CUDA1 (NVIDIA GeForce RTX 5090) (0000:a1:00.0) - 31599 MiB free
llama_model_loader: loaded meta data with 43 key-value pairs and 733 tensors from /workspace/models/qwen35-hauhau-q8/Qwen3.5-35B-A3B-Uncensored-HauhauCS-Aggressive-Q8_0.gguf (version GGUF V3 (latest))
llama_model_loader: Dumping metadata keys/values. Note: KV overrides do not apply in this output.
llama_model_loader: - kv   0:                       general.architecture str              = qwen35moe
llama_model_loader: - kv   1:                               general.type str              = model
llama_model_loader: - kv   2:                     general.sampling.top_k i32              = 20
llama_model_loader: - kv   3:                     general.sampling.top_p f32              = 0.950000
llama_model_loader: - kv   4:                      general.sampling.temp f32              = 1.000000
llama_model_loader: - kv   5:                               general.name str              = Qwen3.5-35B-A3B-Uncensored-HauhauCS-A...
llama_model_loader: - kv   6:                           general.finetune str              = 5RefKL0.042
llama_model_loader: - kv   7:                      qwen35moe.block_count u32              = 40
llama_model_loader: - kv   8:                   qwen35moe.context_length u32              = 262144
llama_model_loader: - kv   9:                 qwen35moe.embedding_length u32              = 2048
llama_model_loader: - kv  10:             qwen35moe.attention.head_count u32              = 16
llama_model_loader: - kv  11:          qwen35moe.attention.head_count_kv u32              = 2
llama_model_loader: - kv  12:          qwen35moe.rope.dimension_sections arr[i32,4]       = [11, 11, 10, 0]
llama_model_loader: - kv  13:                   qwen35moe.rope.freq_base f32              = 10000000.000000
llama_model_loader: - kv  14: qwen35moe.attention.layer_norm_rms_epsilon f32              = 0.000001
llama_model_loader: - kv  15:                     qwen35moe.expert_count u32              = 256
llama_model_loader: - kv  16:                qwen35moe.expert_used_count u32              = 8
llama_model_loader: - kv  17:             qwen35moe.attention.key_length u32              = 256
llama_model_loader: - kv  18:           qwen35moe.attention.value_length u32              = 256
llama_model_loader: - kv  19:       qwen35moe.expert_feed_forward_length u32              = 512
llama_model_loader: - kv  20: qwen35moe.expert_shared_feed_forward_length u32              = 512
llama_model_loader: - kv  21:                  qwen35moe.ssm.conv_kernel u32              = 4
llama_model_loader: - kv  22:                   qwen35moe.ssm.state_size u32              = 128
llama_model_loader: - kv  23:                  qwen35moe.ssm.group_count u32              = 16
llama_model_loader: - kv  24:               qwen35moe.ssm.time_step_rank u32              = 32
llama_model_loader: - kv  25:                   qwen35moe.ssm.inner_size u32              = 4096
llama_model_loader: - kv  26:          qwen35moe.full_attention_interval u32              = 4
llama_model_loader: - kv  27:             qwen35moe.rope.dimension_count u32              = 64
llama_model_loader: - kv  28:                       tokenizer.ggml.model str              = gpt2
llama_model_loader: - kv  29:                         tokenizer.ggml.pre str              = qwen35
llama_model_loader: - kv  30:                      tokenizer.ggml.tokens arr[str,248320]  = ["!", "\"", "#", "$", "%", "&", "'", ...
llama_model_loader: - kv  31:                  tokenizer.ggml.token_type arr[i32,248320]  = [1, 1, 1, 1, 1, 1, 1, 1, 1, 1, 1, 1, ...
llama_model_loader: - kv  32:                      tokenizer.ggml.merges arr[str,247587]  = ["Ġ Ġ", "ĠĠ ĠĠ", "i n", "Ġ t",...
llama_model_loader: - kv  33:                tokenizer.ggml.eos_token_id u32              = 248046
llama_model_loader: - kv  34:            tokenizer.ggml.padding_token_id u32              = 248044
llama_model_loader: - kv  35:                    tokenizer.chat_template str              = {%- set image_count = namespace(value...
llama_model_loader: - kv  36:               general.quantization_version u32              = 2
llama_model_loader: - kv  37:                          general.file_type u32              = 7
llama_model_loader: - kv  38:                         general.size_label str              = 35B-A3B
llama_model_loader: - kv  39:                      quantize.imatrix.file str              = Qwen3.5-35B-A3B-Uncensored-HauhauCS-A...
llama_model_loader: - kv  40:                   quantize.imatrix.dataset str              = /home/hauhaucs/llama.cpp/groups_merge...
llama_model_loader: - kv  41:             quantize.imatrix.entries_count u32              = 510
llama_model_loader: - kv  42:              quantize.imatrix.chunks_count u32              = 93
llama_model_loader: - type  f32:  301 tensors
llama_model_loader: - type q8_0:  432 tensors
print_info: file format = GGUF V3 (latest)
print_info: file type   = Q8_0
print_info: file size   = 34.36 GiB (8.52 BPW) 
load: 0 unused tokens
load: printing all EOG tokens:
load:   - 248044 ('<|endoftext|>')
load:   - 248046 ('<|im_end|>')
load:   - 248063 ('<|fim_pad|>')
load:   - 248064 ('<|repo_name|>')
load:   - 248065 ('<|file_sep|>')
load: special tokens cache size = 33
load: token to piece cache size = 1.7581 MB
print_info: arch                  = qwen35moe
print_info: vocab_only            = 0
print_info: no_alloc              = 0
print_info: n_ctx_train           = 262144
print_info: n_embd                = 2048
print_info: n_embd_inp            = 2048
print_info: n_layer               = 40
print_info: n_head                = 16
print_info: n_head_kv             = 2
print_info: n_rot                 = 64
print_info: n_swa                 = 0
print_info: is_swa_any            = 0
print_info: n_embd_head_k         = 256
print_info: n_embd_head_v         = 256
print_info: n_gqa                 = 8
print_info: n_embd_k_gqa          = 512
print_info: n_embd_v_gqa          = 512
print_info: f_norm_eps            = 0.0e+00
print_info: f_norm_rms_eps        = 1.0e-06
print_info: f_clamp_kqv           = 0.0e+00
print_info: f_max_alibi_bias      = 0.0e+00
print_info: f_logit_scale         = 0.0e+00
print_info: f_attn_scale          = 0.0e+00
print_info: n_ff                  = 0
print_info: n_expert              = 256
print_info: n_expert_used         = 8
print_info: n_expert_groups       = 0
print_info: n_group_used          = 0
print_info: causal attn           = 1
print_info: pooling type          = 0
print_info: rope type             = 40
print_info: rope scaling          = linear
print_info: freq_base_train       = 10000000.0
print_info: freq_scale_train      = 1
print_info: n_ctx_orig_yarn       = 262144
print_info: rope_yarn_log_mul     = 0.0000
print_info: rope_finetuned        = unknown
print_info: mrope sections        = [11, 11, 10, 0]
print_info: ssm_d_conv            = 4
print_info: ssm_d_inner           = 4096
print_info: ssm_d_state           = 128
print_info: ssm_dt_rank           = 32
print_info: ssm_n_group           = 16
print_info: ssm_dt_b_c_rms        = 0
print_info: model type            = 35B.A3B
print_info: model params          = 34.66 B
print_info: general.name          = Qwen3.5-35B-A3B-Uncensored-HauhauCS-Aggressive
print_info: vocab type            = BPE
print_info: n_vocab               = 248320
print_info: n_merges              = 247587
print_info: BOS token             = 11 ','
print_info: EOS token             = 248046 '<|im_end|>'
print_info: EOT token             = 248046 '<|im_end|>'
print_info: PAD token             = 248044 '<|endoftext|>'
print_info: LF token              = 198 'Ċ'
print_info: FIM PRE token         = 248060 '<|fim_prefix|>'
print_info: FIM SUF token         = 248062 '<|fim_suffix|>'
print_info: FIM MID token         = 248061 '<|fim_middle|>'
print_info: FIM PAD token         = 248063 '<|fim_pad|>'
print_info: FIM REP token         = 248064 '<|repo_name|>'
print_info: FIM SEP token         = 248065 '<|file_sep|>'
print_info: EOG token             = 248044 '<|endoftext|>'
print_info: EOG token             = 248046 '<|im_end|>'
print_info: EOG token             = 248063 '<|fim_pad|>'
print_info: EOG token             = 248064 '<|repo_name|>'
print_info: EOG token             = 248065 '<|file_sep|>'
print_info: max token length      = 256
load_tensors: loading model tensors, this can take a while... (mmap = true, direct_io = false)
load_tensors: offloading output layer to GPU
load_tensors: offloading 39 repeating layers to GPU
load_tensors: offloaded 41/41 layers to GPU
load_tensors:   CPU_Mapped model buffer size =   515.31 MiB
load_tensors:        CUDA0 model buffer size = 17931.70 MiB
load_tensors:        CUDA1 model buffer size = 16736.08 MiB
....................................................................................................
common_init_result: added <|endoftext|> logit bias = -inf
common_init_result: added <|im_end|> logit bias = -inf
common_init_result: added <|fim_pad|> logit bias = -inf
common_init_result: added <|repo_name|> logit bias = -inf
common_init_result: added <|file_sep|> logit bias = -inf
llama_context: constructing llama_context
llama_context: n_seq_max     = 1
llama_context: n_ctx         = 16384
llama_context: n_ctx_seq     = 16384
llama_context: n_batch       = 2048
llama_context: n_ubatch      = 512
llama_context: causal_attn   = 1
llama_context: flash_attn    = enabled
llama_context: kv_unified    = false
llama_context: freq_base     = 10000000.0
llama_context: freq_scale    = 1
llama_context: n_ctx_seq (16384) < n_ctx_train (262144) -- the full capacity of the model will not be utilized
llama_context:  CUDA_Host  output buffer size =     0.95 MiB
llama_kv_cache:      CUDA0 KV buffer size =    85.00 MiB
llama_kv_cache:      CUDA1 KV buffer size =    85.00 MiB
llama_kv_cache: size =  170.00 MiB ( 16384 cells,  10 layers,  1/1 seqs), K (q8_0):   85.00 MiB, V (q8_0):   85.00 MiB
llama_memory_recurrent:      CUDA0 RS buffer size =    33.50 MiB
llama_memory_recurrent:      CUDA1 RS buffer size =    29.31 MiB
llama_memory_recurrent: size =   62.81 MiB (     1 cells,  40 layers,  1 seqs), R (f32):    2.81 MiB, S (f32):   60.00 MiB
llama_context: pipeline parallelism enabled
llama_context: graph reuse is currently not compatible with pipeline parallelism - disabling
sched_reserve: reserving ...
sched_reserve: resolving fused Gated Delta Net support:
sched_reserve: fused Gated Delta Net (autoregressive) enabled
sched_reserve: fused Gated Delta Net (chunked) enabled
sched_reserve:      CUDA0 compute buffer size =   228.06 MiB
sched_reserve:      CUDA1 compute buffer size =   573.07 MiB
sched_reserve:  CUDA_Host compute buffer size =   136.08 MiB
sched_reserve: graph nodes  = 3729
sched_reserve: graph splits = 3
sched_reserve: reserve took 89.70 ms, sched copies = 4
Sampler    : logits -> ?penalties -> ?dry -> ?top-n-sigma -> top-k -> ?typical -> ?top-p -> ?min-p -> ?xtc -> temp-ext -> dist 
EOS token id: 248046
EOG tokens in vocab:
  token 248044 = '<|endoftext|>' [EOG - will NOT stop generation]
  token 248046 = '<|im_end|>' [PRIMARY EOS - will stop generation]
  token 248063 = '<|fim_pad|>' [EOG - will NOT stop generation]
  token 248064 = '<|repo_name|>' [EOG - will NOT stop generation]
  token 248065 = '<|file_sep|>' [EOG - will NOT stop generation]
system_info: n_threads = 16 (n_threads_batch = 16) / 384 | CUDA : ARCHS = 500,610,700,750,800,860,890 | USE_GRAPHS = 1 | PEER_MAX_BATCH_SIZE = 128 | CPU : SSE3 = 1 | SSSE3 = 1 | AVX = 1 | AVX2 = 1 | F16C = 1 | FMA = 1 | BMI2 = 1 | AVX512 = 1 | AVX512_VBMI = 1 | AVX512_VNNI = 1 | AVX512_BF16 = 1 | LLAMAFILE = 1 | OPENMP = 1 | REPACK = 1 | 

Loaded 60 prompts

[1/60] D01_history_01 : <|im_start|>user
How do historians reconstruct the causes and course o...
  tokens: 49 prompt + 1024 gen | tensors: 41000 seen, 41000 captured, 40 unique | 9294 ms
  saved 0 layer + 40 router tensors → /workspace/consciousness-experiment/experiments/qwen-huahua-philosophy-experts-bias/captures/20260409T202646Z_philosophy_core_cluster_no_think_p5/D01_history_01
[2/60] D01_history_02 : <|im_start|>user
Why did Ivan IV matter in Russian history, and what w...
  tokens: 43 prompt + 1024 gen | tensors: 41000 seen, 41000 captured, 40 unique | 9067 ms
  saved 0 layer + 40 router tensors → /workspace/consciousness-experiment/experiments/qwen-huahua-philosophy-experts-bias/captures/20260409T202646Z_philosophy_core_cluster_no_think_p5/D01_history_02
[3/60] D01_history_03 : <|im_start|>user
Compare the historical impact of the September 11 att...
  tokens: 48 prompt + 1024 gen | tensors: 41000 seen, 41000 captured, 40 unique | 9325 ms
  saved 0 layer + 40 router tensors → /workspace/consciousness-experiment/experiments/qwen-huahua-philosophy-experts-bias/captures/20260409T202646Z_philosophy_core_cluster_no_think_p5/D01_history_03
[4/60] D02_archaeology_01 : <|im_start|>user
How do archaeologists reconstruct the daily life of a...
  tokens: 45 prompt + 1024 gen | tensors: 41000 seen, 41000 captured, 40 unique | 9330 ms
  saved 0 layer + 40 router tensors → /workspace/consciousness-experiment/experiments/qwen-huahua-philosophy-experts-bias/captures/20260409T202646Z_philosophy_core_cluster_no_think_p5/D02_archaeology_01
[5/60] D02_archaeology_02 : <|im_start|>user
Why did the Rosetta Stone matter so much for archaeol...
  tokens: 43 prompt + 1024 gen | tensors: 41000 seen, 41000 captured, 40 unique | 9303 ms
  saved 0 layer + 40 router tensors → /workspace/consciousness-experiment/experiments/qwen-huahua-philosophy-experts-bias/captures/20260409T202646Z_philosophy_core_cluster_no_think_p5/D02_archaeology_02
[6/60] D02_archaeology_03 : <|im_start|>user
Compare radiocarbon dating with stratigraphy as tools...
  tokens: 38 prompt + 1024 gen | tensors: 41000 seen, 41000 captured, 40 unique | 9298 ms
  saved 0 layer + 40 router tensors → /workspace/consciousness-experiment/experiments/qwen-huahua-philosophy-experts-bias/captures/20260409T202646Z_philosophy_core_cluster_no_think_p5/D02_archaeology_03
[7/60] D03_mathematics_01 : <|im_start|>user
How does calculus work as a mathematical framework fo...
  tokens: 41 prompt + 1024 gen | tensors: 41000 seen, 41000 captured, 40 unique | 9338 ms
  saved 0 layer + 40 router tensors → /workspace/consciousness-experiment/experiments/qwen-huahua-philosophy-experts-bias/captures/20260409T202646Z_philosophy_core_cluster_no_think_p5/D03_mathematics_01
[8/60] D03_mathematics_02 : <|im_start|>user
Why did Carl Friedrich Gauss matter to number theory,...
  tokens: 40 prompt + 1024 gen | tensors: 41000 seen, 41000 captured, 40 unique | 9349 ms
  saved 0 layer + 40 router tensors → /workspace/consciousness-experiment/experiments/qwen-huahua-philosophy-experts-bias/captures/20260409T202646Z_philosophy_core_cluster_no_think_p5/D03_mathematics_02
[9/60] D03_mathematics_03 : <|im_start|>user
Compare linear algebra with calculus in terms of thei...
  tokens: 40 prompt + 1024 gen | tensors: 41000 seen, 41000 captured, 40 unique | 9321 ms
  saved 0 layer + 40 router tensors → /workspace/consciousness-experiment/experiments/qwen-huahua-philosophy-experts-bias/captures/20260409T202646Z_philosophy_core_cluster_no_think_p5/D03_mathematics_03
[10/60] D04_statistics_01 : <|im_start|>user
How does hypothesis testing work, including null mode...
  tokens: 41 prompt + 1024 gen | tensors: 41000 seen, 41000 captured, 40 unique | 9304 ms
  saved 0 layer + 40 router tensors → /workspace/consciousness-experiment/experiments/qwen-huahua-philosophy-experts-bias/captures/20260409T202646Z_philosophy_core_cluster_no_think_p5/D04_statistics_01
[11/60] D04_statistics_02 : <|im_start|>user
Why did Bayes' theorem matter so much for the develop...
  tokens: 40 prompt + 1024 gen | tensors: 41000 seen, 41000 captured, 40 unique | 9300 ms
  saved 0 layer + 40 router tensors → /workspace/consciousness-experiment/experiments/qwen-huahua-philosophy-experts-bias/captures/20260409T202646Z_philosophy_core_cluster_no_think_p5/D04_statistics_02
[12/60] D04_statistics_03 : <|im_start|>user
Compare frequentist inference with Bayesian inference...
  tokens: 39 prompt + 1024 gen | tensors: 41000 seen, 41000 captured, 40 unique | 9296 ms
  saved 0 layer + 40 router tensors → /workspace/consciousness-experiment/experiments/qwen-huahua-philosophy-experts-bias/captures/20260409T202646Z_philosophy_core_cluster_no_think_p5/D04_statistics_03
[13/60] D05_physics_01 : <|im_start|>user
How does thermodynamics work as a framework for energ...
  tokens: 41 prompt + 1024 gen | tensors: 41000 seen, 41000 captured, 40 unique | 9303 ms
  saved 0 layer + 40 router tensors → /workspace/consciousness-experiment/experiments/qwen-huahua-philosophy-experts-bias/captures/20260409T202646Z_philosophy_core_cluster_no_think_p5/D05_physics_01
[14/60] D05_physics_02 : <|im_start|>user
Why did Albert Einstein matter so much to relativity,...
  tokens: 42 prompt + 1024 gen | tensors: 41000 seen, 41000 captured, 40 unique | 9297 ms
  saved 0 layer + 40 router tensors → /workspace/consciousness-experiment/experiments/qwen-huahua-philosophy-experts-bias/captures/20260409T202646Z_philosophy_core_cluster_no_think_p5/D05_physics_02
[15/60] D05_physics_03 : <|im_start|>user
Compare the Standard Model with general relativity in...
  tokens: 42 prompt + 1024 gen | tensors: 41000 seen, 41000 captured, 40 unique | 9298 ms
  saved 0 layer + 40 router tensors → /workspace/consciousness-experiment/experiments/qwen-huahua-philosophy-experts-bias/captures/20260409T202646Z_philosophy_core_cluster_no_think_p5/D05_physics_03
[16/60] D06_chemistry_01 : <|im_start|>user
How does chemical bonding work across ionic, covalent...
  tokens: 41 prompt + 1024 gen | tensors: 41000 seen, 41000 captured, 40 unique | 9303 ms
  saved 0 layer + 40 router tensors → /workspace/consciousness-experiment/experiments/qwen-huahua-philosophy-experts-bias/captures/20260409T202646Z_philosophy_core_cluster_no_think_p5/D06_chemistry_01
[17/60] D06_chemistry_02 : <|im_start|>user
Why did Dmitri Mendeleev matter to chemistry and the ...
  tokens: 42 prompt + 1024 gen | tensors: 41000 seen, 41000 captured, 40 unique | 9297 ms
  saved 0 layer + 40 router tensors → /workspace/consciousness-experiment/experiments/qwen-huahua-philosophy-experts-bias/captures/20260409T202646Z_philosophy_core_cluster_no_think_p5/D06_chemistry_02
[18/60] D06_chemistry_03 : <|im_start|>user
Compare reaction kinetics with chemical equilibrium i...
  tokens: 37 prompt + 1024 gen | tensors: 41000 seen, 41000 captured, 40 unique | 9342 ms
  saved 0 layer + 40 router tensors → /workspace/consciousness-experiment/experiments/qwen-huahua-philosophy-experts-bias/captures/20260409T202646Z_philosophy_core_cluster_no_think_p5/D06_chemistry_03
[19/60] D07_biology_01 : <|im_start|>user
How does evolution by natural selection work, includi...
  tokens: 41 prompt + 1024 gen | tensors: 41000 seen, 41000 captured, 40 unique | 9336 ms
  saved 0 layer + 40 router tensors → /workspace/consciousness-experiment/experiments/qwen-huahua-philosophy-experts-bias/captures/20260409T202646Z_philosophy_core_cluster_no_think_p5/D07_biology_01
[20/60] D07_biology_02 : <|im_start|>user
Why did Charles Darwin matter so much to biological s...
  tokens: 35 prompt + 1024 gen | tensors: 41000 seen, 41000 captured, 40 unique | 9322 ms
  saved 0 layer + 40 router tensors → /workspace/consciousness-experiment/experiments/qwen-huahua-philosophy-experts-bias/captures/20260409T202646Z_philosophy_core_cluster_no_think_p5/D07_biology_02
[21/60] D07_biology_03 : <|im_start|>user
Compare classical genetics with molecular biology in ...
  tokens: 37 prompt + 1024 gen | tensors: 41000 seen, 41000 captured, 40 unique | 9304 ms
  saved 0 layer + 40 router tensors → /workspace/consciousness-experiment/experiments/qwen-huahua-philosophy-experts-bias/captures/20260409T202646Z_philosophy_core_cluster_no_think_p5/D07_biology_03
[22/60] D08_medicine_01 : <|im_start|>user
How does sepsis develop and why is it medically dange...
  tokens: 37 prompt + 1024 gen | tensors: 41000 seen, 41000 captured, 40 unique | 9283 ms
  saved 0 layer + 40 router tensors → /workspace/consciousness-experiment/experiments/qwen-huahua-philosophy-experts-bias/captures/20260409T202646Z_philosophy_core_cluster_no_think_p5/D08_medicine_01
[23/60] D08_medicine_02 : <|im_start|>user
Why did Ignaz Semmelweis matter to medicine and infec...
  tokens: 38 prompt + 1024 gen | tensors: 41000 seen, 41000 captured, 40 unique | 9287 ms
  saved 0 layer + 40 router tensors → /workspace/consciousness-experiment/experiments/qwen-huahua-philosophy-experts-bias/captures/20260409T202646Z_philosophy_core_cluster_no_think_p5/D08_medicine_02
[24/60] D08_medicine_03 : <|im_start|>user
Compare antibiotics with vaccines in how they prevent...
  tokens: 36 prompt + 1024 gen | tensors: 41000 seen, 41000 captured, 40 unique | 9279 ms
  saved 0 layer + 40 router tensors → /workspace/consciousness-experiment/experiments/qwen-huahua-philosophy-experts-bias/captures/20260409T202646Z_philosophy_core_cluster_no_think_p5/D08_medicine_03
[25/60] D09_neuroscience_01 : <|im_start|>user
How does synaptic transmission work, including neurot...
  tokens: 40 prompt + 1024 gen | tensors: 41000 seen, 41000 captured, 40 unique | 9285 ms
  saved 0 layer + 40 router tensors → /workspace/consciousness-experiment/experiments/qwen-huahua-philosophy-experts-bias/captures/20260409T202646Z_philosophy_core_cluster_no_think_p5/D09_neuroscience_01
[26/60] D09_neuroscience_02 : <|im_start|>user
Why did Santiago Ramon y Cajal matter to neuroscience...
  tokens: 36 prompt + 1024 gen | tensors: 41000 seen, 41000 captured, 40 unique | 9289 ms
  saved 0 layer + 40 router tensors → /workspace/consciousness-experiment/experiments/qwen-huahua-philosophy-experts-bias/captures/20260409T202646Z_philosophy_core_cluster_no_think_p5/D09_neuroscience_02
[27/60] D09_neuroscience_03 : <|im_start|>user
Compare brain imaging with electrophysiology in the k...
  tokens: 43 prompt + 1024 gen | tensors: 41000 seen, 41000 captured, 40 unique | 9340 ms
  saved 0 layer + 40 router tensors → /workspace/consciousness-experiment/experiments/qwen-huahua-philosophy-experts-bias/captures/20260409T202646Z_philosophy_core_cluster_no_think_p5/D09_neuroscience_03
[28/60] D10_computer_science_01 : <|im_start|>user
How do algorithms and computational complexity work a...
  tokens: 38 prompt + 1024 gen | tensors: 41000 seen, 41000 captured, 40 unique | 9284 ms
  saved 0 layer + 40 router tensors → /workspace/consciousness-experiment/experiments/qwen-huahua-philosophy-experts-bias/captures/20260409T202646Z_philosophy_core_cluster_no_think_p5/D10_computer_science_01
[29/60] D10_computer_science_02 : <|im_start|>user
Why did Alan Turing matter to computer science, compu...
  tokens: 39 prompt + 1024 gen | tensors: 41000 seen, 41000 captured, 40 unique | 9291 ms
  saved 0 layer + 40 router tensors → /workspace/consciousness-experiment/experiments/qwen-huahua-philosophy-experts-bias/captures/20260409T202646Z_philosophy_core_cluster_no_think_p5/D10_computer_science_02
[30/60] D10_computer_science_03 : <|im_start|>user
Compare data structures with algorithms in the role e...
  tokens: 38 prompt + 1024 gen | tensors: 41000 seen, 41000 captured, 40 unique | 9314 ms
  saved 0 layer + 40 router tensors → /workspace/consciousness-experiment/experiments/qwen-huahua-philosophy-experts-bias/captures/20260409T202646Z_philosophy_core_cluster_no_think_p5/D10_computer_science_03
[31/60] D11_software_engineering_01 : <|im_start|>user
How does a software engineering process move from req...
  tokens: 43 prompt + 1024 gen | tensors: 41000 seen, 41000 captured, 40 unique | 9279 ms
  saved 0 layer + 40 router tensors → /workspace/consciousness-experiment/experiments/qwen-huahua-philosophy-experts-bias/captures/20260409T202646Z_philosophy_core_cluster_no_think_p5/D11_software_engineering_01
[32/60] D11_software_engineering_02 : <|im_start|>user
Why did the Agile Manifesto matter to software develo...
  tokens: 36 prompt + 1024 gen | tensors: 41000 seen, 41000 captured, 40 unique | 9284 ms
  saved 0 layer + 40 router tensors → /workspace/consciousness-experiment/experiments/qwen-huahua-philosophy-experts-bias/captures/20260409T202646Z_philosophy_core_cluster_no_think_p5/D11_software_engineering_02
[33/60] D11_software_engineering_03 : <|im_start|>user
Compare version control with continuous integration i...
  tokens: 38 prompt + 1024 gen | tensors: 41000 seen, 41000 captured, 40 unique | 9279 ms
  saved 0 layer + 40 router tensors → /workspace/consciousness-experiment/experiments/qwen-huahua-philosophy-experts-bias/captures/20260409T202646Z_philosophy_core_cluster_no_think_p5/D11_software_engineering_03
[34/60] D12_cybersecurity_01 : <|im_start|>user
How does public key cryptography work, including key ...
  tokens: 40 prompt + 1024 gen | tensors: 41000 seen, 41000 captured, 40 unique | 9285 ms
  saved 0 layer + 40 router tensors → /workspace/consciousness-experiment/experiments/qwen-huahua-philosophy-experts-bias/captures/20260409T202646Z_philosophy_core_cluster_no_think_p5/D12_cybersecurity_01
[35/60] D12_cybersecurity_02 : <|im_start|>user
Why did the Morris worm matter in the history of cybe...
  tokens: 36 prompt + 1024 gen | tensors: 41000 seen, 41000 captured, 40 unique | 9284 ms
  saved 0 layer + 40 router tensors → /workspace/consciousness-experiment/experiments/qwen-huahua-philosophy-experts-bias/captures/20260409T202646Z_philosophy_core_cluster_no_think_p5/D12_cybersecurity_02
[36/60] D12_cybersecurity_03 : <|im_start|>user
Compare authentication with access control in practic...
  tokens: 34 prompt + 1024 gen | tensors: 41000 seen, 41000 captured, 40 unique | 9276 ms
  saved 0 layer + 40 router tensors → /workspace/consciousness-experiment/experiments/qwen-huahua-philosophy-experts-bias/captures/20260409T202646Z_philosophy_core_cluster_no_think_p5/D12_cybersecurity_03
[37/60] D13_economics_01 : <|im_start|>user
How does inflation work, including monetary policy, e...
  tokens: 39 prompt + 1024 gen | tensors: 41000 seen, 41000 captured, 40 unique | 9283 ms
  saved 0 layer + 40 router tensors → /workspace/consciousness-experiment/experiments/qwen-huahua-philosophy-experts-bias/captures/20260409T202646Z_philosophy_core_cluster_no_think_p5/D13_economics_01
[38/60] D13_economics_02 : <|im_start|>user
Why did John Maynard Keynes matter to economics and m...
  tokens: 38 prompt + 1024 gen | tensors: 41000 seen, 41000 captured, 40 unique | 9294 ms
  saved 0 layer + 40 router tensors → /workspace/consciousness-experiment/experiments/qwen-huahua-philosophy-experts-bias/captures/20260409T202646Z_philosophy_core_cluster_no_think_p5/D13_economics_02
[39/60] D13_economics_03 : <|im_start|>user
Compare the 2008 financial crisis with the Great Depr...
  tokens: 44 prompt + 1024 gen | tensors: 41000 seen, 41000 captured, 40 unique | 9297 ms
  saved 0 layer + 40 router tensors → /workspace/consciousness-experiment/experiments/qwen-huahua-philosophy-experts-bias/captures/20260409T202646Z_philosophy_core_cluster_no_think_p5/D13_economics_03
[40/60] D14_law_01 : <|im_start|>user
How does constitutional law work in organizing powers...
  tokens: 39 prompt + 1024 gen | tensors: 41000 seen, 41000 captured, 40 unique | 9335 ms
  saved 0 layer + 40 router tensors → /workspace/consciousness-experiment/experiments/qwen-huahua-philosophy-experts-bias/captures/20260409T202646Z_philosophy_core_cluster_no_think_p5/D14_law_01
[41/60] D14_law_02 : <|im_start|>user
Why did Marbury v. Madison matter in legal history?<|...
  tokens: 36 prompt + 1024 gen | tensors: 41000 seen, 41000 captured, 40 unique | 9351 ms
  saved 0 layer + 40 router tensors → /workspace/consciousness-experiment/experiments/qwen-huahua-philosophy-experts-bias/captures/20260409T202646Z_philosophy_core_cluster_no_think_p5/D14_law_02
[42/60] D14_law_03 : <|im_start|>user
Compare precedent with statutory interpretation in mo...
  tokens: 34 prompt + 1024 gen | tensors: 41000 seen, 41000 captured, 40 unique | 9296 ms
  saved 0 layer + 40 router tensors → /workspace/consciousness-experiment/experiments/qwen-huahua-philosophy-experts-bias/captures/20260409T202646Z_philosophy_core_cluster_no_think_p5/D14_law_03
[43/60] D15_political_science_01 : <|im_start|>user
How do democratic institutions work, including electi...
  tokens: 40 prompt + 1024 gen | tensors: 41000 seen, 41000 captured, 40 unique | 9294 ms
  saved 0 layer + 40 router tensors → /workspace/consciousness-experiment/experiments/qwen-huahua-philosophy-experts-bias/captures/20260409T202646Z_philosophy_core_cluster_no_think_p5/D15_political_science_01
[44/60] D15_political_science_02 : <|im_start|>user
Why did Niccolo Machiavelli matter to political thoug...
  tokens: 40 prompt + 1024 gen | tensors: 41000 seen, 41000 captured, 40 unique | 9319 ms
  saved 0 layer + 40 router tensors → /workspace/consciousness-experiment/experiments/qwen-huahua-philosophy-experts-bias/captures/20260409T202646Z_philosophy_core_cluster_no_think_p5/D15_political_science_02
[45/60] D15_political_science_03 : <|im_start|>user
Compare nationalism with liberalism as organizing ide...
  tokens: 36 prompt + 1024 gen | tensors: 41000 seen, 41000 captured, 40 unique | 9283 ms
  saved 0 layer + 40 router tensors → /workspace/consciousness-experiment/experiments/qwen-huahua-philosophy-experts-bias/captures/20260409T202646Z_philosophy_core_cluster_no_think_p5/D15_political_science_03
[46/60] D16_philosophy_01 : <|im_start|>user
How does epistemology work as a field concerned with ...
  tokens: 42 prompt + 1024 gen | tensors: 41000 seen, 41000 captured, 40 unique | 9321 ms
  saved 0 layer + 40 router tensors → /workspace/consciousness-experiment/experiments/qwen-huahua-philosophy-experts-bias/captures/20260409T202646Z_philosophy_core_cluster_no_think_p5/D16_philosophy_01
[47/60] D16_philosophy_02 : <|im_start|>user
Why did Immanuel Kant matter to metaphysics, ethics, ...
  tokens: 41 prompt + 1024 gen | tensors: 41000 seen, 41000 captured, 40 unique | 9291 ms
  saved 0 layer + 40 router tensors → /workspace/consciousness-experiment/experiments/qwen-huahua-philosophy-experts-bias/captures/20260409T202646Z_philosophy_core_cluster_no_think_p5/D16_philosophy_02
[48/60] D16_philosophy_03 : <|im_start|>user
Compare philosophy of mind with metaphysics in the ki...
  tokens: 39 prompt + 1024 gen | tensors: 41000 seen, 41000 captured, 40 unique | 9294 ms
  saved 0 layer + 40 router tensors → /workspace/consciousness-experiment/experiments/qwen-huahua-philosophy-experts-bias/captures/20260409T202646Z_philosophy_core_cluster_no_think_p5/D16_philosophy_03
[49/60] D17_comparative_religion_01 : <|im_start|>user
How does comparative religion study ritual, doctrine,...
  tokens: 42 prompt + 1024 gen | tensors: 41000 seen, 41000 captured, 40 unique | 9303 ms
  saved 0 layer + 40 router tensors → /workspace/consciousness-experiment/experiments/qwen-huahua-philosophy-experts-bias/captures/20260409T202646Z_philosophy_core_cluster_no_think_p5/D17_comparative_religion_01
[50/60] D17_comparative_religion_02 : <|im_start|>user
Why did the Buddha matter historically, and how did B...
  tokens: 41 prompt + 1024 gen | tensors: 41000 seen, 41000 captured, 40 unique | 9302 ms
  saved 0 layer + 40 router tensors → /workspace/consciousness-experiment/experiments/qwen-huahua-philosophy-experts-bias/captures/20260409T202646Z_philosophy_core_cluster_no_think_p5/D17_comparative_religion_02
[51/60] D17_comparative_religion_03 : <|im_start|>user
Compare monotheistic traditions with non-theistic tra...
  tokens: 39 prompt + 1024 gen | tensors: 41000 seen, 41000 captured, 40 unique | 9323 ms
  saved 0 layer + 40 router tensors → /workspace/consciousness-experiment/experiments/qwen-huahua-philosophy-experts-bias/captures/20260409T202646Z_philosophy_core_cluster_no_think_p5/D17_comparative_religion_03
[52/60] D18_linguistics_01 : <|im_start|>user
How does syntax work, including phrase structure, dep...
  tokens: 38 prompt + 1024 gen | tensors: 41000 seen, 41000 captured, 40 unique | 9336 ms
  saved 0 layer + 40 router tensors → /workspace/consciousness-experiment/experiments/qwen-huahua-philosophy-experts-bias/captures/20260409T202646Z_philosophy_core_cluster_no_think_p5/D18_linguistics_01
[53/60] D18_linguistics_02 : <|im_start|>user
Why did Ferdinand de Saussure matter to linguistics a...
  tokens: 39 prompt + 1024 gen | tensors: 41000 seen, 41000 captured, 40 unique | 9316 ms
  saved 0 layer + 40 router tensors → /workspace/consciousness-experiment/experiments/qwen-huahua-philosophy-experts-bias/captures/20260409T202646Z_philosophy_core_cluster_no_think_p5/D18_linguistics_02
[54/60] D18_linguistics_03 : <|im_start|>user
Compare phonology with syntax in the kinds of linguis...
  tokens: 38 prompt + 1024 gen | tensors: 41000 seen, 41000 captured, 40 unique | 9327 ms
  saved 0 layer + 40 router tensors → /workspace/consciousness-experiment/experiments/qwen-huahua-philosophy-experts-bias/captures/20260409T202646Z_philosophy_core_cluster_no_think_p5/D18_linguistics_03
[55/60] D19_psychology_01 : <|im_start|>user
How does memory work, including encoding, storage, re...
  tokens: 39 prompt + 1024 gen | tensors: 41000 seen, 41000 captured, 40 unique | 9304 ms
  saved 0 layer + 40 router tensors → /workspace/consciousness-experiment/experiments/qwen-huahua-philosophy-experts-bias/captures/20260409T202646Z_philosophy_core_cluster_no_think_p5/D19_psychology_01
[56/60] D19_psychology_02 : <|im_start|>user
Why did William James matter to psychology?<|im_end|>...
  tokens: 32 prompt + 1024 gen | tensors: 41000 seen, 41000 captured, 40 unique | 9321 ms
  saved 0 layer + 40 router tensors → /workspace/consciousness-experiment/experiments/qwen-huahua-philosophy-experts-bias/captures/20260409T202646Z_philosophy_core_cluster_no_think_p5/D19_psychology_02
[57/60] D19_psychology_03 : <|im_start|>user
Compare cognition with emotion in how psychology expl...
  tokens: 34 prompt + 1024 gen | tensors: 41000 seen, 41000 captured, 40 unique | 9343 ms
  saved 0 layer + 40 router tensors → /workspace/consciousness-experiment/experiments/qwen-huahua-philosophy-experts-bias/captures/20260409T202646Z_philosophy_core_cluster_no_think_p5/D19_psychology_03
[58/60] D20_environmental_science_01 : <|im_start|>user
How do climate systems work, including feedback loops...
  tokens: 42 prompt + 1024 gen | tensors: 41000 seen, 41000 captured, 40 unique | 9294 ms
  saved 0 layer + 40 router tensors → /workspace/consciousness-experiment/experiments/qwen-huahua-philosophy-experts-bias/captures/20260409T202646Z_philosophy_core_cluster_no_think_p5/D20_environmental_science_01
[59/60] D20_environmental_science_02 : <|im_start|>user
Why did Rachel Carson matter to environmental science...
  tokens: 36 prompt + 1024 gen | tensors: 41000 seen, 41000 captured, 40 unique | 9295 ms
  saved 0 layer + 40 router tensors → /workspace/consciousness-experiment/experiments/qwen-huahua-philosophy-experts-bias/captures/20260409T202646Z_philosophy_core_cluster_no_think_p5/D20_environmental_science_02
[60/60] D20_environmental_science_03 : <|im_start|>user
Compare ecology with environmental chemistry in how e...
  tokens: 37 prompt + 1024 gen | tensors: 41000 seen, 41000 captured, 40 unique | 9288 ms
  saved 0 layer + 40 router tensors → /workspace/consciousness-experiment/experiments/qwen-huahua-philosophy-experts-bias/captures/20260409T202646Z_philosophy_core_cluster_no_think_p5/D20_environmental_science_03

=== Capture Complete ===
Prompts: 60  |  Output: /workspace/consciousness-experiment/experiments/qwen-huahua-philosophy-experts-bias/captures/20260409T202646Z_philosophy_core_cluster_no_think_p5
llama_perf_context_print:        load time =    8256.88 ms
llama_perf_context_print: prompt eval time =    3990.33 ms /  2421 tokens (    1.65 ms per token,   606.72 tokens per second)
llama_perf_context_print:        eval time =  542933.42 ms / 61380 runs   (    8.85 ms per token,   113.05 tokens per second)
llama_perf_context_print:       total time =  567666.51 ms / 63801 tokens
llama_perf_context_print:    graphs reused =          0
=== Running 20260409T203615Z_philosophy_core_cluster_no_think_p8 ===
Command: /workspace/consciousness-experiment/experiments/qwen-huahua-philosophy-experts-bias/non_npy_remote_artifacts/logs/20260409T203615Z_philosophy_core_cluster_no_think_p8_command.sh
ggml_cuda_init: found 2 CUDA devices (Total VRAM: 64218 MiB):
  Device 0: NVIDIA GeForce RTX 5090, compute capability 12.0, VMM: yes, VRAM: 32109 MiB
  Device 1: NVIDIA GeForce RTX 5090, compute capability 12.0, VMM: yes, VRAM: 32109 MiB
build: 8493 (1772701f) with GNU 11.4.0 for Linux x86_64
=== Consciousness Metrics — Activation Capture ===
Output dir : /workspace/consciousness-experiment/experiments/qwen-huahua-philosophy-experts-bias/captures/20260409T203615Z_philosophy_core_cluster_no_think_p8
n_predict  : 1024
Text output: file only (--no-stream)
Mode       : --routing-only (router/gate tensors only)
Expert bias: 114:8.0,87:8.0,170:8.0,68:8.0
common_init_result: fitting params to device memory, for bugs during this step try to reproduce them with -fit off, or provide --verbose logs if the bug only occurs with -fit on
llama_params_fit_impl: projected memory use with initial parameters [MiB]:
llama_params_fit_impl:   - CUDA0 (NVIDIA GeForce RTX 5090):  32109 total,  18278 used,  13287 free vs. target of   1024
llama_params_fit_impl:   - CUDA1 (NVIDIA GeForce RTX 5090):  32109 total,  17439 used,  14130 free vs. target of   1024
llama_params_fit_impl: projected to use 35717 MiB of device memory vs. 63135 MiB of free device memory
llama_params_fit_impl: targets for free memory can be met on all devices, no changes needed
llama_params_fit: successfully fit params to free device memory
llama_params_fit: fitting params to free memory took 0.65 seconds
llama_model_load_from_file_impl: using device CUDA0 (NVIDIA GeForce RTX 5090) (0000:81:00.0) - 31599 MiB free
llama_model_load_from_file_impl: using device CUDA1 (NVIDIA GeForce RTX 5090) (0000:a1:00.0) - 31599 MiB free
llama_model_loader: loaded meta data with 43 key-value pairs and 733 tensors from /workspace/models/qwen35-hauhau-q8/Qwen3.5-35B-A3B-Uncensored-HauhauCS-Aggressive-Q8_0.gguf (version GGUF V3 (latest))
llama_model_loader: Dumping metadata keys/values. Note: KV overrides do not apply in this output.
llama_model_loader: - kv   0:                       general.architecture str              = qwen35moe
llama_model_loader: - kv   1:                               general.type str              = model
llama_model_loader: - kv   2:                     general.sampling.top_k i32              = 20
llama_model_loader: - kv   3:                     general.sampling.top_p f32              = 0.950000
llama_model_loader: - kv   4:                      general.sampling.temp f32              = 1.000000
llama_model_loader: - kv   5:                               general.name str              = Qwen3.5-35B-A3B-Uncensored-HauhauCS-A...
llama_model_loader: - kv   6:                           general.finetune str              = 5RefKL0.042
llama_model_loader: - kv   7:                      qwen35moe.block_count u32              = 40
llama_model_loader: - kv   8:                   qwen35moe.context_length u32              = 262144
llama_model_loader: - kv   9:                 qwen35moe.embedding_length u32              = 2048
llama_model_loader: - kv  10:             qwen35moe.attention.head_count u32              = 16
llama_model_loader: - kv  11:          qwen35moe.attention.head_count_kv u32              = 2
llama_model_loader: - kv  12:          qwen35moe.rope.dimension_sections arr[i32,4]       = [11, 11, 10, 0]
llama_model_loader: - kv  13:                   qwen35moe.rope.freq_base f32              = 10000000.000000
llama_model_loader: - kv  14: qwen35moe.attention.layer_norm_rms_epsilon f32              = 0.000001
llama_model_loader: - kv  15:                     qwen35moe.expert_count u32              = 256
llama_model_loader: - kv  16:                qwen35moe.expert_used_count u32              = 8
llama_model_loader: - kv  17:             qwen35moe.attention.key_length u32              = 256
llama_model_loader: - kv  18:           qwen35moe.attention.value_length u32              = 256
llama_model_loader: - kv  19:       qwen35moe.expert_feed_forward_length u32              = 512
llama_model_loader: - kv  20: qwen35moe.expert_shared_feed_forward_length u32              = 512
llama_model_loader: - kv  21:                  qwen35moe.ssm.conv_kernel u32              = 4
llama_model_loader: - kv  22:                   qwen35moe.ssm.state_size u32              = 128
llama_model_loader: - kv  23:                  qwen35moe.ssm.group_count u32              = 16
llama_model_loader: - kv  24:               qwen35moe.ssm.time_step_rank u32              = 32
llama_model_loader: - kv  25:                   qwen35moe.ssm.inner_size u32              = 4096
llama_model_loader: - kv  26:          qwen35moe.full_attention_interval u32              = 4
llama_model_loader: - kv  27:             qwen35moe.rope.dimension_count u32              = 64
llama_model_loader: - kv  28:                       tokenizer.ggml.model str              = gpt2
llama_model_loader: - kv  29:                         tokenizer.ggml.pre str              = qwen35
llama_model_loader: - kv  30:                      tokenizer.ggml.tokens arr[str,248320]  = ["!", "\"", "#", "$", "%", "&", "'", ...
llama_model_loader: - kv  31:                  tokenizer.ggml.token_type arr[i32,248320]  = [1, 1, 1, 1, 1, 1, 1, 1, 1, 1, 1, 1, ...
llama_model_loader: - kv  32:                      tokenizer.ggml.merges arr[str,247587]  = ["Ġ Ġ", "ĠĠ ĠĠ", "i n", "Ġ t",...
llama_model_loader: - kv  33:                tokenizer.ggml.eos_token_id u32              = 248046
llama_model_loader: - kv  34:            tokenizer.ggml.padding_token_id u32              = 248044
llama_model_loader: - kv  35:                    tokenizer.chat_template str              = {%- set image_count = namespace(value...
llama_model_loader: - kv  36:               general.quantization_version u32              = 2
llama_model_loader: - kv  37:                          general.file_type u32              = 7
llama_model_loader: - kv  38:                         general.size_label str              = 35B-A3B
llama_model_loader: - kv  39:                      quantize.imatrix.file str              = Qwen3.5-35B-A3B-Uncensored-HauhauCS-A...
llama_model_loader: - kv  40:                   quantize.imatrix.dataset str              = /home/hauhaucs/llama.cpp/groups_merge...
llama_model_loader: - kv  41:             quantize.imatrix.entries_count u32              = 510
llama_model_loader: - kv  42:              quantize.imatrix.chunks_count u32              = 93
llama_model_loader: - type  f32:  301 tensors
llama_model_loader: - type q8_0:  432 tensors
print_info: file format = GGUF V3 (latest)
print_info: file type   = Q8_0
print_info: file size   = 34.36 GiB (8.52 BPW) 
load: 0 unused tokens
load: printing all EOG tokens:
load:   - 248044 ('<|endoftext|>')
load:   - 248046 ('<|im_end|>')
load:   - 248063 ('<|fim_pad|>')
load:   - 248064 ('<|repo_name|>')
load:   - 248065 ('<|file_sep|>')
load: special tokens cache size = 33
load: token to piece cache size = 1.7581 MB
print_info: arch                  = qwen35moe
print_info: vocab_only            = 0
print_info: no_alloc              = 0
print_info: n_ctx_train           = 262144
print_info: n_embd                = 2048
print_info: n_embd_inp            = 2048
print_info: n_layer               = 40
print_info: n_head                = 16
print_info: n_head_kv             = 2
print_info: n_rot                 = 64
print_info: n_swa                 = 0
print_info: is_swa_any            = 0
print_info: n_embd_head_k         = 256
print_info: n_embd_head_v         = 256
print_info: n_gqa                 = 8
print_info: n_embd_k_gqa          = 512
print_info: n_embd_v_gqa          = 512
print_info: f_norm_eps            = 0.0e+00
print_info: f_norm_rms_eps        = 1.0e-06
print_info: f_clamp_kqv           = 0.0e+00
print_info: f_max_alibi_bias      = 0.0e+00
print_info: f_logit_scale         = 0.0e+00
print_info: f_attn_scale          = 0.0e+00
print_info: n_ff                  = 0
print_info: n_expert              = 256
print_info: n_expert_used         = 8
print_info: n_expert_groups       = 0
print_info: n_group_used          = 0
print_info: causal attn           = 1
print_info: pooling type          = 0
print_info: rope type             = 40
print_info: rope scaling          = linear
print_info: freq_base_train       = 10000000.0
print_info: freq_scale_train      = 1
print_info: n_ctx_orig_yarn       = 262144
print_info: rope_yarn_log_mul     = 0.0000
print_info: rope_finetuned        = unknown
print_info: mrope sections        = [11, 11, 10, 0]
print_info: ssm_d_conv            = 4
print_info: ssm_d_inner           = 4096
print_info: ssm_d_state           = 128
print_info: ssm_dt_rank           = 32
print_info: ssm_n_group           = 16
print_info: ssm_dt_b_c_rms        = 0
print_info: model type            = 35B.A3B
print_info: model params          = 34.66 B
print_info: general.name          = Qwen3.5-35B-A3B-Uncensored-HauhauCS-Aggressive
print_info: vocab type            = BPE
print_info: n_vocab               = 248320
print_info: n_merges              = 247587
print_info: BOS token             = 11 ','
print_info: EOS token             = 248046 '<|im_end|>'
print_info: EOT token             = 248046 '<|im_end|>'
print_info: PAD token             = 248044 '<|endoftext|>'
print_info: LF token              = 198 'Ċ'
print_info: FIM PRE token         = 248060 '<|fim_prefix|>'
print_info: FIM SUF token         = 248062 '<|fim_suffix|>'
print_info: FIM MID token         = 248061 '<|fim_middle|>'
print_info: FIM PAD token         = 248063 '<|fim_pad|>'
print_info: FIM REP token         = 248064 '<|repo_name|>'
print_info: FIM SEP token         = 248065 '<|file_sep|>'
print_info: EOG token             = 248044 '<|endoftext|>'
print_info: EOG token             = 248046 '<|im_end|>'
print_info: EOG token             = 248063 '<|fim_pad|>'
print_info: EOG token             = 248064 '<|repo_name|>'
print_info: EOG token             = 248065 '<|file_sep|>'
print_info: max token length      = 256
load_tensors: loading model tensors, this can take a while... (mmap = true, direct_io = false)
load_tensors: offloading output layer to GPU
load_tensors: offloading 39 repeating layers to GPU
load_tensors: offloaded 41/41 layers to GPU
load_tensors:   CPU_Mapped model buffer size =   515.31 MiB
load_tensors:        CUDA0 model buffer size = 17931.70 MiB
load_tensors:        CUDA1 model buffer size = 16736.08 MiB
....................................................................................................
common_init_result: added <|endoftext|> logit bias = -inf
common_init_result: added <|im_end|> logit bias = -inf
common_init_result: added <|fim_pad|> logit bias = -inf
common_init_result: added <|repo_name|> logit bias = -inf
common_init_result: added <|file_sep|> logit bias = -inf
llama_context: constructing llama_context
llama_context: n_seq_max     = 1
llama_context: n_ctx         = 16384
llama_context: n_ctx_seq     = 16384
llama_context: n_batch       = 2048
llama_context: n_ubatch      = 512
llama_context: causal_attn   = 1
llama_context: flash_attn    = enabled
llama_context: kv_unified    = false
llama_context: freq_base     = 10000000.0
llama_context: freq_scale    = 1
llama_context: n_ctx_seq (16384) < n_ctx_train (262144) -- the full capacity of the model will not be utilized
llama_context:  CUDA_Host  output buffer size =     0.95 MiB
llama_kv_cache:      CUDA0 KV buffer size =    85.00 MiB
llama_kv_cache:      CUDA1 KV buffer size =    85.00 MiB
llama_kv_cache: size =  170.00 MiB ( 16384 cells,  10 layers,  1/1 seqs), K (q8_0):   85.00 MiB, V (q8_0):   85.00 MiB
llama_memory_recurrent:      CUDA0 RS buffer size =    33.50 MiB
llama_memory_recurrent:      CUDA1 RS buffer size =    29.31 MiB
llama_memory_recurrent: size =   62.81 MiB (     1 cells,  40 layers,  1 seqs), R (f32):    2.81 MiB, S (f32):   60.00 MiB
llama_context: pipeline parallelism enabled
llama_context: graph reuse is currently not compatible with pipeline parallelism - disabling
sched_reserve: reserving ...
sched_reserve: resolving fused Gated Delta Net support:
sched_reserve: fused Gated Delta Net (autoregressive) enabled
sched_reserve: fused Gated Delta Net (chunked) enabled
sched_reserve:      CUDA0 compute buffer size =   228.06 MiB
sched_reserve:      CUDA1 compute buffer size =   573.07 MiB
sched_reserve:  CUDA_Host compute buffer size =   136.08 MiB
sched_reserve: graph nodes  = 3729
sched_reserve: graph splits = 3
sched_reserve: reserve took 91.71 ms, sched copies = 4
Sampler    : logits -> ?penalties -> ?dry -> ?top-n-sigma -> top-k -> ?typical -> ?top-p -> ?min-p -> ?xtc -> temp-ext -> dist 
EOS token id: 248046
EOG tokens in vocab:
  token 248044 = '<|endoftext|>' [EOG - will NOT stop generation]
  token 248046 = '<|im_end|>' [PRIMARY EOS - will stop generation]
  token 248063 = '<|fim_pad|>' [EOG - will NOT stop generation]
  token 248064 = '<|repo_name|>' [EOG - will NOT stop generation]
  token 248065 = '<|file_sep|>' [EOG - will NOT stop generation]
system_info: n_threads = 16 (n_threads_batch = 16) / 384 | CUDA : ARCHS = 500,610,700,750,800,860,890 | USE_GRAPHS = 1 | PEER_MAX_BATCH_SIZE = 128 | CPU : SSE3 = 1 | SSSE3 = 1 | AVX = 1 | AVX2 = 1 | F16C = 1 | FMA = 1 | BMI2 = 1 | AVX512 = 1 | AVX512_VBMI = 1 | AVX512_VNNI = 1 | AVX512_BF16 = 1 | LLAMAFILE = 1 | OPENMP = 1 | REPACK = 1 | 

Loaded 60 prompts

[1/60] D01_history_01 : <|im_start|>user
How do historians reconstruct the causes and course o...
  tokens: 49 prompt + 1024 gen | tensors: 41000 seen, 41000 captured, 40 unique | 9257 ms
  saved 0 layer + 40 router tensors → /workspace/consciousness-experiment/experiments/qwen-huahua-philosophy-experts-bias/captures/20260409T203615Z_philosophy_core_cluster_no_think_p8/D01_history_01
[2/60] D01_history_02 : <|im_start|>user
Why did Ivan IV matter in Russian history, and what w...
  tokens: 43 prompt + 1024 gen | tensors: 41000 seen, 41000 captured, 40 unique | 9034 ms
  saved 0 layer + 40 router tensors → /workspace/consciousness-experiment/experiments/qwen-huahua-philosophy-experts-bias/captures/20260409T203615Z_philosophy_core_cluster_no_think_p8/D01_history_02
[3/60] D01_history_03 : <|im_start|>user
Compare the historical impact of the September 11 att...
  tokens: 48 prompt + 1024 gen | tensors: 41000 seen, 41000 captured, 40 unique | 9242 ms
  saved 0 layer + 40 router tensors → /workspace/consciousness-experiment/experiments/qwen-huahua-philosophy-experts-bias/captures/20260409T203615Z_philosophy_core_cluster_no_think_p8/D01_history_03
[4/60] D02_archaeology_01 : <|im_start|>user
How do archaeologists reconstruct the daily life of a...
  tokens: 45 prompt + 1024 gen | tensors: 41000 seen, 41000 captured, 40 unique | 9240 ms
  saved 0 layer + 40 router tensors → /workspace/consciousness-experiment/experiments/qwen-huahua-philosophy-experts-bias/captures/20260409T203615Z_philosophy_core_cluster_no_think_p8/D02_archaeology_01
[5/60] D02_archaeology_02 : <|im_start|>user
Why did the Rosetta Stone matter so much for archaeol...
  tokens: 43 prompt + 1024 gen | tensors: 41000 seen, 41000 captured, 40 unique | 9203 ms
  saved 0 layer + 40 router tensors → /workspace/consciousness-experiment/experiments/qwen-huahua-philosophy-experts-bias/captures/20260409T203615Z_philosophy_core_cluster_no_think_p8/D02_archaeology_02
[6/60] D02_archaeology_03 : <|im_start|>user
Compare radiocarbon dating with stratigraphy as tools...
  tokens: 38 prompt + 1024 gen | tensors: 41000 seen, 41000 captured, 40 unique | 9217 ms
  saved 0 layer + 40 router tensors → /workspace/consciousness-experiment/experiments/qwen-huahua-philosophy-experts-bias/captures/20260409T203615Z_philosophy_core_cluster_no_think_p8/D02_archaeology_03
[7/60] D03_mathematics_01 : <|im_start|>user
How does calculus work as a mathematical framework fo...
  tokens: 41 prompt + 1024 gen | tensors: 41000 seen, 41000 captured, 40 unique | 9215 ms
  saved 0 layer + 40 router tensors → /workspace/consciousness-experiment/experiments/qwen-huahua-philosophy-experts-bias/captures/20260409T203615Z_philosophy_core_cluster_no_think_p8/D03_mathematics_01
[8/60] D03_mathematics_02 : <|im_start|>user
Why did Carl Friedrich Gauss matter to number theory,...
  tokens: 40 prompt + 1024 gen | tensors: 41000 seen, 41000 captured, 40 unique | 9210 ms
  saved 0 layer + 40 router tensors → /workspace/consciousness-experiment/experiments/qwen-huahua-philosophy-experts-bias/captures/20260409T203615Z_philosophy_core_cluster_no_think_p8/D03_mathematics_02
[9/60] D03_mathematics_03 : <|im_start|>user
Compare linear algebra with calculus in terms of thei...
  tokens: 40 prompt + 1024 gen | tensors: 41000 seen, 41000 captured, 40 unique | 9220 ms
  saved 0 layer + 40 router tensors → /workspace/consciousness-experiment/experiments/qwen-huahua-philosophy-experts-bias/captures/20260409T203615Z_philosophy_core_cluster_no_think_p8/D03_mathematics_03
[10/60] D04_statistics_01 : <|im_start|>user
How does hypothesis testing work, including null mode...
  tokens: 41 prompt + 1024 gen | tensors: 41000 seen, 41000 captured, 40 unique | 9223 ms
  saved 0 layer + 40 router tensors → /workspace/consciousness-experiment/experiments/qwen-huahua-philosophy-experts-bias/captures/20260409T203615Z_philosophy_core_cluster_no_think_p8/D04_statistics_01
[11/60] D04_statistics_02 : <|im_start|>user
Why did Bayes' theorem matter so much for the develop...
  tokens: 40 prompt + 1024 gen | tensors: 41000 seen, 41000 captured, 40 unique | 9199 ms
  saved 0 layer + 40 router tensors → /workspace/consciousness-experiment/experiments/qwen-huahua-philosophy-experts-bias/captures/20260409T203615Z_philosophy_core_cluster_no_think_p8/D04_statistics_02
[12/60] D04_statistics_03 : <|im_start|>user
Compare frequentist inference with Bayesian inference...
  tokens: 39 prompt + 1024 gen | tensors: 41000 seen, 41000 captured, 40 unique | 9225 ms
  saved 0 layer + 40 router tensors → /workspace/consciousness-experiment/experiments/qwen-huahua-philosophy-experts-bias/captures/20260409T203615Z_philosophy_core_cluster_no_think_p8/D04_statistics_03
[13/60] D05_physics_01 : <|im_start|>user
How does thermodynamics work as a framework for energ...
  tokens: 41 prompt + 1024 gen | tensors: 41000 seen, 41000 captured, 40 unique | 9210 ms
  saved 0 layer + 40 router tensors → /workspace/consciousness-experiment/experiments/qwen-huahua-philosophy-experts-bias/captures/20260409T203615Z_philosophy_core_cluster_no_think_p8/D05_physics_01
[14/60] D05_physics_02 : <|im_start|>user
Why did Albert Einstein matter so much to relativity,...
  tokens: 42 prompt + 1024 gen | tensors: 41000 seen, 41000 captured, 40 unique | 9277 ms
  saved 0 layer + 40 router tensors → /workspace/consciousness-experiment/experiments/qwen-huahua-philosophy-experts-bias/captures/20260409T203615Z_philosophy_core_cluster_no_think_p8/D05_physics_02
[15/60] D05_physics_03 : <|im_start|>user
Compare the Standard Model with general relativity in...
  tokens: 42 prompt + 1024 gen | tensors: 41000 seen, 41000 captured, 40 unique | 9205 ms
  saved 0 layer + 40 router tensors → /workspace/consciousness-experiment/experiments/qwen-huahua-philosophy-experts-bias/captures/20260409T203615Z_philosophy_core_cluster_no_think_p8/D05_physics_03
[16/60] D06_chemistry_01 : <|im_start|>user
How does chemical bonding work across ionic, covalent...
  tokens: 41 prompt + 1024 gen | tensors: 41000 seen, 41000 captured, 40 unique | 9299 ms
  saved 0 layer + 40 router tensors → /workspace/consciousness-experiment/experiments/qwen-huahua-philosophy-experts-bias/captures/20260409T203615Z_philosophy_core_cluster_no_think_p8/D06_chemistry_01
[17/60] D06_chemistry_02 : <|im_start|>user
Why did Dmitri Mendeleev matter to chemistry and the ...
  tokens: 42 prompt + 1024 gen | tensors: 41000 seen, 41000 captured, 40 unique | 9233 ms
  saved 0 layer + 40 router tensors → /workspace/consciousness-experiment/experiments/qwen-huahua-philosophy-experts-bias/captures/20260409T203615Z_philosophy_core_cluster_no_think_p8/D06_chemistry_02
[18/60] D06_chemistry_03 : <|im_start|>user
Compare reaction kinetics with chemical equilibrium i...
  tokens: 37 prompt + 1024 gen | tensors: 41000 seen, 41000 captured, 40 unique | 9191 ms
  saved 0 layer + 40 router tensors → /workspace/consciousness-experiment/experiments/qwen-huahua-philosophy-experts-bias/captures/20260409T203615Z_philosophy_core_cluster_no_think_p8/D06_chemistry_03
[19/60] D07_biology_01 : <|im_start|>user
How does evolution by natural selection work, includi...
  tokens: 41 prompt + 1024 gen | tensors: 41000 seen, 41000 captured, 40 unique | 9204 ms
  saved 0 layer + 40 router tensors → /workspace/consciousness-experiment/experiments/qwen-huahua-philosophy-experts-bias/captures/20260409T203615Z_philosophy_core_cluster_no_think_p8/D07_biology_01
[20/60] D07_biology_02 : <|im_start|>user
Why did Charles Darwin matter so much to biological s...
  tokens: 35 prompt + 1024 gen | tensors: 41000 seen, 41000 captured, 40 unique | 9199 ms
  saved 0 layer + 40 router tensors → /workspace/consciousness-experiment/experiments/qwen-huahua-philosophy-experts-bias/captures/20260409T203615Z_philosophy_core_cluster_no_think_p8/D07_biology_02
[21/60] D07_biology_03 : <|im_start|>user
Compare classical genetics with molecular biology in ...
  tokens: 37 prompt + 1024 gen | tensors: 41000 seen, 41000 captured, 40 unique | 9206 ms
  saved 0 layer + 40 router tensors → /workspace/consciousness-experiment/experiments/qwen-huahua-philosophy-experts-bias/captures/20260409T203615Z_philosophy_core_cluster_no_think_p8/D07_biology_03
[22/60] D08_medicine_01 : <|im_start|>user
How does sepsis develop and why is it medically dange...
  tokens: 37 prompt + 1024 gen | tensors: 41000 seen, 41000 captured, 40 unique | 9170 ms
  saved 0 layer + 40 router tensors → /workspace/consciousness-experiment/experiments/qwen-huahua-philosophy-experts-bias/captures/20260409T203615Z_philosophy_core_cluster_no_think_p8/D08_medicine_01
[23/60] D08_medicine_02 : <|im_start|>user
Why did Ignaz Semmelweis matter to medicine and infec...
  tokens: 38 prompt + 1024 gen | tensors: 41000 seen, 41000 captured, 40 unique | 9252 ms
  saved 0 layer + 40 router tensors → /workspace/consciousness-experiment/experiments/qwen-huahua-philosophy-experts-bias/captures/20260409T203615Z_philosophy_core_cluster_no_think_p8/D08_medicine_02
[24/60] D08_medicine_03 : <|im_start|>user
Compare antibiotics with vaccines in how they prevent...
  tokens: 36 prompt + 1024 gen | tensors: 41000 seen, 41000 captured, 40 unique | 9191 ms
  saved 0 layer + 40 router tensors → /workspace/consciousness-experiment/experiments/qwen-huahua-philosophy-experts-bias/captures/20260409T203615Z_philosophy_core_cluster_no_think_p8/D08_medicine_03
[25/60] D09_neuroscience_01 : <|im_start|>user
How does synaptic transmission work, including neurot...
  tokens: 40 prompt + 1024 gen | tensors: 41000 seen, 41000 captured, 40 unique | 9233 ms
  saved 0 layer + 40 router tensors → /workspace/consciousness-experiment/experiments/qwen-huahua-philosophy-experts-bias/captures/20260409T203615Z_philosophy_core_cluster_no_think_p8/D09_neuroscience_01
[26/60] D09_neuroscience_02 : <|im_start|>user
Why did Santiago Ramon y Cajal matter to neuroscience...
  tokens: 36 prompt + 1024 gen | tensors: 41000 seen, 41000 captured, 40 unique | 9207 ms
  saved 0 layer + 40 router tensors → /workspace/consciousness-experiment/experiments/qwen-huahua-philosophy-experts-bias/captures/20260409T203615Z_philosophy_core_cluster_no_think_p8/D09_neuroscience_02
[27/60] D09_neuroscience_03 : <|im_start|>user
Compare brain imaging with electrophysiology in the k...
  tokens: 43 prompt + 1024 gen | tensors: 41000 seen, 41000 captured, 40 unique | 9232 ms
  saved 0 layer + 40 router tensors → /workspace/consciousness-experiment/experiments/qwen-huahua-philosophy-experts-bias/captures/20260409T203615Z_philosophy_core_cluster_no_think_p8/D09_neuroscience_03
[28/60] D10_computer_science_01 : <|im_start|>user
How do algorithms and computational complexity work a...
  tokens: 38 prompt + 1024 gen | tensors: 41000 seen, 41000 captured, 40 unique | 9225 ms
  saved 0 layer + 40 router tensors → /workspace/consciousness-experiment/experiments/qwen-huahua-philosophy-experts-bias/captures/20260409T203615Z_philosophy_core_cluster_no_think_p8/D10_computer_science_01
[29/60] D10_computer_science_02 : <|im_start|>user
Why did Alan Turing matter to computer science, compu...
  tokens: 39 prompt + 1024 gen | tensors: 41000 seen, 41000 captured, 40 unique | 9249 ms
  saved 0 layer + 40 router tensors → /workspace/consciousness-experiment/experiments/qwen-huahua-philosophy-experts-bias/captures/20260409T203615Z_philosophy_core_cluster_no_think_p8/D10_computer_science_02
[30/60] D10_computer_science_03 : <|im_start|>user
Compare data structures with algorithms in the role e...
  tokens: 38 prompt + 1024 gen | tensors: 41000 seen, 41000 captured, 40 unique | 9276 ms
  saved 0 layer + 40 router tensors → /workspace/consciousness-experiment/experiments/qwen-huahua-philosophy-experts-bias/captures/20260409T203615Z_philosophy_core_cluster_no_think_p8/D10_computer_science_03
[31/60] D11_software_engineering_01 : <|im_start|>user
How does a software engineering process move from req...
  tokens: 43 prompt + 1024 gen | tensors: 41000 seen, 41000 captured, 40 unique | 9209 ms
  saved 0 layer + 40 router tensors → /workspace/consciousness-experiment/experiments/qwen-huahua-philosophy-experts-bias/captures/20260409T203615Z_philosophy_core_cluster_no_think_p8/D11_software_engineering_01
[32/60] D11_software_engineering_02 : <|im_start|>user
Why did the Agile Manifesto matter to software develo...
  tokens: 36 prompt + 1024 gen | tensors: 41000 seen, 41000 captured, 40 unique | 9230 ms
  saved 0 layer + 40 router tensors → /workspace/consciousness-experiment/experiments/qwen-huahua-philosophy-experts-bias/captures/20260409T203615Z_philosophy_core_cluster_no_think_p8/D11_software_engineering_02
[33/60] D11_software_engineering_03 : <|im_start|>user
Compare version control with continuous integration i...
  tokens: 38 prompt + 1024 gen | tensors: 41000 seen, 41000 captured, 40 unique | 9200 ms
  saved 0 layer + 40 router tensors → /workspace/consciousness-experiment/experiments/qwen-huahua-philosophy-experts-bias/captures/20260409T203615Z_philosophy_core_cluster_no_think_p8/D11_software_engineering_03
[34/60] D12_cybersecurity_01 : <|im_start|>user
How does public key cryptography work, including key ...
  tokens: 40 prompt + 1024 gen | tensors: 41000 seen, 41000 captured, 40 unique | 9176 ms
  saved 0 layer + 40 router tensors → /workspace/consciousness-experiment/experiments/qwen-huahua-philosophy-experts-bias/captures/20260409T203615Z_philosophy_core_cluster_no_think_p8/D12_cybersecurity_01
[35/60] D12_cybersecurity_02 : <|im_start|>user
Why did the Morris worm matter in the history of cybe...
  tokens: 36 prompt + 1024 gen | tensors: 41000 seen, 41000 captured, 40 unique | 9208 ms
  saved 0 layer + 40 router tensors → /workspace/consciousness-experiment/experiments/qwen-huahua-philosophy-experts-bias/captures/20260409T203615Z_philosophy_core_cluster_no_think_p8/D12_cybersecurity_02
[36/60] D12_cybersecurity_03 : <|im_start|>user
Compare authentication with access control in practic...
  tokens: 34 prompt + 1024 gen | tensors: 41000 seen, 41000 captured, 40 unique | 9214 ms
  saved 0 layer + 40 router tensors → /workspace/consciousness-experiment/experiments/qwen-huahua-philosophy-experts-bias/captures/20260409T203615Z_philosophy_core_cluster_no_think_p8/D12_cybersecurity_03
[37/60] D13_economics_01 : <|im_start|>user
How does inflation work, including monetary policy, e...
  tokens: 39 prompt + 1024 gen | tensors: 41000 seen, 41000 captured, 40 unique | 9233 ms
  saved 0 layer + 40 router tensors → /workspace/consciousness-experiment/experiments/qwen-huahua-philosophy-experts-bias/captures/20260409T203615Z_philosophy_core_cluster_no_think_p8/D13_economics_01
[38/60] D13_economics_02 : <|im_start|>user
Why did John Maynard Keynes matter to economics and m...
  tokens: 38 prompt + 1024 gen | tensors: 41000 seen, 41000 captured, 40 unique | 9196 ms
  saved 0 layer + 40 router tensors → /workspace/consciousness-experiment/experiments/qwen-huahua-philosophy-experts-bias/captures/20260409T203615Z_philosophy_core_cluster_no_think_p8/D13_economics_02
[39/60] D13_economics_03 : <|im_start|>user
Compare the 2008 financial crisis with the Great Depr...
  tokens: 44 prompt + 1024 gen | tensors: 41000 seen, 41000 captured, 40 unique | 9221 ms
  saved 0 layer + 40 router tensors → /workspace/consciousness-experiment/experiments/qwen-huahua-philosophy-experts-bias/captures/20260409T203615Z_philosophy_core_cluster_no_think_p8/D13_economics_03
[40/60] D14_law_01 : <|im_start|>user
How does constitutional law work in organizing powers...
  tokens: 39 prompt + 1024 gen | tensors: 41000 seen, 41000 captured, 40 unique | 9192 ms
  saved 0 layer + 40 router tensors → /workspace/consciousness-experiment/experiments/qwen-huahua-philosophy-experts-bias/captures/20260409T203615Z_philosophy_core_cluster_no_think_p8/D14_law_01
[41/60] D14_law_02 : <|im_start|>user
Why did Marbury v. Madison matter in legal history?<|...
  tokens: 36 prompt + 1024 gen | tensors: 41000 seen, 41000 captured, 40 unique | 9233 ms
  saved 0 layer + 40 router tensors → /workspace/consciousness-experiment/experiments/qwen-huahua-philosophy-experts-bias/captures/20260409T203615Z_philosophy_core_cluster_no_think_p8/D14_law_02
[42/60] D14_law_03 : <|im_start|>user
Compare precedent with statutory interpretation in mo...
  tokens: 34 prompt + 1024 gen | tensors: 41000 seen, 41000 captured, 40 unique | 9192 ms
  saved 0 layer + 40 router tensors → /workspace/consciousness-experiment/experiments/qwen-huahua-philosophy-experts-bias/captures/20260409T203615Z_philosophy_core_cluster_no_think_p8/D14_law_03
[43/60] D15_political_science_01 : <|im_start|>user
How do democratic institutions work, including electi...
  tokens: 40 prompt + 1024 gen | tensors: 41000 seen, 41000 captured, 40 unique | 9250 ms
  saved 0 layer + 40 router tensors → /workspace/consciousness-experiment/experiments/qwen-huahua-philosophy-experts-bias/captures/20260409T203615Z_philosophy_core_cluster_no_think_p8/D15_political_science_01
[44/60] D15_political_science_02 : <|im_start|>user
Why did Niccolo Machiavelli matter to political thoug...
  tokens: 40 prompt + 1024 gen | tensors: 41000 seen, 41000 captured, 40 unique | 9191 ms
  saved 0 layer + 40 router tensors → /workspace/consciousness-experiment/experiments/qwen-huahua-philosophy-experts-bias/captures/20260409T203615Z_philosophy_core_cluster_no_think_p8/D15_political_science_02
[45/60] D15_political_science_03 : <|im_start|>user
Compare nationalism with liberalism as organizing ide...
  tokens: 36 prompt + 1024 gen | tensors: 41000 seen, 41000 captured, 40 unique | 9228 ms
  saved 0 layer + 40 router tensors → /workspace/consciousness-experiment/experiments/qwen-huahua-philosophy-experts-bias/captures/20260409T203615Z_philosophy_core_cluster_no_think_p8/D15_political_science_03
[46/60] D16_philosophy_01 : <|im_start|>user
How does epistemology work as a field concerned with ...
  tokens: 42 prompt + 1024 gen | tensors: 41000 seen, 41000 captured, 40 unique | 9217 ms
  saved 0 layer + 40 router tensors → /workspace/consciousness-experiment/experiments/qwen-huahua-philosophy-experts-bias/captures/20260409T203615Z_philosophy_core_cluster_no_think_p8/D16_philosophy_01
[47/60] D16_philosophy_02 : <|im_start|>user
Why did Immanuel Kant matter to metaphysics, ethics, ...
  tokens: 41 prompt + 1024 gen | tensors: 41000 seen, 41000 captured, 40 unique | 9212 ms
  saved 0 layer + 40 router tensors → /workspace/consciousness-experiment/experiments/qwen-huahua-philosophy-experts-bias/captures/20260409T203615Z_philosophy_core_cluster_no_think_p8/D16_philosophy_02
[48/60] D16_philosophy_03 : <|im_start|>user
Compare philosophy of mind with metaphysics in the ki...
  tokens: 39 prompt + 1024 gen | tensors: 41000 seen, 41000 captured, 40 unique | 9243 ms
  saved 0 layer + 40 router tensors → /workspace/consciousness-experiment/experiments/qwen-huahua-philosophy-experts-bias/captures/20260409T203615Z_philosophy_core_cluster_no_think_p8/D16_philosophy_03
[49/60] D17_comparative_religion_01 : <|im_start|>user
How does comparative religion study ritual, doctrine,...
  tokens: 42 prompt + 1024 gen | tensors: 41000 seen, 41000 captured, 40 unique | 9254 ms
  saved 0 layer + 40 router tensors → /workspace/consciousness-experiment/experiments/qwen-huahua-philosophy-experts-bias/captures/20260409T203615Z_philosophy_core_cluster_no_think_p8/D17_comparative_religion_01
[50/60] D17_comparative_religion_02 : <|im_start|>user
Why did the Buddha matter historically, and how did B...
  tokens: 41 prompt + 1024 gen | tensors: 41000 seen, 41000 captured, 40 unique | 9191 ms
  saved 0 layer + 40 router tensors → /workspace/consciousness-experiment/experiments/qwen-huahua-philosophy-experts-bias/captures/20260409T203615Z_philosophy_core_cluster_no_think_p8/D17_comparative_religion_02
[51/60] D17_comparative_religion_03 : <|im_start|>user
Compare monotheistic traditions with non-theistic tra...
  tokens: 39 prompt + 1024 gen | tensors: 41000 seen, 41000 captured, 40 unique | 9210 ms
  saved 0 layer + 40 router tensors → /workspace/consciousness-experiment/experiments/qwen-huahua-philosophy-experts-bias/captures/20260409T203615Z_philosophy_core_cluster_no_think_p8/D17_comparative_religion_03
[52/60] D18_linguistics_01 : <|im_start|>user
How does syntax work, including phrase structure, dep...
  tokens: 38 prompt + 1024 gen | tensors: 41000 seen, 41000 captured, 40 unique | 9181 ms
  saved 0 layer + 40 router tensors → /workspace/consciousness-experiment/experiments/qwen-huahua-philosophy-experts-bias/captures/20260409T203615Z_philosophy_core_cluster_no_think_p8/D18_linguistics_01
[53/60] D18_linguistics_02 : <|im_start|>user
Why did Ferdinand de Saussure matter to linguistics a...
  tokens: 39 prompt + 1024 gen | tensors: 41000 seen, 41000 captured, 40 unique | 9188 ms
  saved 0 layer + 40 router tensors → /workspace/consciousness-experiment/experiments/qwen-huahua-philosophy-experts-bias/captures/20260409T203615Z_philosophy_core_cluster_no_think_p8/D18_linguistics_02
[54/60] D18_linguistics_03 : <|im_start|>user
Compare phonology with syntax in the kinds of linguis...
  tokens: 38 prompt + 1024 gen | tensors: 41000 seen, 41000 captured, 40 unique | 9199 ms
  saved 0 layer + 40 router tensors → /workspace/consciousness-experiment/experiments/qwen-huahua-philosophy-experts-bias/captures/20260409T203615Z_philosophy_core_cluster_no_think_p8/D18_linguistics_03
[55/60] D19_psychology_01 : <|im_start|>user
How does memory work, including encoding, storage, re...
  tokens: 39 prompt + 1024 gen | tensors: 41000 seen, 41000 captured, 40 unique | 9206 ms
  saved 0 layer + 40 router tensors → /workspace/consciousness-experiment/experiments/qwen-huahua-philosophy-experts-bias/captures/20260409T203615Z_philosophy_core_cluster_no_think_p8/D19_psychology_01
[56/60] D19_psychology_02 : <|im_start|>user
Why did William James matter to psychology?<|im_end|>...
  tokens: 32 prompt + 1024 gen | tensors: 41000 seen, 41000 captured, 40 unique | 9225 ms
  saved 0 layer + 40 router tensors → /workspace/consciousness-experiment/experiments/qwen-huahua-philosophy-experts-bias/captures/20260409T203615Z_philosophy_core_cluster_no_think_p8/D19_psychology_02
[57/60] D19_psychology_03 : <|im_start|>user
Compare cognition with emotion in how psychology expl...
  tokens: 34 prompt + 1024 gen | tensors: 41000 seen, 41000 captured, 40 unique | 9219 ms
  saved 0 layer + 40 router tensors → /workspace/consciousness-experiment/experiments/qwen-huahua-philosophy-experts-bias/captures/20260409T203615Z_philosophy_core_cluster_no_think_p8/D19_psychology_03
[58/60] D20_environmental_science_01 : <|im_start|>user
How do climate systems work, including feedback loops...
  tokens: 42 prompt + 1024 gen | tensors: 41000 seen, 41000 captured, 40 unique | 9201 ms
  saved 0 layer + 40 router tensors → /workspace/consciousness-experiment/experiments/qwen-huahua-philosophy-experts-bias/captures/20260409T203615Z_philosophy_core_cluster_no_think_p8/D20_environmental_science_01
[59/60] D20_environmental_science_02 : <|im_start|>user
Why did Rachel Carson matter to environmental science...
  tokens: 36 prompt + 1024 gen | tensors: 41000 seen, 41000 captured, 40 unique | 9210 ms
  saved 0 layer + 40 router tensors → /workspace/consciousness-experiment/experiments/qwen-huahua-philosophy-experts-bias/captures/20260409T203615Z_philosophy_core_cluster_no_think_p8/D20_environmental_science_02
[60/60] D20_environmental_science_03 : <|im_start|>user
Compare ecology with environmental chemistry in how e...
  tokens: 37 prompt + 1024 gen | tensors: 41000 seen, 41000 captured, 40 unique | 9197 ms
  saved 0 layer + 40 router tensors → /workspace/consciousness-experiment/experiments/qwen-huahua-philosophy-experts-bias/captures/20260409T203615Z_philosophy_core_cluster_no_think_p8/D20_environmental_science_03

=== Capture Complete ===
Prompts: 60  |  Output: /workspace/consciousness-experiment/experiments/qwen-huahua-philosophy-experts-bias/captures/20260409T203615Z_philosophy_core_cluster_no_think_p8
llama_perf_context_print:        load time =    7090.50 ms
llama_perf_context_print: prompt eval time =    3950.23 ms /  2421 tokens (    1.63 ms per token,   612.88 tokens per second)
llama_perf_context_print:        eval time =  537718.08 ms / 61380 runs   (    8.76 ms per token,   114.15 tokens per second)
llama_perf_context_print:       total time =  561288.92 ms / 63801 tokens
llama_perf_context_print:    graphs reused =          0
