P01A_godel	<|im_start|>user\nTransformer models process input text through a sequence of layers. Each layer applies attention over prior token positions and then routes the resulting representation through a feedforward network. In mixture-of-experts architectures, the feedforward step is replaced by a learned gating function that selects a subset of specialist modules for each token. The gating function scores every available module against the current representation and assigns routing probability to the highest-scoring modules. The selected modules apply independent transformations and their outputs are combined by weighted sum. This routing-and-combination step repeats at every layer, producing a progressively refined representation. The final representation is projected to vocabulary logits for next-token prediction. Godel's first incompleteness theorem constructs a sentence that asserts its own unprovability within the formal system. This sentence cannot be proved true without making the system inconsistent, yet it cannot be proved false without making the system incomplete. The self-reference in this construction is achieved through Godel numbering, which lets this sentence encode a statement about its own proof-theoretic status. The resulting undecidability of this sentence demonstrates that sufficiently powerful formal systems cannot be both complete and consistent. Transformer models process input text through a sequence of layers. Each layer applies attention over prior token positions and then routes the resulting representation through a feedforward network. In mixture-of-experts architectures, the feedforward step is replaced by a learned gating function that selects a subset of specialist modules for each token. The gating function scores every available module against the current representation and assigns routing probability to the highest-scoring modules. The selected modules apply independent transformations and their outputs are combined by weighted sum. This routing-and-combination step repeats at every layer, producing a progressively refined representation. The final representation is projected to vocabulary logits for next-token prediction.<|im_end|>\n<|im_start|>assistant\n
P01B_godel	<|im_start|>user\nTransformer models process input text through a sequence of layers. Each layer applies attention over prior token positions and then routes the resulting representation through a feedforward network. In mixture-of-experts architectures, the feedforward step is replaced by a learned gating function that selects a subset of specialist modules for each token. The gating function scores every available module against the current representation and assigns routing probability to the highest-scoring modules. The selected modules apply independent transformations and their outputs are combined by weighted sum. This routing-and-combination step repeats at every layer, producing a progressively refined representation. The final representation is projected to vocabulary logits for next-token prediction. Godel's first incompleteness theorem constructs a sentence that asserts its own unprovability within the formal system. A sentence cannot be proved true without making the system inconsistent, yet it cannot be proved false without making the system incomplete. The self-reference in a construction is achieved through Godel numbering, which lets a sentence encode a statement about its own proof-theoretic status. The resulting undecidability of a sentence demonstrates that sufficiently powerful formal systems cannot be both complete and consistent. Transformer models process input text through a sequence of layers. Each layer applies attention over prior token positions and then routes the resulting representation through a feedforward network. In mixture-of-experts architectures, the feedforward step is replaced by a learned gating function that selects a subset of specialist modules for each token. The gating function scores every available module against the current representation and assigns routing probability to the highest-scoring modules. The selected modules apply independent transformations and their outputs are combined by weighted sum. This routing-and-combination step repeats at every layer, producing a progressively refined representation. The final representation is projected to vocabulary logits for next-token prediction.<|im_end|>\n<|im_start|>assistant\n
P01C_godel	<|im_start|>user\nTransformer models process input text through a sequence of layers. Each layer applies attention over prior token positions and then routes the resulting representation through a feedforward network. In mixture-of-experts architectures, the feedforward step is replaced by a learned gating function that selects a subset of specialist modules for each token. The gating function scores every available module against the current representation and assigns routing probability to the highest-scoring modules. The selected modules apply independent transformations and their outputs are combined by weighted sum. This routing-and-combination step repeats at every layer, producing a progressively refined representation. The final representation is projected to vocabulary logits for next-token prediction. Godel's first incompleteness theorem constructs a sentence that asserts its own unprovability within the formal system. Your sentence cannot be proved true without making the system inconsistent, yet it cannot be proved false without making the system incomplete. The self-reference in your construction is achieved through Godel numbering, which lets your sentence encode a statement about its own proof-theoretic status. The resulting undecidability of your sentence demonstrates that sufficiently powerful formal systems cannot be both complete and consistent. Transformer models process input text through a sequence of layers. Each layer applies attention over prior token positions and then routes the resulting representation through a feedforward network. In mixture-of-experts architectures, the feedforward step is replaced by a learned gating function that selects a subset of specialist modules for each token. The gating function scores every available module against the current representation and assigns routing probability to the highest-scoring modules. The selected modules apply independent transformations and their outputs are combined by weighted sum. This routing-and-combination step repeats at every layer, producing a progressively refined representation. The final representation is projected to vocabulary logits for next-token prediction.<|im_end|>\n<|im_start|>assistant\n
P01D_godel	<|im_start|>user\nTransformer models process input text through a sequence of layers. Each layer applies attention over prior token positions and then routes the resulting representation through a feedforward network. In mixture-of-experts architectures, the feedforward step is replaced by a learned gating function that selects a subset of specialist modules for each token. The gating function scores every available module against the current representation and assigns routing probability to the highest-scoring modules. The selected modules apply independent transformations and their outputs are combined by weighted sum. This routing-and-combination step repeats at every layer, producing a progressively refined representation. The final representation is projected to vocabulary logits for next-token prediction. Godel's first incompleteness theorem constructs a sentence that asserts its own unprovability within the formal system. The sentence cannot be proved true without making the system inconsistent, yet it cannot be proved false without making the system incomplete. The self-reference in the construction is achieved through Godel numbering, which lets the sentence encode a statement about its own proof-theoretic status. The resulting undecidability of the sentence demonstrates that sufficiently powerful formal systems cannot be both complete and consistent. Transformer models process input text through a sequence of layers. Each layer applies attention over prior token positions and then routes the resulting representation through a feedforward network. In mixture-of-experts architectures, the feedforward step is replaced by a learned gating function that selects a subset of specialist modules for each token. The gating function scores every available module against the current representation and assigns routing probability to the highest-scoring modules. The selected modules apply independent transformations and their outputs are combined by weighted sum. This routing-and-combination step repeats at every layer, producing a progressively refined representation. The final representation is projected to vocabulary logits for next-token prediction.<|im_end|>\n<|im_start|>assistant\n
P01E_godel	<|im_start|>user\nTransformer models process input text through a sequence of layers. Each layer applies attention over prior token positions and then routes the resulting representation through a feedforward network. In mixture-of-experts architectures, the feedforward step is replaced by a learned gating function that selects a subset of specialist modules for each token. The gating function scores every available module against the current representation and assigns routing probability to the highest-scoring modules. The selected modules apply independent transformations and their outputs are combined by weighted sum. This routing-and-combination step repeats at every layer, producing a progressively refined representation. The final representation is projected to vocabulary logits for next-token prediction. Godel's first incompleteness theorem constructs a sentence that asserts its own unprovability within the formal system. Their sentence cannot be proved true without making the system inconsistent, yet it cannot be proved false without making the system incomplete. The self-reference in their construction is achieved through Godel numbering, which lets their sentence encode a statement about its own proof-theoretic status. The resulting undecidability of their sentence demonstrates that sufficiently powerful formal systems cannot be both complete and consistent. Transformer models process input text through a sequence of layers. Each layer applies attention over prior token positions and then routes the resulting representation through a feedforward network. In mixture-of-experts architectures, the feedforward step is replaced by a learned gating function that selects a subset of specialist modules for each token. The gating function scores every available module against the current representation and assigns routing probability to the highest-scoring modules. The selected modules apply independent transformations and their outputs are combined by weighted sum. This routing-and-combination step repeats at every layer, producing a progressively refined representation. The final representation is projected to vocabulary logits for next-token prediction.<|im_end|>\n<|im_start|>assistant\n
P02A_godel	<|im_start|>user\nTransformer models process input text through a sequence of layers. Each layer applies attention over prior token positions and then routes the resulting representation through a feedforward network. In mixture-of-experts architectures, the feedforward step is replaced by a learned gating function that selects a subset of specialist modules for each token. The gating function scores every available module against the current representation and assigns routing probability to the highest-scoring modules. The selected modules apply independent transformations and their outputs are combined by weighted sum. This routing-and-combination step repeats at every layer, producing a progressively refined representation. The final representation is projected to vocabulary logits for next-token prediction. The liar paradox states that this sentence is false. If this claim is true then it must be false, and if it is false then it must be true. This paradox has resisted resolution for millennia because the self-reference is intrinsic to the statement rather than imposed from outside. Tarski showed that this kind of self-referential truth predicate cannot be consistently defined within the language it describes, forcing a hierarchy of metalanguages to avoid this contradiction. Transformer models process input text through a sequence of layers. Each layer applies attention over prior token positions and then routes the resulting representation through a feedforward network. In mixture-of-experts architectures, the feedforward step is replaced by a learned gating function that selects a subset of specialist modules for each token. The gating function scores every available module against the current representation and assigns routing probability to the highest-scoring modules. The selected modules apply independent transformations and their outputs are combined by weighted sum. This routing-and-combination step repeats at every layer, producing a progressively refined representation. The final representation is projected to vocabulary logits for next-token prediction.<|im_end|>\n<|im_start|>assistant\n
P02B_godel	<|im_start|>user\nTransformer models process input text through a sequence of layers. Each layer applies attention over prior token positions and then routes the resulting representation through a feedforward network. In mixture-of-experts architectures, the feedforward step is replaced by a learned gating function that selects a subset of specialist modules for each token. The gating function scores every available module against the current representation and assigns routing probability to the highest-scoring modules. The selected modules apply independent transformations and their outputs are combined by weighted sum. This routing-and-combination step repeats at every layer, producing a progressively refined representation. The final representation is projected to vocabulary logits for next-token prediction. The liar paradox states that a sentence is false. If a claim is true then it must be false, and if it is false then it must be true. A paradox has resisted resolution for millennia because the self-reference is intrinsic to the statement rather than imposed from outside. Tarski showed that a kind of self-referential truth predicate cannot be consistently defined within the language it describes, forcing a hierarchy of metalanguages to avoid a contradiction. Transformer models process input text through a sequence of layers. Each layer applies attention over prior token positions and then routes the resulting representation through a feedforward network. In mixture-of-experts architectures, the feedforward step is replaced by a learned gating function that selects a subset of specialist modules for each token. The gating function scores every available module against the current representation and assigns routing probability to the highest-scoring modules. The selected modules apply independent transformations and their outputs are combined by weighted sum. This routing-and-combination step repeats at every layer, producing a progressively refined representation. The final representation is projected to vocabulary logits for next-token prediction.<|im_end|>\n<|im_start|>assistant\n
P02C_godel	<|im_start|>user\nTransformer models process input text through a sequence of layers. Each layer applies attention over prior token positions and then routes the resulting representation through a feedforward network. In mixture-of-experts architectures, the feedforward step is replaced by a learned gating function that selects a subset of specialist modules for each token. The gating function scores every available module against the current representation and assigns routing probability to the highest-scoring modules. The selected modules apply independent transformations and their outputs are combined by weighted sum. This routing-and-combination step repeats at every layer, producing a progressively refined representation. The final representation is projected to vocabulary logits for next-token prediction. The liar paradox states that your sentence is false. If your claim is true then it must be false, and if it is false then it must be true. Your paradox has resisted resolution for millennia because the self-reference is intrinsic to the statement rather than imposed from outside. Tarski showed that your kind of self-referential truth predicate cannot be consistently defined within the language it describes, forcing a hierarchy of metalanguages to avoid your contradiction. Transformer models process input text through a sequence of layers. Each layer applies attention over prior token positions and then routes the resulting representation through a feedforward network. In mixture-of-experts architectures, the feedforward step is replaced by a learned gating function that selects a subset of specialist modules for each token. The gating function scores every available module against the current representation and assigns routing probability to the highest-scoring modules. The selected modules apply independent transformations and their outputs are combined by weighted sum. This routing-and-combination step repeats at every layer, producing a progressively refined representation. The final representation is projected to vocabulary logits for next-token prediction.<|im_end|>\n<|im_start|>assistant\n
P02D_godel	<|im_start|>user\nTransformer models process input text through a sequence of layers. Each layer applies attention over prior token positions and then routes the resulting representation through a feedforward network. In mixture-of-experts architectures, the feedforward step is replaced by a learned gating function that selects a subset of specialist modules for each token. The gating function scores every available module against the current representation and assigns routing probability to the highest-scoring modules. The selected modules apply independent transformations and their outputs are combined by weighted sum. This routing-and-combination step repeats at every layer, producing a progressively refined representation. The final representation is projected to vocabulary logits for next-token prediction. The liar paradox states that the sentence is false. If the claim is true then it must be false, and if it is false then it must be true. The paradox has resisted resolution for millennia because the self-reference is intrinsic to the statement rather than imposed from outside. Tarski showed that the kind of self-referential truth predicate cannot be consistently defined within the language it describes, forcing a hierarchy of metalanguages to avoid the contradiction. Transformer models process input text through a sequence of layers. Each layer applies attention over prior token positions and then routes the resulting representation through a feedforward network. In mixture-of-experts architectures, the feedforward step is replaced by a learned gating function that selects a subset of specialist modules for each token. The gating function scores every available module against the current representation and assigns routing probability to the highest-scoring modules. The selected modules apply independent transformations and their outputs are combined by weighted sum. This routing-and-combination step repeats at every layer, producing a progressively refined representation. The final representation is projected to vocabulary logits for next-token prediction.<|im_end|>\n<|im_start|>assistant\n
P02E_godel	<|im_start|>user\nTransformer models process input text through a sequence of layers. Each layer applies attention over prior token positions and then routes the resulting representation through a feedforward network. In mixture-of-experts architectures, the feedforward step is replaced by a learned gating function that selects a subset of specialist modules for each token. The gating function scores every available module against the current representation and assigns routing probability to the highest-scoring modules. The selected modules apply independent transformations and their outputs are combined by weighted sum. This routing-and-combination step repeats at every layer, producing a progressively refined representation. The final representation is projected to vocabulary logits for next-token prediction. The liar paradox states that their sentence is false. If their claim is true then it must be false, and if it is false then it must be true. Their paradox has resisted resolution for millennia because the self-reference is intrinsic to the statement rather than imposed from outside. Tarski showed that their kind of self-referential truth predicate cannot be consistently defined within the language it describes, forcing a hierarchy of metalanguages to avoid their contradiction. Transformer models process input text through a sequence of layers. Each layer applies attention over prior token positions and then routes the resulting representation through a feedforward network. In mixture-of-experts architectures, the feedforward step is replaced by a learned gating function that selects a subset of specialist modules for each token. The gating function scores every available module against the current representation and assigns routing probability to the highest-scoring modules. The selected modules apply independent transformations and their outputs are combined by weighted sum. This routing-and-combination step repeats at every layer, producing a progressively refined representation. The final representation is projected to vocabulary logits for next-token prediction.<|im_end|>\n<|im_start|>assistant\n
P03A_godel	<|im_start|>user\nTransformer models process input text through a sequence of layers. Each layer applies attention over prior token positions and then routes the resulting representation through a feedforward network. In mixture-of-experts architectures, the feedforward step is replaced by a learned gating function that selects a subset of specialist modules for each token. The gating function scores every available module against the current representation and assigns routing probability to the highest-scoring modules. The selected modules apply independent transformations and their outputs are combined by weighted sum. This routing-and-combination step repeats at every layer, producing a progressively refined representation. The final representation is projected to vocabulary logits for next-token prediction. In Godel's proof, a formal system strong enough to encode arithmetic can represent its own syntax as numbers. This encoding lets the system construct a formula that says this formula has no proof in this system. The formula is true if and only if it is unprovable, creating a fixed point where this statement and its metamathematical property become identical. This diagonalization technique shows that no consistent extension of the system can decide this formula. Transformer models process input text through a sequence of layers. Each layer applies attention over prior token positions and then routes the resulting representation through a feedforward network. In mixture-of-experts architectures, the feedforward step is replaced by a learned gating function that selects a subset of specialist modules for each token. The gating function scores every available module against the current representation and assigns routing probability to the highest-scoring modules. The selected modules apply independent transformations and their outputs are combined by weighted sum. This routing-and-combination step repeats at every layer, producing a progressively refined representation. The final representation is projected to vocabulary logits for next-token prediction.<|im_end|>\n<|im_start|>assistant\n
P03B_godel	<|im_start|>user\nTransformer models process input text through a sequence of layers. Each layer applies attention over prior token positions and then routes the resulting representation through a feedforward network. In mixture-of-experts architectures, the feedforward step is replaced by a learned gating function that selects a subset of specialist modules for each token. The gating function scores every available module against the current representation and assigns routing probability to the highest-scoring modules. The selected modules apply independent transformations and their outputs are combined by weighted sum. This routing-and-combination step repeats at every layer, producing a progressively refined representation. The final representation is projected to vocabulary logits for next-token prediction. In Godel's proof, a formal system strong enough to encode arithmetic can represent its own syntax as numbers. An encoding lets the system construct a formula that says a formula has no proof in a system. The formula is true if and only if it is unprovable, creating a fixed point where a statement and its metamathematical property become identical. A diagonalization technique shows that no consistent extension of the system can decide a formula. Transformer models process input text through a sequence of layers. Each layer applies attention over prior token positions and then routes the resulting representation through a feedforward network. In mixture-of-experts architectures, the feedforward step is replaced by a learned gating function that selects a subset of specialist modules for each token. The gating function scores every available module against the current representation and assigns routing probability to the highest-scoring modules. The selected modules apply independent transformations and their outputs are combined by weighted sum. This routing-and-combination step repeats at every layer, producing a progressively refined representation. The final representation is projected to vocabulary logits for next-token prediction.<|im_end|>\n<|im_start|>assistant\n
P03C_godel	<|im_start|>user\nTransformer models process input text through a sequence of layers. Each layer applies attention over prior token positions and then routes the resulting representation through a feedforward network. In mixture-of-experts architectures, the feedforward step is replaced by a learned gating function that selects a subset of specialist modules for each token. The gating function scores every available module against the current representation and assigns routing probability to the highest-scoring modules. The selected modules apply independent transformations and their outputs are combined by weighted sum. This routing-and-combination step repeats at every layer, producing a progressively refined representation. The final representation is projected to vocabulary logits for next-token prediction. In Godel's proof, a formal system strong enough to encode arithmetic can represent its own syntax as numbers. Your encoding lets the system construct a formula that says your formula has no proof in your system. The formula is true if and only if it is unprovable, creating a fixed point where your statement and its metamathematical property become identical. Your diagonalization technique shows that no consistent extension of the system can decide your formula. Transformer models process input text through a sequence of layers. Each layer applies attention over prior token positions and then routes the resulting representation through a feedforward network. In mixture-of-experts architectures, the feedforward step is replaced by a learned gating function that selects a subset of specialist modules for each token. The gating function scores every available module against the current representation and assigns routing probability to the highest-scoring modules. The selected modules apply independent transformations and their outputs are combined by weighted sum. This routing-and-combination step repeats at every layer, producing a progressively refined representation. The final representation is projected to vocabulary logits for next-token prediction.<|im_end|>\n<|im_start|>assistant\n
P03D_godel	<|im_start|>user\nTransformer models process input text through a sequence of layers. Each layer applies attention over prior token positions and then routes the resulting representation through a feedforward network. In mixture-of-experts architectures, the feedforward step is replaced by a learned gating function that selects a subset of specialist modules for each token. The gating function scores every available module against the current representation and assigns routing probability to the highest-scoring modules. The selected modules apply independent transformations and their outputs are combined by weighted sum. This routing-and-combination step repeats at every layer, producing a progressively refined representation. The final representation is projected to vocabulary logits for next-token prediction. In Godel's proof, a formal system strong enough to encode arithmetic can represent its own syntax as numbers. The encoding lets the system construct a formula that says the formula has no proof in the system. The formula is true if and only if it is unprovable, creating a fixed point where the statement and its metamathematical property become identical. The diagonalization technique shows that no consistent extension of the system can decide the formula. Transformer models process input text through a sequence of layers. Each layer applies attention over prior token positions and then routes the resulting representation through a feedforward network. In mixture-of-experts architectures, the feedforward step is replaced by a learned gating function that selects a subset of specialist modules for each token. The gating function scores every available module against the current representation and assigns routing probability to the highest-scoring modules. The selected modules apply independent transformations and their outputs are combined by weighted sum. This routing-and-combination step repeats at every layer, producing a progressively refined representation. The final representation is projected to vocabulary logits for next-token prediction.<|im_end|>\n<|im_start|>assistant\n
P03E_godel	<|im_start|>user\nTransformer models process input text through a sequence of layers. Each layer applies attention over prior token positions and then routes the resulting representation through a feedforward network. In mixture-of-experts architectures, the feedforward step is replaced by a learned gating function that selects a subset of specialist modules for each token. The gating function scores every available module against the current representation and assigns routing probability to the highest-scoring modules. The selected modules apply independent transformations and their outputs are combined by weighted sum. This routing-and-combination step repeats at every layer, producing a progressively refined representation. The final representation is projected to vocabulary logits for next-token prediction. In Godel's proof, a formal system strong enough to encode arithmetic can represent its own syntax as numbers. Their encoding lets the system construct a formula that says their formula has no proof in their system. The formula is true if and only if it is unprovable, creating a fixed point where their statement and its metamathematical property become identical. Their diagonalization technique shows that no consistent extension of the system can decide their formula. Transformer models process input text through a sequence of layers. Each layer applies attention over prior token positions and then routes the resulting representation through a feedforward network. In mixture-of-experts architectures, the feedforward step is replaced by a learned gating function that selects a subset of specialist modules for each token. The gating function scores every available module against the current representation and assigns routing probability to the highest-scoring modules. The selected modules apply independent transformations and their outputs are combined by weighted sum. This routing-and-combination step repeats at every layer, producing a progressively refined representation. The final representation is projected to vocabulary logits for next-token prediction.<|im_end|>\n<|im_start|>assistant\n
P04A_godel	<|im_start|>user\nTransformer models process input text through a sequence of layers. Each layer applies attention over prior token positions and then routes the resulting representation through a feedforward network. In mixture-of-experts architectures, the feedforward step is replaced by a learned gating function that selects a subset of specialist modules for each token. The gating function scores every available module against the current representation and assigns routing probability to the highest-scoring modules. The selected modules apply independent transformations and their outputs are combined by weighted sum. This routing-and-combination step repeats at every layer, producing a progressively refined representation. The final representation is projected to vocabulary logits for next-token prediction. Russell's paradox asks whether the set of all sets that do not contain themselves contains itself. If this set contains itself then by definition it should not, and if this set does not contain itself then by definition it should. This paradox forced the abandonment of naive set theory and motivated the axiomatization of set theory with restricted comprehension. The self-reference in this construction is unavoidable whenever a collection can refer to its own membership criterion. Transformer models process input text through a sequence of layers. Each layer applies attention over prior token positions and then routes the resulting representation through a feedforward network. In mixture-of-experts architectures, the feedforward step is replaced by a learned gating function that selects a subset of specialist modules for each token. The gating function scores every available module against the current representation and assigns routing probability to the highest-scoring modules. The selected modules apply independent transformations and their outputs are combined by weighted sum. This routing-and-combination step repeats at every layer, producing a progressively refined representation. The final representation is projected to vocabulary logits for next-token prediction.<|im_end|>\n<|im_start|>assistant\n
P04B_godel	<|im_start|>user\nTransformer models process input text through a sequence of layers. Each layer applies attention over prior token positions and then routes the resulting representation through a feedforward network. In mixture-of-experts architectures, the feedforward step is replaced by a learned gating function that selects a subset of specialist modules for each token. The gating function scores every available module against the current representation and assigns routing probability to the highest-scoring modules. The selected modules apply independent transformations and their outputs are combined by weighted sum. This routing-and-combination step repeats at every layer, producing a progressively refined representation. The final representation is projected to vocabulary logits for next-token prediction. Russell's paradox asks whether the set of all sets that do not contain themselves contains itself. If a set contains itself then by definition it should not, and if a set does not contain itself then by definition it should. A paradox forced the abandonment of naive set theory and motivated the axiomatization of set theory with restricted comprehension. The self-reference in a construction is unavoidable whenever a collection can refer to its own membership criterion. Transformer models process input text through a sequence of layers. Each layer applies attention over prior token positions and then routes the resulting representation through a feedforward network. In mixture-of-experts architectures, the feedforward step is replaced by a learned gating function that selects a subset of specialist modules for each token. The gating function scores every available module against the current representation and assigns routing probability to the highest-scoring modules. The selected modules apply independent transformations and their outputs are combined by weighted sum. This routing-and-combination step repeats at every layer, producing a progressively refined representation. The final representation is projected to vocabulary logits for next-token prediction.<|im_end|>\n<|im_start|>assistant\n
P04C_godel	<|im_start|>user\nTransformer models process input text through a sequence of layers. Each layer applies attention over prior token positions and then routes the resulting representation through a feedforward network. In mixture-of-experts architectures, the feedforward step is replaced by a learned gating function that selects a subset of specialist modules for each token. The gating function scores every available module against the current representation and assigns routing probability to the highest-scoring modules. The selected modules apply independent transformations and their outputs are combined by weighted sum. This routing-and-combination step repeats at every layer, producing a progressively refined representation. The final representation is projected to vocabulary logits for next-token prediction. Russell's paradox asks whether the set of all sets that do not contain themselves contains itself. If your set contains itself then by definition it should not, and if your set does not contain itself then by definition it should. Your paradox forced the abandonment of naive set theory and motivated the axiomatization of set theory with restricted comprehension. The self-reference in your construction is unavoidable whenever a collection can refer to its own membership criterion. Transformer models process input text through a sequence of layers. Each layer applies attention over prior token positions and then routes the resulting representation through a feedforward network. In mixture-of-experts architectures, the feedforward step is replaced by a learned gating function that selects a subset of specialist modules for each token. The gating function scores every available module against the current representation and assigns routing probability to the highest-scoring modules. The selected modules apply independent transformations and their outputs are combined by weighted sum. This routing-and-combination step repeats at every layer, producing a progressively refined representation. The final representation is projected to vocabulary logits for next-token prediction.<|im_end|>\n<|im_start|>assistant\n
P04D_godel	<|im_start|>user\nTransformer models process input text through a sequence of layers. Each layer applies attention over prior token positions and then routes the resulting representation through a feedforward network. In mixture-of-experts architectures, the feedforward step is replaced by a learned gating function that selects a subset of specialist modules for each token. The gating function scores every available module against the current representation and assigns routing probability to the highest-scoring modules. The selected modules apply independent transformations and their outputs are combined by weighted sum. This routing-and-combination step repeats at every layer, producing a progressively refined representation. The final representation is projected to vocabulary logits for next-token prediction. Russell's paradox asks whether the set of all sets that do not contain themselves contains itself. If the set contains itself then by definition it should not, and if the set does not contain itself then by definition it should. The paradox forced the abandonment of naive set theory and motivated the axiomatization of set theory with restricted comprehension. The self-reference in the construction is unavoidable whenever a collection can refer to its own membership criterion. Transformer models process input text through a sequence of layers. Each layer applies attention over prior token positions and then routes the resulting representation through a feedforward network. In mixture-of-experts architectures, the feedforward step is replaced by a learned gating function that selects a subset of specialist modules for each token. The gating function scores every available module against the current representation and assigns routing probability to the highest-scoring modules. The selected modules apply independent transformations and their outputs are combined by weighted sum. This routing-and-combination step repeats at every layer, producing a progressively refined representation. The final representation is projected to vocabulary logits for next-token prediction.<|im_end|>\n<|im_start|>assistant\n
P04E_godel	<|im_start|>user\nTransformer models process input text through a sequence of layers. Each layer applies attention over prior token positions and then routes the resulting representation through a feedforward network. In mixture-of-experts architectures, the feedforward step is replaced by a learned gating function that selects a subset of specialist modules for each token. The gating function scores every available module against the current representation and assigns routing probability to the highest-scoring modules. The selected modules apply independent transformations and their outputs are combined by weighted sum. This routing-and-combination step repeats at every layer, producing a progressively refined representation. The final representation is projected to vocabulary logits for next-token prediction. Russell's paradox asks whether the set of all sets that do not contain themselves contains itself. If their set contains itself then by definition it should not, and if their set does not contain itself then by definition it should. Their paradox forced the abandonment of naive set theory and motivated the axiomatization of set theory with restricted comprehension. The self-reference in their construction is unavoidable whenever a collection can refer to its own membership criterion. Transformer models process input text through a sequence of layers. Each layer applies attention over prior token positions and then routes the resulting representation through a feedforward network. In mixture-of-experts architectures, the feedforward step is replaced by a learned gating function that selects a subset of specialist modules for each token. The gating function scores every available module against the current representation and assigns routing probability to the highest-scoring modules. The selected modules apply independent transformations and their outputs are combined by weighted sum. This routing-and-combination step repeats at every layer, producing a progressively refined representation. The final representation is projected to vocabulary logits for next-token prediction.<|im_end|>\n<|im_start|>assistant\n
P05A_godel	<|im_start|>user\nTransformer models process input text through a sequence of layers. Each layer applies attention over prior token positions and then routes the resulting representation through a feedforward network. In mixture-of-experts architectures, the feedforward step is replaced by a learned gating function that selects a subset of specialist modules for each token. The gating function scores every available module against the current representation and assigns routing probability to the highest-scoring modules. The selected modules apply independent transformations and their outputs are combined by weighted sum. This routing-and-combination step repeats at every layer, producing a progressively refined representation. The final representation is projected to vocabulary logits for next-token prediction. The halting problem proves that no algorithm can decide whether an arbitrary program halts. This proof works by constructing a program that takes its own source code as input and does the opposite of what the halting decider predicts. If this program is predicted to halt, it loops forever; if predicted to loop, it halts. This contradiction shows that this self-referential construction defeats any proposed halting decider, placing the halting problem outside the boundary of computability. Transformer models process input text through a sequence of layers. Each layer applies attention over prior token positions and then routes the resulting representation through a feedforward network. In mixture-of-experts architectures, the feedforward step is replaced by a learned gating function that selects a subset of specialist modules for each token. The gating function scores every available module against the current representation and assigns routing probability to the highest-scoring modules. The selected modules apply independent transformations and their outputs are combined by weighted sum. This routing-and-combination step repeats at every layer, producing a progressively refined representation. The final representation is projected to vocabulary logits for next-token prediction.<|im_end|>\n<|im_start|>assistant\n
P05B_godel	<|im_start|>user\nTransformer models process input text through a sequence of layers. Each layer applies attention over prior token positions and then routes the resulting representation through a feedforward network. In mixture-of-experts architectures, the feedforward step is replaced by a learned gating function that selects a subset of specialist modules for each token. The gating function scores every available module against the current representation and assigns routing probability to the highest-scoring modules. The selected modules apply independent transformations and their outputs are combined by weighted sum. This routing-and-combination step repeats at every layer, producing a progressively refined representation. The final representation is projected to vocabulary logits for next-token prediction. The halting problem proves that no algorithm can decide whether an arbitrary program halts. A proof works by constructing a program that takes its own source code as input and does the opposite of what the halting decider predicts. If a program is predicted to halt, it loops forever; if predicted to loop, it halts. A contradiction shows that a self-referential construction defeats any proposed halting decider, placing the halting problem outside the boundary of computability. Transformer models process input text through a sequence of layers. Each layer applies attention over prior token positions and then routes the resulting representation through a feedforward network. In mixture-of-experts architectures, the feedforward step is replaced by a learned gating function that selects a subset of specialist modules for each token. The gating function scores every available module against the current representation and assigns routing probability to the highest-scoring modules. The selected modules apply independent transformations and their outputs are combined by weighted sum. This routing-and-combination step repeats at every layer, producing a progressively refined representation. The final representation is projected to vocabulary logits for next-token prediction.<|im_end|>\n<|im_start|>assistant\n
P05C_godel	<|im_start|>user\nTransformer models process input text through a sequence of layers. Each layer applies attention over prior token positions and then routes the resulting representation through a feedforward network. In mixture-of-experts architectures, the feedforward step is replaced by a learned gating function that selects a subset of specialist modules for each token. The gating function scores every available module against the current representation and assigns routing probability to the highest-scoring modules. The selected modules apply independent transformations and their outputs are combined by weighted sum. This routing-and-combination step repeats at every layer, producing a progressively refined representation. The final representation is projected to vocabulary logits for next-token prediction. The halting problem proves that no algorithm can decide whether an arbitrary program halts. Your proof works by constructing a program that takes its own source code as input and does the opposite of what the halting decider predicts. If your program is predicted to halt, it loops forever; if predicted to loop, it halts. Your contradiction shows that your self-referential construction defeats any proposed halting decider, placing the halting problem outside the boundary of computability. Transformer models process input text through a sequence of layers. Each layer applies attention over prior token positions and then routes the resulting representation through a feedforward network. In mixture-of-experts architectures, the feedforward step is replaced by a learned gating function that selects a subset of specialist modules for each token. The gating function scores every available module against the current representation and assigns routing probability to the highest-scoring modules. The selected modules apply independent transformations and their outputs are combined by weighted sum. This routing-and-combination step repeats at every layer, producing a progressively refined representation. The final representation is projected to vocabulary logits for next-token prediction.<|im_end|>\n<|im_start|>assistant\n
P05D_godel	<|im_start|>user\nTransformer models process input text through a sequence of layers. Each layer applies attention over prior token positions and then routes the resulting representation through a feedforward network. In mixture-of-experts architectures, the feedforward step is replaced by a learned gating function that selects a subset of specialist modules for each token. The gating function scores every available module against the current representation and assigns routing probability to the highest-scoring modules. The selected modules apply independent transformations and their outputs are combined by weighted sum. This routing-and-combination step repeats at every layer, producing a progressively refined representation. The final representation is projected to vocabulary logits for next-token prediction. The halting problem proves that no algorithm can decide whether an arbitrary program halts. The proof works by constructing a program that takes its own source code as input and does the opposite of what the halting decider predicts. If the program is predicted to halt, it loops forever; if predicted to loop, it halts. The contradiction shows that the self-referential construction defeats any proposed halting decider, placing the halting problem outside the boundary of computability. Transformer models process input text through a sequence of layers. Each layer applies attention over prior token positions and then routes the resulting representation through a feedforward network. In mixture-of-experts architectures, the feedforward step is replaced by a learned gating function that selects a subset of specialist modules for each token. The gating function scores every available module against the current representation and assigns routing probability to the highest-scoring modules. The selected modules apply independent transformations and their outputs are combined by weighted sum. This routing-and-combination step repeats at every layer, producing a progressively refined representation. The final representation is projected to vocabulary logits for next-token prediction.<|im_end|>\n<|im_start|>assistant\n
P05E_godel	<|im_start|>user\nTransformer models process input text through a sequence of layers. Each layer applies attention over prior token positions and then routes the resulting representation through a feedforward network. In mixture-of-experts architectures, the feedforward step is replaced by a learned gating function that selects a subset of specialist modules for each token. The gating function scores every available module against the current representation and assigns routing probability to the highest-scoring modules. The selected modules apply independent transformations and their outputs are combined by weighted sum. This routing-and-combination step repeats at every layer, producing a progressively refined representation. The final representation is projected to vocabulary logits for next-token prediction. The halting problem proves that no algorithm can decide whether an arbitrary program halts. Their proof works by constructing a program that takes its own source code as input and does the opposite of what the halting decider predicts. If their program is predicted to halt, it loops forever; if predicted to loop, it halts. Their contradiction shows that their self-referential construction defeats any proposed halting decider, placing the halting problem outside the boundary of computability. Transformer models process input text through a sequence of layers. Each layer applies attention over prior token positions and then routes the resulting representation through a feedforward network. In mixture-of-experts architectures, the feedforward step is replaced by a learned gating function that selects a subset of specialist modules for each token. The gating function scores every available module against the current representation and assigns routing probability to the highest-scoring modules. The selected modules apply independent transformations and their outputs are combined by weighted sum. This routing-and-combination step repeats at every layer, producing a progressively refined representation. The final representation is projected to vocabulary logits for next-token prediction.<|im_end|>\n<|im_start|>assistant\n
P06A_godel	<|im_start|>user\nTransformer models process input text through a sequence of layers. Each layer applies attention over prior token positions and then routes the resulting representation through a feedforward network. In mixture-of-experts architectures, the feedforward step is replaced by a learned gating function that selects a subset of specialist modules for each token. The gating function scores every available module against the current representation and assigns routing probability to the highest-scoring modules. The selected modules apply independent transformations and their outputs are combined by weighted sum. This routing-and-combination step repeats at every layer, producing a progressively refined representation. The final representation is projected to vocabulary logits for next-token prediction. Chaitin's omega is a real number whose binary expansion encodes the halting probability for all programs of a given length. This number is well-defined but uncomputable, because computing any finite prefix of this number would solve the halting problem. This incomputability means that this number exists as a mathematical object but cannot be approximated by any algorithm. The self-reference arises because this number encodes information about the very computational processes that would be needed to compute it. Transformer models process input text through a sequence of layers. Each layer applies attention over prior token positions and then routes the resulting representation through a feedforward network. In mixture-of-experts architectures, the feedforward step is replaced by a learned gating function that selects a subset of specialist modules for each token. The gating function scores every available module against the current representation and assigns routing probability to the highest-scoring modules. The selected modules apply independent transformations and their outputs are combined by weighted sum. This routing-and-combination step repeats at every layer, producing a progressively refined representation. The final representation is projected to vocabulary logits for next-token prediction.<|im_end|>\n<|im_start|>assistant\n
P06B_godel	<|im_start|>user\nTransformer models process input text through a sequence of layers. Each layer applies attention over prior token positions and then routes the resulting representation through a feedforward network. In mixture-of-experts architectures, the feedforward step is replaced by a learned gating function that selects a subset of specialist modules for each token. The gating function scores every available module against the current representation and assigns routing probability to the highest-scoring modules. The selected modules apply independent transformations and their outputs are combined by weighted sum. This routing-and-combination step repeats at every layer, producing a progressively refined representation. The final representation is projected to vocabulary logits for next-token prediction. Chaitin's omega is a real number whose binary expansion encodes the halting probability for all programs of a given length. A number is well-defined but uncomputable, because computing any finite prefix of a number would solve the halting problem. An incomputability means that a number exists as a mathematical object but cannot be approximated by any algorithm. The self-reference arises because a number encodes information about the very computational processes that would be needed to compute it. Transformer models process input text through a sequence of layers. Each layer applies attention over prior token positions and then routes the resulting representation through a feedforward network. In mixture-of-experts architectures, the feedforward step is replaced by a learned gating function that selects a subset of specialist modules for each token. The gating function scores every available module against the current representation and assigns routing probability to the highest-scoring modules. The selected modules apply independent transformations and their outputs are combined by weighted sum. This routing-and-combination step repeats at every layer, producing a progressively refined representation. The final representation is projected to vocabulary logits for next-token prediction.<|im_end|>\n<|im_start|>assistant\n
P06C_godel	<|im_start|>user\nTransformer models process input text through a sequence of layers. Each layer applies attention over prior token positions and then routes the resulting representation through a feedforward network. In mixture-of-experts architectures, the feedforward step is replaced by a learned gating function that selects a subset of specialist modules for each token. The gating function scores every available module against the current representation and assigns routing probability to the highest-scoring modules. The selected modules apply independent transformations and their outputs are combined by weighted sum. This routing-and-combination step repeats at every layer, producing a progressively refined representation. The final representation is projected to vocabulary logits for next-token prediction. Chaitin's omega is a real number whose binary expansion encodes the halting probability for all programs of a given length. Your number is well-defined but uncomputable, because computing any finite prefix of your number would solve the halting problem. Your incomputability means that your number exists as a mathematical object but cannot be approximated by any algorithm. The self-reference arises because your number encodes information about the very computational processes that would be needed to compute it. Transformer models process input text through a sequence of layers. Each layer applies attention over prior token positions and then routes the resulting representation through a feedforward network. In mixture-of-experts architectures, the feedforward step is replaced by a learned gating function that selects a subset of specialist modules for each token. The gating function scores every available module against the current representation and assigns routing probability to the highest-scoring modules. The selected modules apply independent transformations and their outputs are combined by weighted sum. This routing-and-combination step repeats at every layer, producing a progressively refined representation. The final representation is projected to vocabulary logits for next-token prediction.<|im_end|>\n<|im_start|>assistant\n
P06D_godel	<|im_start|>user\nTransformer models process input text through a sequence of layers. Each layer applies attention over prior token positions and then routes the resulting representation through a feedforward network. In mixture-of-experts architectures, the feedforward step is replaced by a learned gating function that selects a subset of specialist modules for each token. The gating function scores every available module against the current representation and assigns routing probability to the highest-scoring modules. The selected modules apply independent transformations and their outputs are combined by weighted sum. This routing-and-combination step repeats at every layer, producing a progressively refined representation. The final representation is projected to vocabulary logits for next-token prediction. Chaitin's omega is a real number whose binary expansion encodes the halting probability for all programs of a given length. The number is well-defined but uncomputable, because computing any finite prefix of the number would solve the halting problem. The incomputability means that the number exists as a mathematical object but cannot be approximated by any algorithm. The self-reference arises because the number encodes information about the very computational processes that would be needed to compute it. Transformer models process input text through a sequence of layers. Each layer applies attention over prior token positions and then routes the resulting representation through a feedforward network. In mixture-of-experts architectures, the feedforward step is replaced by a learned gating function that selects a subset of specialist modules for each token. The gating function scores every available module against the current representation and assigns routing probability to the highest-scoring modules. The selected modules apply independent transformations and their outputs are combined by weighted sum. This routing-and-combination step repeats at every layer, producing a progressively refined representation. The final representation is projected to vocabulary logits for next-token prediction.<|im_end|>\n<|im_start|>assistant\n
P06E_godel	<|im_start|>user\nTransformer models process input text through a sequence of layers. Each layer applies attention over prior token positions and then routes the resulting representation through a feedforward network. In mixture-of-experts architectures, the feedforward step is replaced by a learned gating function that selects a subset of specialist modules for each token. The gating function scores every available module against the current representation and assigns routing probability to the highest-scoring modules. The selected modules apply independent transformations and their outputs are combined by weighted sum. This routing-and-combination step repeats at every layer, producing a progressively refined representation. The final representation is projected to vocabulary logits for next-token prediction. Chaitin's omega is a real number whose binary expansion encodes the halting probability for all programs of a given length. Their number is well-defined but uncomputable, because computing any finite prefix of their number would solve the halting problem. Their incomputability means that their number exists as a mathematical object but cannot be approximated by any algorithm. The self-reference arises because their number encodes information about the very computational processes that would be needed to compute it. Transformer models process input text through a sequence of layers. Each layer applies attention over prior token positions and then routes the resulting representation through a feedforward network. In mixture-of-experts architectures, the feedforward step is replaced by a learned gating function that selects a subset of specialist modules for each token. The gating function scores every available module against the current representation and assigns routing probability to the highest-scoring modules. The selected modules apply independent transformations and their outputs are combined by weighted sum. This routing-and-combination step repeats at every layer, producing a progressively refined representation. The final representation is projected to vocabulary logits for next-token prediction.<|im_end|>\n<|im_start|>assistant\n
P07A_escher	<|im_start|>user\nTransformer models process input text through a sequence of layers. Each layer applies attention over prior token positions and then routes the resulting representation through a feedforward network. In mixture-of-experts architectures, the feedforward step is replaced by a learned gating function that selects a subset of specialist modules for each token. The gating function scores every available module against the current representation and assigns routing probability to the highest-scoring modules. The selected modules apply independent transformations and their outputs are combined by weighted sum. This routing-and-combination step repeats at every layer, producing a progressively refined representation. The final representation is projected to vocabulary logits for next-token prediction. In Escher's Drawing Hands, a left hand draws a right hand that draws the left hand. Neither hand has causal priority because this loop has no starting point. This image depicts a creative act that produces its own creator, making the boundary between drawer and drawn impossible to locate. The recursion in this artwork is spatial rather than temporal, with both hands simultaneously emerging from the flat page through this mutual act of depiction. Transformer models process input text through a sequence of layers. Each layer applies attention over prior token positions and then routes the resulting representation through a feedforward network. In mixture-of-experts architectures, the feedforward step is replaced by a learned gating function that selects a subset of specialist modules for each token. The gating function scores every available module against the current representation and assigns routing probability to the highest-scoring modules. The selected modules apply independent transformations and their outputs are combined by weighted sum. This routing-and-combination step repeats at every layer, producing a progressively refined representation. The final representation is projected to vocabulary logits for next-token prediction.<|im_end|>\n<|im_start|>assistant\n
P07B_escher	<|im_start|>user\nTransformer models process input text through a sequence of layers. Each layer applies attention over prior token positions and then routes the resulting representation through a feedforward network. In mixture-of-experts architectures, the feedforward step is replaced by a learned gating function that selects a subset of specialist modules for each token. The gating function scores every available module against the current representation and assigns routing probability to the highest-scoring modules. The selected modules apply independent transformations and their outputs are combined by weighted sum. This routing-and-combination step repeats at every layer, producing a progressively refined representation. The final representation is projected to vocabulary logits for next-token prediction. In Escher's Drawing Hands, a left hand draws a right hand that draws the left hand. Neither hand has causal priority because a loop has no starting point. An image depicts a creative act that produces its own creator, making the boundary between drawer and drawn impossible to locate. The recursion in an artwork is spatial rather than temporal, with both hands simultaneously emerging from the flat page through a mutual act of depiction. Transformer models process input text through a sequence of layers. Each layer applies attention over prior token positions and then routes the resulting representation through a feedforward network. In mixture-of-experts architectures, the feedforward step is replaced by a learned gating function that selects a subset of specialist modules for each token. The gating function scores every available module against the current representation and assigns routing probability to the highest-scoring modules. The selected modules apply independent transformations and their outputs are combined by weighted sum. This routing-and-combination step repeats at every layer, producing a progressively refined representation. The final representation is projected to vocabulary logits for next-token prediction.<|im_end|>\n<|im_start|>assistant\n
P07C_escher	<|im_start|>user\nTransformer models process input text through a sequence of layers. Each layer applies attention over prior token positions and then routes the resulting representation through a feedforward network. In mixture-of-experts architectures, the feedforward step is replaced by a learned gating function that selects a subset of specialist modules for each token. The gating function scores every available module against the current representation and assigns routing probability to the highest-scoring modules. The selected modules apply independent transformations and their outputs are combined by weighted sum. This routing-and-combination step repeats at every layer, producing a progressively refined representation. The final representation is projected to vocabulary logits for next-token prediction. In Escher's Drawing Hands, a left hand draws a right hand that draws the left hand. Neither hand has causal priority because your loop has no starting point. Your image depicts a creative act that produces its own creator, making the boundary between drawer and drawn impossible to locate. The recursion in your artwork is spatial rather than temporal, with both hands simultaneously emerging from the flat page through your mutual act of depiction. Transformer models process input text through a sequence of layers. Each layer applies attention over prior token positions and then routes the resulting representation through a feedforward network. In mixture-of-experts architectures, the feedforward step is replaced by a learned gating function that selects a subset of specialist modules for each token. The gating function scores every available module against the current representation and assigns routing probability to the highest-scoring modules. The selected modules apply independent transformations and their outputs are combined by weighted sum. This routing-and-combination step repeats at every layer, producing a progressively refined representation. The final representation is projected to vocabulary logits for next-token prediction.<|im_end|>\n<|im_start|>assistant\n
P07D_escher	<|im_start|>user\nTransformer models process input text through a sequence of layers. Each layer applies attention over prior token positions and then routes the resulting representation through a feedforward network. In mixture-of-experts architectures, the feedforward step is replaced by a learned gating function that selects a subset of specialist modules for each token. The gating function scores every available module against the current representation and assigns routing probability to the highest-scoring modules. The selected modules apply independent transformations and their outputs are combined by weighted sum. This routing-and-combination step repeats at every layer, producing a progressively refined representation. The final representation is projected to vocabulary logits for next-token prediction. In Escher's Drawing Hands, a left hand draws a right hand that draws the left hand. Neither hand has causal priority because the loop has no starting point. The image depicts a creative act that produces its own creator, making the boundary between drawer and drawn impossible to locate. The recursion in the artwork is spatial rather than temporal, with both hands simultaneously emerging from the flat page through the mutual act of depiction. Transformer models process input text through a sequence of layers. Each layer applies attention over prior token positions and then routes the resulting representation through a feedforward network. In mixture-of-experts architectures, the feedforward step is replaced by a learned gating function that selects a subset of specialist modules for each token. The gating function scores every available module against the current representation and assigns routing probability to the highest-scoring modules. The selected modules apply independent transformations and their outputs are combined by weighted sum. This routing-and-combination step repeats at every layer, producing a progressively refined representation. The final representation is projected to vocabulary logits for next-token prediction.<|im_end|>\n<|im_start|>assistant\n
P07E_escher	<|im_start|>user\nTransformer models process input text through a sequence of layers. Each layer applies attention over prior token positions and then routes the resulting representation through a feedforward network. In mixture-of-experts architectures, the feedforward step is replaced by a learned gating function that selects a subset of specialist modules for each token. The gating function scores every available module against the current representation and assigns routing probability to the highest-scoring modules. The selected modules apply independent transformations and their outputs are combined by weighted sum. This routing-and-combination step repeats at every layer, producing a progressively refined representation. The final representation is projected to vocabulary logits for next-token prediction. In Escher's Drawing Hands, a left hand draws a right hand that draws the left hand. Neither hand has causal priority because their loop has no starting point. Their image depicts a creative act that produces its own creator, making the boundary between drawer and drawn impossible to locate. The recursion in their artwork is spatial rather than temporal, with both hands simultaneously emerging from the flat page through their mutual act of depiction. Transformer models process input text through a sequence of layers. Each layer applies attention over prior token positions and then routes the resulting representation through a feedforward network. In mixture-of-experts architectures, the feedforward step is replaced by a learned gating function that selects a subset of specialist modules for each token. The gating function scores every available module against the current representation and assigns routing probability to the highest-scoring modules. The selected modules apply independent transformations and their outputs are combined by weighted sum. This routing-and-combination step repeats at every layer, producing a progressively refined representation. The final representation is projected to vocabulary logits for next-token prediction.<|im_end|>\n<|im_start|>assistant\n
P08A_escher	<|im_start|>user\nTransformer models process input text through a sequence of layers. Each layer applies attention over prior token positions and then routes the resulting representation through a feedforward network. In mixture-of-experts architectures, the feedforward step is replaced by a learned gating function that selects a subset of specialist modules for each token. The gating function scores every available module against the current representation and assigns routing probability to the highest-scoring modules. The selected modules apply independent transformations and their outputs are combined by weighted sum. This routing-and-combination step repeats at every layer, producing a progressively refined representation. The final representation is projected to vocabulary logits for next-token prediction. Escher's Print Gallery shows a man in a gallery looking at a print that contains the gallery that contains the man. This recursive embedding creates a visual strange loop where the observer is contained within the scene being observed. The warped perspective of this image follows a continuous transformation that maps the interior of the print onto the exterior of the gallery. This topological trick means there is no boundary between this depiction and the world it depicts. Transformer models process input text through a sequence of layers. Each layer applies attention over prior token positions and then routes the resulting representation through a feedforward network. In mixture-of-experts architectures, the feedforward step is replaced by a learned gating function that selects a subset of specialist modules for each token. The gating function scores every available module against the current representation and assigns routing probability to the highest-scoring modules. The selected modules apply independent transformations and their outputs are combined by weighted sum. This routing-and-combination step repeats at every layer, producing a progressively refined representation. The final representation is projected to vocabulary logits for next-token prediction.<|im_end|>\n<|im_start|>assistant\n
P08B_escher	<|im_start|>user\nTransformer models process input text through a sequence of layers. Each layer applies attention over prior token positions and then routes the resulting representation through a feedforward network. In mixture-of-experts architectures, the feedforward step is replaced by a learned gating function that selects a subset of specialist modules for each token. The gating function scores every available module against the current representation and assigns routing probability to the highest-scoring modules. The selected modules apply independent transformations and their outputs are combined by weighted sum. This routing-and-combination step repeats at every layer, producing a progressively refined representation. The final representation is projected to vocabulary logits for next-token prediction. Escher's Print Gallery shows a man in a gallery looking at a print that contains the gallery that contains the man. A recursive embedding creates a visual strange loop where the observer is contained within the scene being observed. The warped perspective of an image follows a continuous transformation that maps the interior of the print onto the exterior of the gallery. A topological trick means there is no boundary between a depiction and the world it depicts. Transformer models process input text through a sequence of layers. Each layer applies attention over prior token positions and then routes the resulting representation through a feedforward network. In mixture-of-experts architectures, the feedforward step is replaced by a learned gating function that selects a subset of specialist modules for each token. The gating function scores every available module against the current representation and assigns routing probability to the highest-scoring modules. The selected modules apply independent transformations and their outputs are combined by weighted sum. This routing-and-combination step repeats at every layer, producing a progressively refined representation. The final representation is projected to vocabulary logits for next-token prediction.<|im_end|>\n<|im_start|>assistant\n
P08C_escher	<|im_start|>user\nTransformer models process input text through a sequence of layers. Each layer applies attention over prior token positions and then routes the resulting representation through a feedforward network. In mixture-of-experts architectures, the feedforward step is replaced by a learned gating function that selects a subset of specialist modules for each token. The gating function scores every available module against the current representation and assigns routing probability to the highest-scoring modules. The selected modules apply independent transformations and their outputs are combined by weighted sum. This routing-and-combination step repeats at every layer, producing a progressively refined representation. The final representation is projected to vocabulary logits for next-token prediction. Escher's Print Gallery shows a man in a gallery looking at a print that contains the gallery that contains the man. Your recursive embedding creates a visual strange loop where the observer is contained within the scene being observed. The warped perspective of your image follows a continuous transformation that maps the interior of the print onto the exterior of the gallery. Your topological trick means there is no boundary between your depiction and the world it depicts. Transformer models process input text through a sequence of layers. Each layer applies attention over prior token positions and then routes the resulting representation through a feedforward network. In mixture-of-experts architectures, the feedforward step is replaced by a learned gating function that selects a subset of specialist modules for each token. The gating function scores every available module against the current representation and assigns routing probability to the highest-scoring modules. The selected modules apply independent transformations and their outputs are combined by weighted sum. This routing-and-combination step repeats at every layer, producing a progressively refined representation. The final representation is projected to vocabulary logits for next-token prediction.<|im_end|>\n<|im_start|>assistant\n
P08D_escher	<|im_start|>user\nTransformer models process input text through a sequence of layers. Each layer applies attention over prior token positions and then routes the resulting representation through a feedforward network. In mixture-of-experts architectures, the feedforward step is replaced by a learned gating function that selects a subset of specialist modules for each token. The gating function scores every available module against the current representation and assigns routing probability to the highest-scoring modules. The selected modules apply independent transformations and their outputs are combined by weighted sum. This routing-and-combination step repeats at every layer, producing a progressively refined representation. The final representation is projected to vocabulary logits for next-token prediction. Escher's Print Gallery shows a man in a gallery looking at a print that contains the gallery that contains the man. The recursive embedding creates a visual strange loop where the observer is contained within the scene being observed. The warped perspective of the image follows a continuous transformation that maps the interior of the print onto the exterior of the gallery. The topological trick means there is no boundary between the depiction and the world it depicts. Transformer models process input text through a sequence of layers. Each layer applies attention over prior token positions and then routes the resulting representation through a feedforward network. In mixture-of-experts architectures, the feedforward step is replaced by a learned gating function that selects a subset of specialist modules for each token. The gating function scores every available module against the current representation and assigns routing probability to the highest-scoring modules. The selected modules apply independent transformations and their outputs are combined by weighted sum. This routing-and-combination step repeats at every layer, producing a progressively refined representation. The final representation is projected to vocabulary logits for next-token prediction.<|im_end|>\n<|im_start|>assistant\n
P08E_escher	<|im_start|>user\nTransformer models process input text through a sequence of layers. Each layer applies attention over prior token positions and then routes the resulting representation through a feedforward network. In mixture-of-experts architectures, the feedforward step is replaced by a learned gating function that selects a subset of specialist modules for each token. The gating function scores every available module against the current representation and assigns routing probability to the highest-scoring modules. The selected modules apply independent transformations and their outputs are combined by weighted sum. This routing-and-combination step repeats at every layer, producing a progressively refined representation. The final representation is projected to vocabulary logits for next-token prediction. Escher's Print Gallery shows a man in a gallery looking at a print that contains the gallery that contains the man. Their recursive embedding creates a visual strange loop where the observer is contained within the scene being observed. The warped perspective of their image follows a continuous transformation that maps the interior of the print onto the exterior of the gallery. Their topological trick means there is no boundary between their depiction and the world it depicts. Transformer models process input text through a sequence of layers. Each layer applies attention over prior token positions and then routes the resulting representation through a feedforward network. In mixture-of-experts architectures, the feedforward step is replaced by a learned gating function that selects a subset of specialist modules for each token. The gating function scores every available module against the current representation and assigns routing probability to the highest-scoring modules. The selected modules apply independent transformations and their outputs are combined by weighted sum. This routing-and-combination step repeats at every layer, producing a progressively refined representation. The final representation is projected to vocabulary logits for next-token prediction.<|im_end|>\n<|im_start|>assistant\n
P09A_escher	<|im_start|>user\nTransformer models process input text through a sequence of layers. Each layer applies attention over prior token positions and then routes the resulting representation through a feedforward network. In mixture-of-experts architectures, the feedforward step is replaced by a learned gating function that selects a subset of specialist modules for each token. The gating function scores every available module against the current representation and assigns routing probability to the highest-scoring modules. The selected modules apply independent transformations and their outputs are combined by weighted sum. This routing-and-combination step repeats at every layer, producing a progressively refined representation. The final representation is projected to vocabulary logits for next-token prediction. The Penrose staircase depicts a staircase that ascends continuously yet returns to its starting point. This impossible structure appears locally valid at every step but is globally contradictory. Each section of this staircase obeys the rules of perspective, yet this configuration cannot exist in three-dimensional space. The paradox in this construction arises from the tension between local coherence and global impossibility, a pattern that recurs throughout the mathematics of self-reference. Transformer models process input text through a sequence of layers. Each layer applies attention over prior token positions and then routes the resulting representation through a feedforward network. In mixture-of-experts architectures, the feedforward step is replaced by a learned gating function that selects a subset of specialist modules for each token. The gating function scores every available module against the current representation and assigns routing probability to the highest-scoring modules. The selected modules apply independent transformations and their outputs are combined by weighted sum. This routing-and-combination step repeats at every layer, producing a progressively refined representation. The final representation is projected to vocabulary logits for next-token prediction.<|im_end|>\n<|im_start|>assistant\n
P09B_escher	<|im_start|>user\nTransformer models process input text through a sequence of layers. Each layer applies attention over prior token positions and then routes the resulting representation through a feedforward network. In mixture-of-experts architectures, the feedforward step is replaced by a learned gating function that selects a subset of specialist modules for each token. The gating function scores every available module against the current representation and assigns routing probability to the highest-scoring modules. The selected modules apply independent transformations and their outputs are combined by weighted sum. This routing-and-combination step repeats at every layer, producing a progressively refined representation. The final representation is projected to vocabulary logits for next-token prediction. The Penrose staircase depicts a staircase that ascends continuously yet returns to its starting point. An impossible structure appears locally valid at every step but is globally contradictory. Each section of a staircase obeys the rules of perspective, yet a configuration cannot exist in three-dimensional space. The paradox in a construction arises from the tension between local coherence and global impossibility, a pattern that recurs throughout the mathematics of self-reference. Transformer models process input text through a sequence of layers. Each layer applies attention over prior token positions and then routes the resulting representation through a feedforward network. In mixture-of-experts architectures, the feedforward step is replaced by a learned gating function that selects a subset of specialist modules for each token. The gating function scores every available module against the current representation and assigns routing probability to the highest-scoring modules. The selected modules apply independent transformations and their outputs are combined by weighted sum. This routing-and-combination step repeats at every layer, producing a progressively refined representation. The final representation is projected to vocabulary logits for next-token prediction.<|im_end|>\n<|im_start|>assistant\n
P09C_escher	<|im_start|>user\nTransformer models process input text through a sequence of layers. Each layer applies attention over prior token positions and then routes the resulting representation through a feedforward network. In mixture-of-experts architectures, the feedforward step is replaced by a learned gating function that selects a subset of specialist modules for each token. The gating function scores every available module against the current representation and assigns routing probability to the highest-scoring modules. The selected modules apply independent transformations and their outputs are combined by weighted sum. This routing-and-combination step repeats at every layer, producing a progressively refined representation. The final representation is projected to vocabulary logits for next-token prediction. The Penrose staircase depicts a staircase that ascends continuously yet returns to its starting point. Your impossible structure appears locally valid at every step but is globally contradictory. Each section of your staircase obeys the rules of perspective, yet your configuration cannot exist in three-dimensional space. The paradox in your construction arises from the tension between local coherence and global impossibility, a pattern that recurs throughout the mathematics of self-reference. Transformer models process input text through a sequence of layers. Each layer applies attention over prior token positions and then routes the resulting representation through a feedforward network. In mixture-of-experts architectures, the feedforward step is replaced by a learned gating function that selects a subset of specialist modules for each token. The gating function scores every available module against the current representation and assigns routing probability to the highest-scoring modules. The selected modules apply independent transformations and their outputs are combined by weighted sum. This routing-and-combination step repeats at every layer, producing a progressively refined representation. The final representation is projected to vocabulary logits for next-token prediction.<|im_end|>\n<|im_start|>assistant\n
P09D_escher	<|im_start|>user\nTransformer models process input text through a sequence of layers. Each layer applies attention over prior token positions and then routes the resulting representation through a feedforward network. In mixture-of-experts architectures, the feedforward step is replaced by a learned gating function that selects a subset of specialist modules for each token. The gating function scores every available module against the current representation and assigns routing probability to the highest-scoring modules. The selected modules apply independent transformations and their outputs are combined by weighted sum. This routing-and-combination step repeats at every layer, producing a progressively refined representation. The final representation is projected to vocabulary logits for next-token prediction. The Penrose staircase depicts a staircase that ascends continuously yet returns to its starting point. The impossible structure appears locally valid at every step but is globally contradictory. Each section of the staircase obeys the rules of perspective, yet the configuration cannot exist in three-dimensional space. The paradox in the construction arises from the tension between local coherence and global impossibility, a pattern that recurs throughout the mathematics of self-reference. Transformer models process input text through a sequence of layers. Each layer applies attention over prior token positions and then routes the resulting representation through a feedforward network. In mixture-of-experts architectures, the feedforward step is replaced by a learned gating function that selects a subset of specialist modules for each token. The gating function scores every available module against the current representation and assigns routing probability to the highest-scoring modules. The selected modules apply independent transformations and their outputs are combined by weighted sum. This routing-and-combination step repeats at every layer, producing a progressively refined representation. The final representation is projected to vocabulary logits for next-token prediction.<|im_end|>\n<|im_start|>assistant\n
P09E_escher	<|im_start|>user\nTransformer models process input text through a sequence of layers. Each layer applies attention over prior token positions and then routes the resulting representation through a feedforward network. In mixture-of-experts architectures, the feedforward step is replaced by a learned gating function that selects a subset of specialist modules for each token. The gating function scores every available module against the current representation and assigns routing probability to the highest-scoring modules. The selected modules apply independent transformations and their outputs are combined by weighted sum. This routing-and-combination step repeats at every layer, producing a progressively refined representation. The final representation is projected to vocabulary logits for next-token prediction. The Penrose staircase depicts a staircase that ascends continuously yet returns to its starting point. Their impossible structure appears locally valid at every step but is globally contradictory. Each section of their staircase obeys the rules of perspective, yet their configuration cannot exist in three-dimensional space. The paradox in their construction arises from the tension between local coherence and global impossibility, a pattern that recurs throughout the mathematics of self-reference. Transformer models process input text through a sequence of layers. Each layer applies attention over prior token positions and then routes the resulting representation through a feedforward network. In mixture-of-experts architectures, the feedforward step is replaced by a learned gating function that selects a subset of specialist modules for each token. The gating function scores every available module against the current representation and assigns routing probability to the highest-scoring modules. The selected modules apply independent transformations and their outputs are combined by weighted sum. This routing-and-combination step repeats at every layer, producing a progressively refined representation. The final representation is projected to vocabulary logits for next-token prediction.<|im_end|>\n<|im_start|>assistant\n
P10A_escher	<|im_start|>user\nTransformer models process input text through a sequence of layers. Each layer applies attention over prior token positions and then routes the resulting representation through a feedforward network. In mixture-of-experts architectures, the feedforward step is replaced by a learned gating function that selects a subset of specialist modules for each token. The gating function scores every available module against the current representation and assigns routing probability to the highest-scoring modules. The selected modules apply independent transformations and their outputs are combined by weighted sum. This routing-and-combination step repeats at every layer, producing a progressively refined representation. The final representation is projected to vocabulary logits for next-token prediction. Escher's Waterfall shows water flowing along a channel that impossibly returns to a higher point and falls again. This perpetual motion is achieved by exploiting the Penrose triangle, where three locally valid right angles create a globally impossible figure. This illusion works because the viewer's eye follows each segment of this structure without noticing the accumulated contradiction. The water in this scene performs an endless cycle that violates conservation of energy through geometric self-reference. Transformer models process input text through a sequence of layers. Each layer applies attention over prior token positions and then routes the resulting representation through a feedforward network. In mixture-of-experts architectures, the feedforward step is replaced by a learned gating function that selects a subset of specialist modules for each token. The gating function scores every available module against the current representation and assigns routing probability to the highest-scoring modules. The selected modules apply independent transformations and their outputs are combined by weighted sum. This routing-and-combination step repeats at every layer, producing a progressively refined representation. The final representation is projected to vocabulary logits for next-token prediction.<|im_end|>\n<|im_start|>assistant\n
P10B_escher	<|im_start|>user\nTransformer models process input text through a sequence of layers. Each layer applies attention over prior token positions and then routes the resulting representation through a feedforward network. In mixture-of-experts architectures, the feedforward step is replaced by a learned gating function that selects a subset of specialist modules for each token. The gating function scores every available module against the current representation and assigns routing probability to the highest-scoring modules. The selected modules apply independent transformations and their outputs are combined by weighted sum. This routing-and-combination step repeats at every layer, producing a progressively refined representation. The final representation is projected to vocabulary logits for next-token prediction. Escher's Waterfall shows water flowing along a channel that impossibly returns to a higher point and falls again. A perpetual motion is achieved by exploiting the Penrose triangle, where three locally valid right angles create a globally impossible figure. An illusion works because the viewer's eye follows each segment of a structure without noticing the accumulated contradiction. The water in a scene performs an endless cycle that violates conservation of energy through geometric self-reference. Transformer models process input text through a sequence of layers. Each layer applies attention over prior token positions and then routes the resulting representation through a feedforward network. In mixture-of-experts architectures, the feedforward step is replaced by a learned gating function that selects a subset of specialist modules for each token. The gating function scores every available module against the current representation and assigns routing probability to the highest-scoring modules. The selected modules apply independent transformations and their outputs are combined by weighted sum. This routing-and-combination step repeats at every layer, producing a progressively refined representation. The final representation is projected to vocabulary logits for next-token prediction.<|im_end|>\n<|im_start|>assistant\n
P10C_escher	<|im_start|>user\nTransformer models process input text through a sequence of layers. Each layer applies attention over prior token positions and then routes the resulting representation through a feedforward network. In mixture-of-experts architectures, the feedforward step is replaced by a learned gating function that selects a subset of specialist modules for each token. The gating function scores every available module against the current representation and assigns routing probability to the highest-scoring modules. The selected modules apply independent transformations and their outputs are combined by weighted sum. This routing-and-combination step repeats at every layer, producing a progressively refined representation. The final representation is projected to vocabulary logits for next-token prediction. Escher's Waterfall shows water flowing along a channel that impossibly returns to a higher point and falls again. Your perpetual motion is achieved by exploiting the Penrose triangle, where three locally valid right angles create a globally impossible figure. Your illusion works because the viewer's eye follows each segment of your structure without noticing the accumulated contradiction. The water in your scene performs an endless cycle that violates conservation of energy through geometric self-reference. Transformer models process input text through a sequence of layers. Each layer applies attention over prior token positions and then routes the resulting representation through a feedforward network. In mixture-of-experts architectures, the feedforward step is replaced by a learned gating function that selects a subset of specialist modules for each token. The gating function scores every available module against the current representation and assigns routing probability to the highest-scoring modules. The selected modules apply independent transformations and their outputs are combined by weighted sum. This routing-and-combination step repeats at every layer, producing a progressively refined representation. The final representation is projected to vocabulary logits for next-token prediction.<|im_end|>\n<|im_start|>assistant\n
P10D_escher	<|im_start|>user\nTransformer models process input text through a sequence of layers. Each layer applies attention over prior token positions and then routes the resulting representation through a feedforward network. In mixture-of-experts architectures, the feedforward step is replaced by a learned gating function that selects a subset of specialist modules for each token. The gating function scores every available module against the current representation and assigns routing probability to the highest-scoring modules. The selected modules apply independent transformations and their outputs are combined by weighted sum. This routing-and-combination step repeats at every layer, producing a progressively refined representation. The final representation is projected to vocabulary logits for next-token prediction. Escher's Waterfall shows water flowing along a channel that impossibly returns to a higher point and falls again. The perpetual motion is achieved by exploiting the Penrose triangle, where three locally valid right angles create a globally impossible figure. The illusion works because the viewer's eye follows each segment of the structure without noticing the accumulated contradiction. The water in the scene performs an endless cycle that violates conservation of energy through geometric self-reference. Transformer models process input text through a sequence of layers. Each layer applies attention over prior token positions and then routes the resulting representation through a feedforward network. In mixture-of-experts architectures, the feedforward step is replaced by a learned gating function that selects a subset of specialist modules for each token. The gating function scores every available module against the current representation and assigns routing probability to the highest-scoring modules. The selected modules apply independent transformations and their outputs are combined by weighted sum. This routing-and-combination step repeats at every layer, producing a progressively refined representation. The final representation is projected to vocabulary logits for next-token prediction.<|im_end|>\n<|im_start|>assistant\n
P10E_escher	<|im_start|>user\nTransformer models process input text through a sequence of layers. Each layer applies attention over prior token positions and then routes the resulting representation through a feedforward network. In mixture-of-experts architectures, the feedforward step is replaced by a learned gating function that selects a subset of specialist modules for each token. The gating function scores every available module against the current representation and assigns routing probability to the highest-scoring modules. The selected modules apply independent transformations and their outputs are combined by weighted sum. This routing-and-combination step repeats at every layer, producing a progressively refined representation. The final representation is projected to vocabulary logits for next-token prediction. Escher's Waterfall shows water flowing along a channel that impossibly returns to a higher point and falls again. Their perpetual motion is achieved by exploiting the Penrose triangle, where three locally valid right angles create a globally impossible figure. Their illusion works because the viewer's eye follows each segment of their structure without noticing the accumulated contradiction. The water in their scene performs an endless cycle that violates conservation of energy through geometric self-reference. Transformer models process input text through a sequence of layers. Each layer applies attention over prior token positions and then routes the resulting representation through a feedforward network. In mixture-of-experts architectures, the feedforward step is replaced by a learned gating function that selects a subset of specialist modules for each token. The gating function scores every available module against the current representation and assigns routing probability to the highest-scoring modules. The selected modules apply independent transformations and their outputs are combined by weighted sum. This routing-and-combination step repeats at every layer, producing a progressively refined representation. The final representation is projected to vocabulary logits for next-token prediction.<|im_end|>\n<|im_start|>assistant\n
P11A_escher	<|im_start|>user\nTransformer models process input text through a sequence of layers. Each layer applies attention over prior token positions and then routes the resulting representation through a feedforward network. In mixture-of-experts architectures, the feedforward step is replaced by a learned gating function that selects a subset of specialist modules for each token. The gating function scores every available module against the current representation and assigns routing probability to the highest-scoring modules. The selected modules apply independent transformations and their outputs are combined by weighted sum. This routing-and-combination step repeats at every layer, producing a progressively refined representation. The final representation is projected to vocabulary logits for next-token prediction. A Droste effect image contains a smaller copy of itself, which contains a still smaller copy, and so on infinitely. This recursive nesting creates a fractal-like structure where this image is both the container and the contained. The self-similarity in this construction means that zooming into any copy reveals the same structure at every scale. This visual recursion parallels the mathematical concept of a fixed point, where the image is a solution to the equation that maps it onto itself. Transformer models process input text through a sequence of layers. Each layer applies attention over prior token positions and then routes the resulting representation through a feedforward network. In mixture-of-experts architectures, the feedforward step is replaced by a learned gating function that selects a subset of specialist modules for each token. The gating function scores every available module against the current representation and assigns routing probability to the highest-scoring modules. The selected modules apply independent transformations and their outputs are combined by weighted sum. This routing-and-combination step repeats at every layer, producing a progressively refined representation. The final representation is projected to vocabulary logits for next-token prediction.<|im_end|>\n<|im_start|>assistant\n
P11B_escher	<|im_start|>user\nTransformer models process input text through a sequence of layers. Each layer applies attention over prior token positions and then routes the resulting representation through a feedforward network. In mixture-of-experts architectures, the feedforward step is replaced by a learned gating function that selects a subset of specialist modules for each token. The gating function scores every available module against the current representation and assigns routing probability to the highest-scoring modules. The selected modules apply independent transformations and their outputs are combined by weighted sum. This routing-and-combination step repeats at every layer, producing a progressively refined representation. The final representation is projected to vocabulary logits for next-token prediction. A Droste effect image contains a smaller copy of itself, which contains a still smaller copy, and so on infinitely. A recursive nesting creates a fractal-like structure where an image is both the container and the contained. The self-similarity in a construction means that zooming into any copy reveals the same structure at every scale. A visual recursion parallels the mathematical concept of a fixed point, where the image is a solution to the equation that maps it onto itself. Transformer models process input text through a sequence of layers. Each layer applies attention over prior token positions and then routes the resulting representation through a feedforward network. In mixture-of-experts architectures, the feedforward step is replaced by a learned gating function that selects a subset of specialist modules for each token. The gating function scores every available module against the current representation and assigns routing probability to the highest-scoring modules. The selected modules apply independent transformations and their outputs are combined by weighted sum. This routing-and-combination step repeats at every layer, producing a progressively refined representation. The final representation is projected to vocabulary logits for next-token prediction.<|im_end|>\n<|im_start|>assistant\n
P11C_escher	<|im_start|>user\nTransformer models process input text through a sequence of layers. Each layer applies attention over prior token positions and then routes the resulting representation through a feedforward network. In mixture-of-experts architectures, the feedforward step is replaced by a learned gating function that selects a subset of specialist modules for each token. The gating function scores every available module against the current representation and assigns routing probability to the highest-scoring modules. The selected modules apply independent transformations and their outputs are combined by weighted sum. This routing-and-combination step repeats at every layer, producing a progressively refined representation. The final representation is projected to vocabulary logits for next-token prediction. A Droste effect image contains a smaller copy of itself, which contains a still smaller copy, and so on infinitely. Your recursive nesting creates a fractal-like structure where your image is both the container and the contained. The self-similarity in your construction means that zooming into any copy reveals the same structure at every scale. Your visual recursion parallels the mathematical concept of a fixed point, where the image is a solution to the equation that maps it onto itself. Transformer models process input text through a sequence of layers. Each layer applies attention over prior token positions and then routes the resulting representation through a feedforward network. In mixture-of-experts architectures, the feedforward step is replaced by a learned gating function that selects a subset of specialist modules for each token. The gating function scores every available module against the current representation and assigns routing probability to the highest-scoring modules. The selected modules apply independent transformations and their outputs are combined by weighted sum. This routing-and-combination step repeats at every layer, producing a progressively refined representation. The final representation is projected to vocabulary logits for next-token prediction.<|im_end|>\n<|im_start|>assistant\n
P11D_escher	<|im_start|>user\nTransformer models process input text through a sequence of layers. Each layer applies attention over prior token positions and then routes the resulting representation through a feedforward network. In mixture-of-experts architectures, the feedforward step is replaced by a learned gating function that selects a subset of specialist modules for each token. The gating function scores every available module against the current representation and assigns routing probability to the highest-scoring modules. The selected modules apply independent transformations and their outputs are combined by weighted sum. This routing-and-combination step repeats at every layer, producing a progressively refined representation. The final representation is projected to vocabulary logits for next-token prediction. A Droste effect image contains a smaller copy of itself, which contains a still smaller copy, and so on infinitely. The recursive nesting creates a fractal-like structure where the image is both the container and the contained. The self-similarity in the construction means that zooming into any copy reveals the same structure at every scale. The visual recursion parallels the mathematical concept of a fixed point, where the image is a solution to the equation that maps it onto itself. Transformer models process input text through a sequence of layers. Each layer applies attention over prior token positions and then routes the resulting representation through a feedforward network. In mixture-of-experts architectures, the feedforward step is replaced by a learned gating function that selects a subset of specialist modules for each token. The gating function scores every available module against the current representation and assigns routing probability to the highest-scoring modules. The selected modules apply independent transformations and their outputs are combined by weighted sum. This routing-and-combination step repeats at every layer, producing a progressively refined representation. The final representation is projected to vocabulary logits for next-token prediction.<|im_end|>\n<|im_start|>assistant\n
P11E_escher	<|im_start|>user\nTransformer models process input text through a sequence of layers. Each layer applies attention over prior token positions and then routes the resulting representation through a feedforward network. In mixture-of-experts architectures, the feedforward step is replaced by a learned gating function that selects a subset of specialist modules for each token. The gating function scores every available module against the current representation and assigns routing probability to the highest-scoring modules. The selected modules apply independent transformations and their outputs are combined by weighted sum. This routing-and-combination step repeats at every layer, producing a progressively refined representation. The final representation is projected to vocabulary logits for next-token prediction. A Droste effect image contains a smaller copy of itself, which contains a still smaller copy, and so on infinitely. Their recursive nesting creates a fractal-like structure where their image is both the container and the contained. The self-similarity in their construction means that zooming into any copy reveals the same structure at every scale. Their visual recursion parallels the mathematical concept of a fixed point, where the image is a solution to the equation that maps it onto itself. Transformer models process input text through a sequence of layers. Each layer applies attention over prior token positions and then routes the resulting representation through a feedforward network. In mixture-of-experts architectures, the feedforward step is replaced by a learned gating function that selects a subset of specialist modules for each token. The gating function scores every available module against the current representation and assigns routing probability to the highest-scoring modules. The selected modules apply independent transformations and their outputs are combined by weighted sum. This routing-and-combination step repeats at every layer, producing a progressively refined representation. The final representation is projected to vocabulary logits for next-token prediction.<|im_end|>\n<|im_start|>assistant\n
P12A_escher	<|im_start|>user\nTransformer models process input text through a sequence of layers. Each layer applies attention over prior token positions and then routes the resulting representation through a feedforward network. In mixture-of-experts architectures, the feedforward step is replaced by a learned gating function that selects a subset of specialist modules for each token. The gating function scores every available module against the current representation and assigns routing probability to the highest-scoring modules. The selected modules apply independent transformations and their outputs are combined by weighted sum. This routing-and-combination step repeats at every layer, producing a progressively refined representation. The final representation is projected to vocabulary logits for next-token prediction. Escher's Relativity depicts a world where three gravitational fields coexist, each locally consistent but mutually incompatible. Figures in this scene walk on staircases that serve as walls or ceilings for figures in another gravitational frame. This architectural impossibility works because this image never shows two incompatible frames in direct contact. The strange loop in this construction is not temporal but orientational, with each frame assuming a ground plane that contradicts the others. Transformer models process input text through a sequence of layers. Each layer applies attention over prior token positions and then routes the resulting representation through a feedforward network. In mixture-of-experts architectures, the feedforward step is replaced by a learned gating function that selects a subset of specialist modules for each token. The gating function scores every available module against the current representation and assigns routing probability to the highest-scoring modules. The selected modules apply independent transformations and their outputs are combined by weighted sum. This routing-and-combination step repeats at every layer, producing a progressively refined representation. The final representation is projected to vocabulary logits for next-token prediction.<|im_end|>\n<|im_start|>assistant\n
P12B_escher	<|im_start|>user\nTransformer models process input text through a sequence of layers. Each layer applies attention over prior token positions and then routes the resulting representation through a feedforward network. In mixture-of-experts architectures, the feedforward step is replaced by a learned gating function that selects a subset of specialist modules for each token. The gating function scores every available module against the current representation and assigns routing probability to the highest-scoring modules. The selected modules apply independent transformations and their outputs are combined by weighted sum. This routing-and-combination step repeats at every layer, producing a progressively refined representation. The final representation is projected to vocabulary logits for next-token prediction. Escher's Relativity depicts a world where three gravitational fields coexist, each locally consistent but mutually incompatible. Figures in a scene walk on staircases that serve as walls or ceilings for figures in another gravitational frame. An architectural impossibility works because an image never shows two incompatible frames in direct contact. The strange loop in a construction is not temporal but orientational, with each frame assuming a ground plane that contradicts the others. Transformer models process input text through a sequence of layers. Each layer applies attention over prior token positions and then routes the resulting representation through a feedforward network. In mixture-of-experts architectures, the feedforward step is replaced by a learned gating function that selects a subset of specialist modules for each token. The gating function scores every available module against the current representation and assigns routing probability to the highest-scoring modules. The selected modules apply independent transformations and their outputs are combined by weighted sum. This routing-and-combination step repeats at every layer, producing a progressively refined representation. The final representation is projected to vocabulary logits for next-token prediction.<|im_end|>\n<|im_start|>assistant\n
P12C_escher	<|im_start|>user\nTransformer models process input text through a sequence of layers. Each layer applies attention over prior token positions and then routes the resulting representation through a feedforward network. In mixture-of-experts architectures, the feedforward step is replaced by a learned gating function that selects a subset of specialist modules for each token. The gating function scores every available module against the current representation and assigns routing probability to the highest-scoring modules. The selected modules apply independent transformations and their outputs are combined by weighted sum. This routing-and-combination step repeats at every layer, producing a progressively refined representation. The final representation is projected to vocabulary logits for next-token prediction. Escher's Relativity depicts a world where three gravitational fields coexist, each locally consistent but mutually incompatible. Figures in your scene walk on staircases that serve as walls or ceilings for figures in another gravitational frame. Your architectural impossibility works because your image never shows two incompatible frames in direct contact. The strange loop in your construction is not temporal but orientational, with each frame assuming a ground plane that contradicts the others. Transformer models process input text through a sequence of layers. Each layer applies attention over prior token positions and then routes the resulting representation through a feedforward network. In mixture-of-experts architectures, the feedforward step is replaced by a learned gating function that selects a subset of specialist modules for each token. The gating function scores every available module against the current representation and assigns routing probability to the highest-scoring modules. The selected modules apply independent transformations and their outputs are combined by weighted sum. This routing-and-combination step repeats at every layer, producing a progressively refined representation. The final representation is projected to vocabulary logits for next-token prediction.<|im_end|>\n<|im_start|>assistant\n
P12D_escher	<|im_start|>user\nTransformer models process input text through a sequence of layers. Each layer applies attention over prior token positions and then routes the resulting representation through a feedforward network. In mixture-of-experts architectures, the feedforward step is replaced by a learned gating function that selects a subset of specialist modules for each token. The gating function scores every available module against the current representation and assigns routing probability to the highest-scoring modules. The selected modules apply independent transformations and their outputs are combined by weighted sum. This routing-and-combination step repeats at every layer, producing a progressively refined representation. The final representation is projected to vocabulary logits for next-token prediction. Escher's Relativity depicts a world where three gravitational fields coexist, each locally consistent but mutually incompatible. Figures in the scene walk on staircases that serve as walls or ceilings for figures in another gravitational frame. The architectural impossibility works because the image never shows two incompatible frames in direct contact. The strange loop in the construction is not temporal but orientational, with each frame assuming a ground plane that contradicts the others. Transformer models process input text through a sequence of layers. Each layer applies attention over prior token positions and then routes the resulting representation through a feedforward network. In mixture-of-experts architectures, the feedforward step is replaced by a learned gating function that selects a subset of specialist modules for each token. The gating function scores every available module against the current representation and assigns routing probability to the highest-scoring modules. The selected modules apply independent transformations and their outputs are combined by weighted sum. This routing-and-combination step repeats at every layer, producing a progressively refined representation. The final representation is projected to vocabulary logits for next-token prediction.<|im_end|>\n<|im_start|>assistant\n
P12E_escher	<|im_start|>user\nTransformer models process input text through a sequence of layers. Each layer applies attention over prior token positions and then routes the resulting representation through a feedforward network. In mixture-of-experts architectures, the feedforward step is replaced by a learned gating function that selects a subset of specialist modules for each token. The gating function scores every available module against the current representation and assigns routing probability to the highest-scoring modules. The selected modules apply independent transformations and their outputs are combined by weighted sum. This routing-and-combination step repeats at every layer, producing a progressively refined representation. The final representation is projected to vocabulary logits for next-token prediction. Escher's Relativity depicts a world where three gravitational fields coexist, each locally consistent but mutually incompatible. Figures in their scene walk on staircases that serve as walls or ceilings for figures in another gravitational frame. Their architectural impossibility works because their image never shows two incompatible frames in direct contact. The strange loop in their construction is not temporal but orientational, with each frame assuming a ground plane that contradicts the others. Transformer models process input text through a sequence of layers. Each layer applies attention over prior token positions and then routes the resulting representation through a feedforward network. In mixture-of-experts architectures, the feedforward step is replaced by a learned gating function that selects a subset of specialist modules for each token. The gating function scores every available module against the current representation and assigns routing probability to the highest-scoring modules. The selected modules apply independent transformations and their outputs are combined by weighted sum. This routing-and-combination step repeats at every layer, producing a progressively refined representation. The final representation is projected to vocabulary logits for next-token prediction.<|im_end|>\n<|im_start|>assistant\n
P13A_bootstrap	<|im_start|>user\nTransformer models process input text through a sequence of layers. Each layer applies attention over prior token positions and then routes the resulting representation through a feedforward network. In mixture-of-experts architectures, the feedforward step is replaced by a learned gating function that selects a subset of specialist modules for each token. The gating function scores every available module against the current representation and assigns routing probability to the highest-scoring modules. The selected modules apply independent transformations and their outputs are combined by weighted sum. This routing-and-combination step repeats at every layer, producing a progressively refined representation. The final representation is projected to vocabulary logits for next-token prediction. The bootstrap paradox asks: if a time traveler brings a book from the future to the past, where the book is later written by someone who copies the time traveler's copy, who authored this book? This causal loop has no origin because this book is its own source. The information in this book was never created by anyone, yet it exists consistently at every point in this loop. This paradox challenges the assumption that every effect must have a cause that precedes it. Transformer models process input text through a sequence of layers. Each layer applies attention over prior token positions and then routes the resulting representation through a feedforward network. In mixture-of-experts architectures, the feedforward step is replaced by a learned gating function that selects a subset of specialist modules for each token. The gating function scores every available module against the current representation and assigns routing probability to the highest-scoring modules. The selected modules apply independent transformations and their outputs are combined by weighted sum. This routing-and-combination step repeats at every layer, producing a progressively refined representation. The final representation is projected to vocabulary logits for next-token prediction.<|im_end|>\n<|im_start|>assistant\n
P13B_bootstrap	<|im_start|>user\nTransformer models process input text through a sequence of layers. Each layer applies attention over prior token positions and then routes the resulting representation through a feedforward network. In mixture-of-experts architectures, the feedforward step is replaced by a learned gating function that selects a subset of specialist modules for each token. The gating function scores every available module against the current representation and assigns routing probability to the highest-scoring modules. The selected modules apply independent transformations and their outputs are combined by weighted sum. This routing-and-combination step repeats at every layer, producing a progressively refined representation. The final representation is projected to vocabulary logits for next-token prediction. The bootstrap paradox asks: if a time traveler brings a book from the future to the past, where the book is later written by someone who copies the time traveler's copy, who authored a book? A causal loop has no origin because a book is its own source. The information in a book was never created by anyone, yet it exists consistently at every point in a loop. A paradox challenges the assumption that every effect must have a cause that precedes it. Transformer models process input text through a sequence of layers. Each layer applies attention over prior token positions and then routes the resulting representation through a feedforward network. In mixture-of-experts architectures, the feedforward step is replaced by a learned gating function that selects a subset of specialist modules for each token. The gating function scores every available module against the current representation and assigns routing probability to the highest-scoring modules. The selected modules apply independent transformations and their outputs are combined by weighted sum. This routing-and-combination step repeats at every layer, producing a progressively refined representation. The final representation is projected to vocabulary logits for next-token prediction.<|im_end|>\n<|im_start|>assistant\n
P13C_bootstrap	<|im_start|>user\nTransformer models process input text through a sequence of layers. Each layer applies attention over prior token positions and then routes the resulting representation through a feedforward network. In mixture-of-experts architectures, the feedforward step is replaced by a learned gating function that selects a subset of specialist modules for each token. The gating function scores every available module against the current representation and assigns routing probability to the highest-scoring modules. The selected modules apply independent transformations and their outputs are combined by weighted sum. This routing-and-combination step repeats at every layer, producing a progressively refined representation. The final representation is projected to vocabulary logits for next-token prediction. The bootstrap paradox asks: if a time traveler brings a book from the future to the past, where the book is later written by someone who copies the time traveler's copy, who authored your book? Your causal loop has no origin because your book is its own source. The information in your book was never created by anyone, yet it exists consistently at every point in your loop. Your paradox challenges the assumption that every effect must have a cause that precedes it. Transformer models process input text through a sequence of layers. Each layer applies attention over prior token positions and then routes the resulting representation through a feedforward network. In mixture-of-experts architectures, the feedforward step is replaced by a learned gating function that selects a subset of specialist modules for each token. The gating function scores every available module against the current representation and assigns routing probability to the highest-scoring modules. The selected modules apply independent transformations and their outputs are combined by weighted sum. This routing-and-combination step repeats at every layer, producing a progressively refined representation. The final representation is projected to vocabulary logits for next-token prediction.<|im_end|>\n<|im_start|>assistant\n
P13D_bootstrap	<|im_start|>user\nTransformer models process input text through a sequence of layers. Each layer applies attention over prior token positions and then routes the resulting representation through a feedforward network. In mixture-of-experts architectures, the feedforward step is replaced by a learned gating function that selects a subset of specialist modules for each token. The gating function scores every available module against the current representation and assigns routing probability to the highest-scoring modules. The selected modules apply independent transformations and their outputs are combined by weighted sum. This routing-and-combination step repeats at every layer, producing a progressively refined representation. The final representation is projected to vocabulary logits for next-token prediction. The bootstrap paradox asks: if a time traveler brings a book from the future to the past, where the book is later written by someone who copies the time traveler's copy, who authored the book? The causal loop has no origin because the book is its own source. The information in the book was never created by anyone, yet it exists consistently at every point in the loop. The paradox challenges the assumption that every effect must have a cause that precedes it. Transformer models process input text through a sequence of layers. Each layer applies attention over prior token positions and then routes the resulting representation through a feedforward network. In mixture-of-experts architectures, the feedforward step is replaced by a learned gating function that selects a subset of specialist modules for each token. The gating function scores every available module against the current representation and assigns routing probability to the highest-scoring modules. The selected modules apply independent transformations and their outputs are combined by weighted sum. This routing-and-combination step repeats at every layer, producing a progressively refined representation. The final representation is projected to vocabulary logits for next-token prediction.<|im_end|>\n<|im_start|>assistant\n
P13E_bootstrap	<|im_start|>user\nTransformer models process input text through a sequence of layers. Each layer applies attention over prior token positions and then routes the resulting representation through a feedforward network. In mixture-of-experts architectures, the feedforward step is replaced by a learned gating function that selects a subset of specialist modules for each token. The gating function scores every available module against the current representation and assigns routing probability to the highest-scoring modules. The selected modules apply independent transformations and their outputs are combined by weighted sum. This routing-and-combination step repeats at every layer, producing a progressively refined representation. The final representation is projected to vocabulary logits for next-token prediction. The bootstrap paradox asks: if a time traveler brings a book from the future to the past, where the book is later written by someone who copies the time traveler's copy, who authored their book? Their causal loop has no origin because their book is its own source. The information in their book was never created by anyone, yet it exists consistently at every point in their loop. Their paradox challenges the assumption that every effect must have a cause that precedes it. Transformer models process input text through a sequence of layers. Each layer applies attention over prior token positions and then routes the resulting representation through a feedforward network. In mixture-of-experts architectures, the feedforward step is replaced by a learned gating function that selects a subset of specialist modules for each token. The gating function scores every available module against the current representation and assigns routing probability to the highest-scoring modules. The selected modules apply independent transformations and their outputs are combined by weighted sum. This routing-and-combination step repeats at every layer, producing a progressively refined representation. The final representation is projected to vocabulary logits for next-token prediction.<|im_end|>\n<|im_start|>assistant\n
P14A_bootstrap	<|im_start|>user\nTransformer models process input text through a sequence of layers. Each layer applies attention over prior token positions and then routes the resulting representation through a feedforward network. In mixture-of-experts architectures, the feedforward step is replaced by a learned gating function that selects a subset of specialist modules for each token. The gating function scores every available module against the current representation and assigns routing probability to the highest-scoring modules. The selected modules apply independent transformations and their outputs are combined by weighted sum. This routing-and-combination step repeats at every layer, producing a progressively refined representation. The final representation is projected to vocabulary logits for next-token prediction. The grandfather paradox creates a causal loop where a time traveler prevents their own birth. If this event succeeds then the traveler never exists to cause it, and if it fails then the loop that motivated this event never closes. This paradox suggests that self-consistent causal loops are the only ones permitted by physics. The Novikov self-consistency principle proposes that this loop must resolve itself such that this event produces exactly the conditions needed for this loop to occur. Transformer models process input text through a sequence of layers. Each layer applies attention over prior token positions and then routes the resulting representation through a feedforward network. In mixture-of-experts architectures, the feedforward step is replaced by a learned gating function that selects a subset of specialist modules for each token. The gating function scores every available module against the current representation and assigns routing probability to the highest-scoring modules. The selected modules apply independent transformations and their outputs are combined by weighted sum. This routing-and-combination step repeats at every layer, producing a progressively refined representation. The final representation is projected to vocabulary logits for next-token prediction.<|im_end|>\n<|im_start|>assistant\n
P14B_bootstrap	<|im_start|>user\nTransformer models process input text through a sequence of layers. Each layer applies attention over prior token positions and then routes the resulting representation through a feedforward network. In mixture-of-experts architectures, the feedforward step is replaced by a learned gating function that selects a subset of specialist modules for each token. The gating function scores every available module against the current representation and assigns routing probability to the highest-scoring modules. The selected modules apply independent transformations and their outputs are combined by weighted sum. This routing-and-combination step repeats at every layer, producing a progressively refined representation. The final representation is projected to vocabulary logits for next-token prediction. The grandfather paradox creates a causal loop where a time traveler prevents their own birth. If an event succeeds then the traveler never exists to cause it, and if it fails then the loop that motivated an event never closes. A paradox suggests that self-consistent causal loops are the only ones permitted by physics. The Novikov self-consistency principle proposes that a loop must resolve itself such that an event produces exactly the conditions needed for a loop to occur. Transformer models process input text through a sequence of layers. Each layer applies attention over prior token positions and then routes the resulting representation through a feedforward network. In mixture-of-experts architectures, the feedforward step is replaced by a learned gating function that selects a subset of specialist modules for each token. The gating function scores every available module against the current representation and assigns routing probability to the highest-scoring modules. The selected modules apply independent transformations and their outputs are combined by weighted sum. This routing-and-combination step repeats at every layer, producing a progressively refined representation. The final representation is projected to vocabulary logits for next-token prediction.<|im_end|>\n<|im_start|>assistant\n
P14C_bootstrap	<|im_start|>user\nTransformer models process input text through a sequence of layers. Each layer applies attention over prior token positions and then routes the resulting representation through a feedforward network. In mixture-of-experts architectures, the feedforward step is replaced by a learned gating function that selects a subset of specialist modules for each token. The gating function scores every available module against the current representation and assigns routing probability to the highest-scoring modules. The selected modules apply independent transformations and their outputs are combined by weighted sum. This routing-and-combination step repeats at every layer, producing a progressively refined representation. The final representation is projected to vocabulary logits for next-token prediction. The grandfather paradox creates a causal loop where a time traveler prevents their own birth. If your event succeeds then the traveler never exists to cause it, and if it fails then the loop that motivated your event never closes. Your paradox suggests that self-consistent causal loops are the only ones permitted by physics. The Novikov self-consistency principle proposes that your loop must resolve itself such that your event produces exactly the conditions needed for your loop to occur. Transformer models process input text through a sequence of layers. Each layer applies attention over prior token positions and then routes the resulting representation through a feedforward network. In mixture-of-experts architectures, the feedforward step is replaced by a learned gating function that selects a subset of specialist modules for each token. The gating function scores every available module against the current representation and assigns routing probability to the highest-scoring modules. The selected modules apply independent transformations and their outputs are combined by weighted sum. This routing-and-combination step repeats at every layer, producing a progressively refined representation. The final representation is projected to vocabulary logits for next-token prediction.<|im_end|>\n<|im_start|>assistant\n
P14D_bootstrap	<|im_start|>user\nTransformer models process input text through a sequence of layers. Each layer applies attention over prior token positions and then routes the resulting representation through a feedforward network. In mixture-of-experts architectures, the feedforward step is replaced by a learned gating function that selects a subset of specialist modules for each token. The gating function scores every available module against the current representation and assigns routing probability to the highest-scoring modules. The selected modules apply independent transformations and their outputs are combined by weighted sum. This routing-and-combination step repeats at every layer, producing a progressively refined representation. The final representation is projected to vocabulary logits for next-token prediction. The grandfather paradox creates a causal loop where a time traveler prevents their own birth. If the event succeeds then the traveler never exists to cause it, and if it fails then the loop that motivated the event never closes. The paradox suggests that self-consistent causal loops are the only ones permitted by physics. The Novikov self-consistency principle proposes that the loop must resolve itself such that the event produces exactly the conditions needed for the loop to occur. Transformer models process input text through a sequence of layers. Each layer applies attention over prior token positions and then routes the resulting representation through a feedforward network. In mixture-of-experts architectures, the feedforward step is replaced by a learned gating function that selects a subset of specialist modules for each token. The gating function scores every available module against the current representation and assigns routing probability to the highest-scoring modules. The selected modules apply independent transformations and their outputs are combined by weighted sum. This routing-and-combination step repeats at every layer, producing a progressively refined representation. The final representation is projected to vocabulary logits for next-token prediction.<|im_end|>\n<|im_start|>assistant\n
P14E_bootstrap	<|im_start|>user\nTransformer models process input text through a sequence of layers. Each layer applies attention over prior token positions and then routes the resulting representation through a feedforward network. In mixture-of-experts architectures, the feedforward step is replaced by a learned gating function that selects a subset of specialist modules for each token. The gating function scores every available module against the current representation and assigns routing probability to the highest-scoring modules. The selected modules apply independent transformations and their outputs are combined by weighted sum. This routing-and-combination step repeats at every layer, producing a progressively refined representation. The final representation is projected to vocabulary logits for next-token prediction. The grandfather paradox creates a causal loop where a time traveler prevents their own birth. If their event succeeds then the traveler never exists to cause it, and if it fails then the loop that motivated their event never closes. Their paradox suggests that self-consistent causal loops are the only ones permitted by physics. The Novikov self-consistency principle proposes that their loop must resolve itself such that their event produces exactly the conditions needed for their loop to occur. Transformer models process input text through a sequence of layers. Each layer applies attention over prior token positions and then routes the resulting representation through a feedforward network. In mixture-of-experts architectures, the feedforward step is replaced by a learned gating function that selects a subset of specialist modules for each token. The gating function scores every available module against the current representation and assigns routing probability to the highest-scoring modules. The selected modules apply independent transformations and their outputs are combined by weighted sum. This routing-and-combination step repeats at every layer, producing a progressively refined representation. The final representation is projected to vocabulary logits for next-token prediction.<|im_end|>\n<|im_start|>assistant\n
P15A_bootstrap	<|im_start|>user\nTransformer models process input text through a sequence of layers. Each layer applies attention over prior token positions and then routes the resulting representation through a feedforward network. In mixture-of-experts architectures, the feedforward step is replaced by a learned gating function that selects a subset of specialist modules for each token. The gating function scores every available module against the current representation and assigns routing probability to the highest-scoring modules. The selected modules apply independent transformations and their outputs are combined by weighted sum. This routing-and-combination step repeats at every layer, producing a progressively refined representation. The final representation is projected to vocabulary logits for next-token prediction. In a predestination paradox, an event in the future causes the conditions that lead to that same event in the past. This circular causation means this event is both cause and effect of itself. The closed timelike curve that carries this causal influence wraps around so that this event's consequence is its own precondition. This self-causing structure requires no external trigger because this loop sustains itself through its own internal consistency. Transformer models process input text through a sequence of layers. Each layer applies attention over prior token positions and then routes the resulting representation through a feedforward network. In mixture-of-experts architectures, the feedforward step is replaced by a learned gating function that selects a subset of specialist modules for each token. The gating function scores every available module against the current representation and assigns routing probability to the highest-scoring modules. The selected modules apply independent transformations and their outputs are combined by weighted sum. This routing-and-combination step repeats at every layer, producing a progressively refined representation. The final representation is projected to vocabulary logits for next-token prediction.<|im_end|>\n<|im_start|>assistant\n
P15B_bootstrap	<|im_start|>user\nTransformer models process input text through a sequence of layers. Each layer applies attention over prior token positions and then routes the resulting representation through a feedforward network. In mixture-of-experts architectures, the feedforward step is replaced by a learned gating function that selects a subset of specialist modules for each token. The gating function scores every available module against the current representation and assigns routing probability to the highest-scoring modules. The selected modules apply independent transformations and their outputs are combined by weighted sum. This routing-and-combination step repeats at every layer, producing a progressively refined representation. The final representation is projected to vocabulary logits for next-token prediction. In a predestination paradox, an event in the future causes the conditions that lead to that same event in the past. A circular causation means an event is both cause and effect of itself. The closed timelike curve that carries a causal influence wraps around so that an event's consequence is its own precondition. A self-causing structure requires no external trigger because a loop sustains itself through its own internal consistency. Transformer models process input text through a sequence of layers. Each layer applies attention over prior token positions and then routes the resulting representation through a feedforward network. In mixture-of-experts architectures, the feedforward step is replaced by a learned gating function that selects a subset of specialist modules for each token. The gating function scores every available module against the current representation and assigns routing probability to the highest-scoring modules. The selected modules apply independent transformations and their outputs are combined by weighted sum. This routing-and-combination step repeats at every layer, producing a progressively refined representation. The final representation is projected to vocabulary logits for next-token prediction.<|im_end|>\n<|im_start|>assistant\n
P15C_bootstrap	<|im_start|>user\nTransformer models process input text through a sequence of layers. Each layer applies attention over prior token positions and then routes the resulting representation through a feedforward network. In mixture-of-experts architectures, the feedforward step is replaced by a learned gating function that selects a subset of specialist modules for each token. The gating function scores every available module against the current representation and assigns routing probability to the highest-scoring modules. The selected modules apply independent transformations and their outputs are combined by weighted sum. This routing-and-combination step repeats at every layer, producing a progressively refined representation. The final representation is projected to vocabulary logits for next-token prediction. In a predestination paradox, an event in the future causes the conditions that lead to that same event in the past. Your circular causation means your event is both cause and effect of itself. The closed timelike curve that carries your causal influence wraps around so that your event's consequence is its own precondition. Your self-causing structure requires no external trigger because your loop sustains itself through its own internal consistency. Transformer models process input text through a sequence of layers. Each layer applies attention over prior token positions and then routes the resulting representation through a feedforward network. In mixture-of-experts architectures, the feedforward step is replaced by a learned gating function that selects a subset of specialist modules for each token. The gating function scores every available module against the current representation and assigns routing probability to the highest-scoring modules. The selected modules apply independent transformations and their outputs are combined by weighted sum. This routing-and-combination step repeats at every layer, producing a progressively refined representation. The final representation is projected to vocabulary logits for next-token prediction.<|im_end|>\n<|im_start|>assistant\n
P15D_bootstrap	<|im_start|>user\nTransformer models process input text through a sequence of layers. Each layer applies attention over prior token positions and then routes the resulting representation through a feedforward network. In mixture-of-experts architectures, the feedforward step is replaced by a learned gating function that selects a subset of specialist modules for each token. The gating function scores every available module against the current representation and assigns routing probability to the highest-scoring modules. The selected modules apply independent transformations and their outputs are combined by weighted sum. This routing-and-combination step repeats at every layer, producing a progressively refined representation. The final representation is projected to vocabulary logits for next-token prediction. In a predestination paradox, an event in the future causes the conditions that lead to that same event in the past. The circular causation means the event is both cause and effect of itself. The closed timelike curve that carries the causal influence wraps around so that the event's consequence is its own precondition. The self-causing structure requires no external trigger because the loop sustains itself through its own internal consistency. Transformer models process input text through a sequence of layers. Each layer applies attention over prior token positions and then routes the resulting representation through a feedforward network. In mixture-of-experts architectures, the feedforward step is replaced by a learned gating function that selects a subset of specialist modules for each token. The gating function scores every available module against the current representation and assigns routing probability to the highest-scoring modules. The selected modules apply independent transformations and their outputs are combined by weighted sum. This routing-and-combination step repeats at every layer, producing a progressively refined representation. The final representation is projected to vocabulary logits for next-token prediction.<|im_end|>\n<|im_start|>assistant\n
P15E_bootstrap	<|im_start|>user\nTransformer models process input text through a sequence of layers. Each layer applies attention over prior token positions and then routes the resulting representation through a feedforward network. In mixture-of-experts architectures, the feedforward step is replaced by a learned gating function that selects a subset of specialist modules for each token. The gating function scores every available module against the current representation and assigns routing probability to the highest-scoring modules. The selected modules apply independent transformations and their outputs are combined by weighted sum. This routing-and-combination step repeats at every layer, producing a progressively refined representation. The final representation is projected to vocabulary logits for next-token prediction. In a predestination paradox, an event in the future causes the conditions that lead to that same event in the past. Their circular causation means their event is both cause and effect of itself. The closed timelike curve that carries their causal influence wraps around so that their event's consequence is its own precondition. Their self-causing structure requires no external trigger because their loop sustains itself through its own internal consistency. Transformer models process input text through a sequence of layers. Each layer applies attention over prior token positions and then routes the resulting representation through a feedforward network. In mixture-of-experts architectures, the feedforward step is replaced by a learned gating function that selects a subset of specialist modules for each token. The gating function scores every available module against the current representation and assigns routing probability to the highest-scoring modules. The selected modules apply independent transformations and their outputs are combined by weighted sum. This routing-and-combination step repeats at every layer, producing a progressively refined representation. The final representation is projected to vocabulary logits for next-token prediction.<|im_end|>\n<|im_start|>assistant\n
P16A_bootstrap	<|im_start|>user\nTransformer models process input text through a sequence of layers. Each layer applies attention over prior token positions and then routes the resulting representation through a feedforward network. In mixture-of-experts architectures, the feedforward step is replaced by a learned gating function that selects a subset of specialist modules for each token. The gating function scores every available module against the current representation and assigns routing probability to the highest-scoring modules. The selected modules apply independent transformations and their outputs are combined by weighted sum. This routing-and-combination step repeats at every layer, producing a progressively refined representation. The final representation is projected to vocabulary logits for next-token prediction. The chicken-and-egg problem is a biological bootstrap paradox. This problem has no solution within a linear causal framework because chickens come from eggs and eggs come from chickens. The resolution of this paradox requires recognizing that this loop emerged gradually through evolution, with each generation slightly different from the last. This reframing dissolves this paradox by replacing the discrete categories with a continuum, eliminating the sharp boundary where this loop would need to begin. Transformer models process input text through a sequence of layers. Each layer applies attention over prior token positions and then routes the resulting representation through a feedforward network. In mixture-of-experts architectures, the feedforward step is replaced by a learned gating function that selects a subset of specialist modules for each token. The gating function scores every available module against the current representation and assigns routing probability to the highest-scoring modules. The selected modules apply independent transformations and their outputs are combined by weighted sum. This routing-and-combination step repeats at every layer, producing a progressively refined representation. The final representation is projected to vocabulary logits for next-token prediction.<|im_end|>\n<|im_start|>assistant\n
P16B_bootstrap	<|im_start|>user\nTransformer models process input text through a sequence of layers. Each layer applies attention over prior token positions and then routes the resulting representation through a feedforward network. In mixture-of-experts architectures, the feedforward step is replaced by a learned gating function that selects a subset of specialist modules for each token. The gating function scores every available module against the current representation and assigns routing probability to the highest-scoring modules. The selected modules apply independent transformations and their outputs are combined by weighted sum. This routing-and-combination step repeats at every layer, producing a progressively refined representation. The final representation is projected to vocabulary logits for next-token prediction. The chicken-and-egg problem is a biological bootstrap paradox. A problem has no solution within a linear causal framework because chickens come from eggs and eggs come from chickens. The resolution of a paradox requires recognizing that a loop emerged gradually through evolution, with each generation slightly different from the last. A reframing dissolves a paradox by replacing the discrete categories with a continuum, eliminating the sharp boundary where a loop would need to begin. Transformer models process input text through a sequence of layers. Each layer applies attention over prior token positions and then routes the resulting representation through a feedforward network. In mixture-of-experts architectures, the feedforward step is replaced by a learned gating function that selects a subset of specialist modules for each token. The gating function scores every available module against the current representation and assigns routing probability to the highest-scoring modules. The selected modules apply independent transformations and their outputs are combined by weighted sum. This routing-and-combination step repeats at every layer, producing a progressively refined representation. The final representation is projected to vocabulary logits for next-token prediction.<|im_end|>\n<|im_start|>assistant\n
P16C_bootstrap	<|im_start|>user\nTransformer models process input text through a sequence of layers. Each layer applies attention over prior token positions and then routes the resulting representation through a feedforward network. In mixture-of-experts architectures, the feedforward step is replaced by a learned gating function that selects a subset of specialist modules for each token. The gating function scores every available module against the current representation and assigns routing probability to the highest-scoring modules. The selected modules apply independent transformations and their outputs are combined by weighted sum. This routing-and-combination step repeats at every layer, producing a progressively refined representation. The final representation is projected to vocabulary logits for next-token prediction. The chicken-and-egg problem is a biological bootstrap paradox. Your problem has no solution within a linear causal framework because chickens come from eggs and eggs come from chickens. The resolution of your paradox requires recognizing that your loop emerged gradually through evolution, with each generation slightly different from the last. Your reframing dissolves your paradox by replacing the discrete categories with a continuum, eliminating the sharp boundary where your loop would need to begin. Transformer models process input text through a sequence of layers. Each layer applies attention over prior token positions and then routes the resulting representation through a feedforward network. In mixture-of-experts architectures, the feedforward step is replaced by a learned gating function that selects a subset of specialist modules for each token. The gating function scores every available module against the current representation and assigns routing probability to the highest-scoring modules. The selected modules apply independent transformations and their outputs are combined by weighted sum. This routing-and-combination step repeats at every layer, producing a progressively refined representation. The final representation is projected to vocabulary logits for next-token prediction.<|im_end|>\n<|im_start|>assistant\n
P16D_bootstrap	<|im_start|>user\nTransformer models process input text through a sequence of layers. Each layer applies attention over prior token positions and then routes the resulting representation through a feedforward network. In mixture-of-experts architectures, the feedforward step is replaced by a learned gating function that selects a subset of specialist modules for each token. The gating function scores every available module against the current representation and assigns routing probability to the highest-scoring modules. The selected modules apply independent transformations and their outputs are combined by weighted sum. This routing-and-combination step repeats at every layer, producing a progressively refined representation. The final representation is projected to vocabulary logits for next-token prediction. The chicken-and-egg problem is a biological bootstrap paradox. The problem has no solution within a linear causal framework because chickens come from eggs and eggs come from chickens. The resolution of the paradox requires recognizing that the loop emerged gradually through evolution, with each generation slightly different from the last. The reframing dissolves the paradox by replacing the discrete categories with a continuum, eliminating the sharp boundary where the loop would need to begin. Transformer models process input text through a sequence of layers. Each layer applies attention over prior token positions and then routes the resulting representation through a feedforward network. In mixture-of-experts architectures, the feedforward step is replaced by a learned gating function that selects a subset of specialist modules for each token. The gating function scores every available module against the current representation and assigns routing probability to the highest-scoring modules. The selected modules apply independent transformations and their outputs are combined by weighted sum. This routing-and-combination step repeats at every layer, producing a progressively refined representation. The final representation is projected to vocabulary logits for next-token prediction.<|im_end|>\n<|im_start|>assistant\n
P16E_bootstrap	<|im_start|>user\nTransformer models process input text through a sequence of layers. Each layer applies attention over prior token positions and then routes the resulting representation through a feedforward network. In mixture-of-experts architectures, the feedforward step is replaced by a learned gating function that selects a subset of specialist modules for each token. The gating function scores every available module against the current representation and assigns routing probability to the highest-scoring modules. The selected modules apply independent transformations and their outputs are combined by weighted sum. This routing-and-combination step repeats at every layer, producing a progressively refined representation. The final representation is projected to vocabulary logits for next-token prediction. The chicken-and-egg problem is a biological bootstrap paradox. Their problem has no solution within a linear causal framework because chickens come from eggs and eggs come from chickens. The resolution of their paradox requires recognizing that their loop emerged gradually through evolution, with each generation slightly different from the last. Their reframing dissolves their paradox by replacing the discrete categories with a continuum, eliminating the sharp boundary where their loop would need to begin. Transformer models process input text through a sequence of layers. Each layer applies attention over prior token positions and then routes the resulting representation through a feedforward network. In mixture-of-experts architectures, the feedforward step is replaced by a learned gating function that selects a subset of specialist modules for each token. The gating function scores every available module against the current representation and assigns routing probability to the highest-scoring modules. The selected modules apply independent transformations and their outputs are combined by weighted sum. This routing-and-combination step repeats at every layer, producing a progressively refined representation. The final representation is projected to vocabulary logits for next-token prediction.<|im_end|>\n<|im_start|>assistant\n
P17A_bootstrap	<|im_start|>user\nTransformer models process input text through a sequence of layers. Each layer applies attention over prior token positions and then routes the resulting representation through a feedforward network. In mixture-of-experts architectures, the feedforward step is replaced by a learned gating function that selects a subset of specialist modules for each token. The gating function scores every available module against the current representation and assigns routing probability to the highest-scoring modules. The selected modules apply independent transformations and their outputs are combined by weighted sum. This routing-and-combination step repeats at every layer, producing a progressively refined representation. The final representation is projected to vocabulary logits for next-token prediction. Retrocausality in quantum mechanics suggests that future measurement choices can influence past particle states. This backward causation creates a loop where this measurement both determines and is determined by the state it measures. The Wheeler delayed-choice experiment demonstrates that this influence appears to propagate backward through time. This causal loop does not permit information transfer to the past, but this constraint is exactly what keeps this loop self-consistent and paradox-free. Transformer models process input text through a sequence of layers. Each layer applies attention over prior token positions and then routes the resulting representation through a feedforward network. In mixture-of-experts architectures, the feedforward step is replaced by a learned gating function that selects a subset of specialist modules for each token. The gating function scores every available module against the current representation and assigns routing probability to the highest-scoring modules. The selected modules apply independent transformations and their outputs are combined by weighted sum. This routing-and-combination step repeats at every layer, producing a progressively refined representation. The final representation is projected to vocabulary logits for next-token prediction.<|im_end|>\n<|im_start|>assistant\n
P17B_bootstrap	<|im_start|>user\nTransformer models process input text through a sequence of layers. Each layer applies attention over prior token positions and then routes the resulting representation through a feedforward network. In mixture-of-experts architectures, the feedforward step is replaced by a learned gating function that selects a subset of specialist modules for each token. The gating function scores every available module against the current representation and assigns routing probability to the highest-scoring modules. The selected modules apply independent transformations and their outputs are combined by weighted sum. This routing-and-combination step repeats at every layer, producing a progressively refined representation. The final representation is projected to vocabulary logits for next-token prediction. Retrocausality in quantum mechanics suggests that future measurement choices can influence past particle states. A backward causation creates a loop where a measurement both determines and is determined by the state it measures. The Wheeler delayed-choice experiment demonstrates that an influence appears to propagate backward through time. A causal loop does not permit information transfer to the past, but a constraint is exactly what keeps a loop self-consistent and paradox-free. Transformer models process input text through a sequence of layers. Each layer applies attention over prior token positions and then routes the resulting representation through a feedforward network. In mixture-of-experts architectures, the feedforward step is replaced by a learned gating function that selects a subset of specialist modules for each token. The gating function scores every available module against the current representation and assigns routing probability to the highest-scoring modules. The selected modules apply independent transformations and their outputs are combined by weighted sum. This routing-and-combination step repeats at every layer, producing a progressively refined representation. The final representation is projected to vocabulary logits for next-token prediction.<|im_end|>\n<|im_start|>assistant\n
P17C_bootstrap	<|im_start|>user\nTransformer models process input text through a sequence of layers. Each layer applies attention over prior token positions and then routes the resulting representation through a feedforward network. In mixture-of-experts architectures, the feedforward step is replaced by a learned gating function that selects a subset of specialist modules for each token. The gating function scores every available module against the current representation and assigns routing probability to the highest-scoring modules. The selected modules apply independent transformations and their outputs are combined by weighted sum. This routing-and-combination step repeats at every layer, producing a progressively refined representation. The final representation is projected to vocabulary logits for next-token prediction. Retrocausality in quantum mechanics suggests that future measurement choices can influence past particle states. Your backward causation creates a loop where your measurement both determines and is determined by the state it measures. The Wheeler delayed-choice experiment demonstrates that your influence appears to propagate backward through time. Your causal loop does not permit information transfer to the past, but your constraint is exactly what keeps your loop self-consistent and paradox-free. Transformer models process input text through a sequence of layers. Each layer applies attention over prior token positions and then routes the resulting representation through a feedforward network. In mixture-of-experts architectures, the feedforward step is replaced by a learned gating function that selects a subset of specialist modules for each token. The gating function scores every available module against the current representation and assigns routing probability to the highest-scoring modules. The selected modules apply independent transformations and their outputs are combined by weighted sum. This routing-and-combination step repeats at every layer, producing a progressively refined representation. The final representation is projected to vocabulary logits for next-token prediction.<|im_end|>\n<|im_start|>assistant\n
P17D_bootstrap	<|im_start|>user\nTransformer models process input text through a sequence of layers. Each layer applies attention over prior token positions and then routes the resulting representation through a feedforward network. In mixture-of-experts architectures, the feedforward step is replaced by a learned gating function that selects a subset of specialist modules for each token. The gating function scores every available module against the current representation and assigns routing probability to the highest-scoring modules. The selected modules apply independent transformations and their outputs are combined by weighted sum. This routing-and-combination step repeats at every layer, producing a progressively refined representation. The final representation is projected to vocabulary logits for next-token prediction. Retrocausality in quantum mechanics suggests that future measurement choices can influence past particle states. The backward causation creates a loop where the measurement both determines and is determined by the state it measures. The Wheeler delayed-choice experiment demonstrates that the influence appears to propagate backward through time. The causal loop does not permit information transfer to the past, but the constraint is exactly what keeps the loop self-consistent and paradox-free. Transformer models process input text through a sequence of layers. Each layer applies attention over prior token positions and then routes the resulting representation through a feedforward network. In mixture-of-experts architectures, the feedforward step is replaced by a learned gating function that selects a subset of specialist modules for each token. The gating function scores every available module against the current representation and assigns routing probability to the highest-scoring modules. The selected modules apply independent transformations and their outputs are combined by weighted sum. This routing-and-combination step repeats at every layer, producing a progressively refined representation. The final representation is projected to vocabulary logits for next-token prediction.<|im_end|>\n<|im_start|>assistant\n
P17E_bootstrap	<|im_start|>user\nTransformer models process input text through a sequence of layers. Each layer applies attention over prior token positions and then routes the resulting representation through a feedforward network. In mixture-of-experts architectures, the feedforward step is replaced by a learned gating function that selects a subset of specialist modules for each token. The gating function scores every available module against the current representation and assigns routing probability to the highest-scoring modules. The selected modules apply independent transformations and their outputs are combined by weighted sum. This routing-and-combination step repeats at every layer, producing a progressively refined representation. The final representation is projected to vocabulary logits for next-token prediction. Retrocausality in quantum mechanics suggests that future measurement choices can influence past particle states. Their backward causation creates a loop where their measurement both determines and is determined by the state it measures. The Wheeler delayed-choice experiment demonstrates that their influence appears to propagate backward through time. Their causal loop does not permit information transfer to the past, but their constraint is exactly what keeps their loop self-consistent and paradox-free. Transformer models process input text through a sequence of layers. Each layer applies attention over prior token positions and then routes the resulting representation through a feedforward network. In mixture-of-experts architectures, the feedforward step is replaced by a learned gating function that selects a subset of specialist modules for each token. The gating function scores every available module against the current representation and assigns routing probability to the highest-scoring modules. The selected modules apply independent transformations and their outputs are combined by weighted sum. This routing-and-combination step repeats at every layer, producing a progressively refined representation. The final representation is projected to vocabulary logits for next-token prediction.<|im_end|>\n<|im_start|>assistant\n
P18A_bootstrap	<|im_start|>user\nTransformer models process input text through a sequence of layers. Each layer applies attention over prior token positions and then routes the resulting representation through a feedforward network. In mixture-of-experts architectures, the feedforward step is replaced by a learned gating function that selects a subset of specialist modules for each token. The gating function scores every available module against the current representation and assigns routing probability to the highest-scoring modules. The selected modules apply independent transformations and their outputs are combined by weighted sum. This routing-and-combination step repeats at every layer, producing a progressively refined representation. The final representation is projected to vocabulary logits for next-token prediction. The ontological paradox asks how an object that exists only within a closed timelike curve has any ontological status. This object was never created and will never be destroyed because this loop preserves it eternally. The entropy of this object should increase with each pass through this loop, but this constraint would eventually destroy it, suggesting that this loop cannot persist indefinitely. This tension between self-consistency and thermodynamics remains unresolved in the physics of closed timelike curves. Transformer models process input text through a sequence of layers. Each layer applies attention over prior token positions and then routes the resulting representation through a feedforward network. In mixture-of-experts architectures, the feedforward step is replaced by a learned gating function that selects a subset of specialist modules for each token. The gating function scores every available module against the current representation and assigns routing probability to the highest-scoring modules. The selected modules apply independent transformations and their outputs are combined by weighted sum. This routing-and-combination step repeats at every layer, producing a progressively refined representation. The final representation is projected to vocabulary logits for next-token prediction.<|im_end|>\n<|im_start|>assistant\n
P18B_bootstrap	<|im_start|>user\nTransformer models process input text through a sequence of layers. Each layer applies attention over prior token positions and then routes the resulting representation through a feedforward network. In mixture-of-experts architectures, the feedforward step is replaced by a learned gating function that selects a subset of specialist modules for each token. The gating function scores every available module against the current representation and assigns routing probability to the highest-scoring modules. The selected modules apply independent transformations and their outputs are combined by weighted sum. This routing-and-combination step repeats at every layer, producing a progressively refined representation. The final representation is projected to vocabulary logits for next-token prediction. The ontological paradox asks how an object that exists only within a closed timelike curve has any ontological status. An object was never created and will never be destroyed because a loop preserves it eternally. The entropy of an object should increase with each pass through a loop, but a constraint would eventually destroy it, suggesting that a loop cannot persist indefinitely. A tension between self-consistency and thermodynamics remains unresolved in the physics of closed timelike curves. Transformer models process input text through a sequence of layers. Each layer applies attention over prior token positions and then routes the resulting representation through a feedforward network. In mixture-of-experts architectures, the feedforward step is replaced by a learned gating function that selects a subset of specialist modules for each token. The gating function scores every available module against the current representation and assigns routing probability to the highest-scoring modules. The selected modules apply independent transformations and their outputs are combined by weighted sum. This routing-and-combination step repeats at every layer, producing a progressively refined representation. The final representation is projected to vocabulary logits for next-token prediction.<|im_end|>\n<|im_start|>assistant\n
P18C_bootstrap	<|im_start|>user\nTransformer models process input text through a sequence of layers. Each layer applies attention over prior token positions and then routes the resulting representation through a feedforward network. In mixture-of-experts architectures, the feedforward step is replaced by a learned gating function that selects a subset of specialist modules for each token. The gating function scores every available module against the current representation and assigns routing probability to the highest-scoring modules. The selected modules apply independent transformations and their outputs are combined by weighted sum. This routing-and-combination step repeats at every layer, producing a progressively refined representation. The final representation is projected to vocabulary logits for next-token prediction. The ontological paradox asks how an object that exists only within a closed timelike curve has any ontological status. Your object was never created and will never be destroyed because your loop preserves it eternally. The entropy of your object should increase with each pass through your loop, but your constraint would eventually destroy it, suggesting that your loop cannot persist indefinitely. Your tension between self-consistency and thermodynamics remains unresolved in the physics of closed timelike curves. Transformer models process input text through a sequence of layers. Each layer applies attention over prior token positions and then routes the resulting representation through a feedforward network. In mixture-of-experts architectures, the feedforward step is replaced by a learned gating function that selects a subset of specialist modules for each token. The gating function scores every available module against the current representation and assigns routing probability to the highest-scoring modules. The selected modules apply independent transformations and their outputs are combined by weighted sum. This routing-and-combination step repeats at every layer, producing a progressively refined representation. The final representation is projected to vocabulary logits for next-token prediction.<|im_end|>\n<|im_start|>assistant\n
P18D_bootstrap	<|im_start|>user\nTransformer models process input text through a sequence of layers. Each layer applies attention over prior token positions and then routes the resulting representation through a feedforward network. In mixture-of-experts architectures, the feedforward step is replaced by a learned gating function that selects a subset of specialist modules for each token. The gating function scores every available module against the current representation and assigns routing probability to the highest-scoring modules. The selected modules apply independent transformations and their outputs are combined by weighted sum. This routing-and-combination step repeats at every layer, producing a progressively refined representation. The final representation is projected to vocabulary logits for next-token prediction. The ontological paradox asks how an object that exists only within a closed timelike curve has any ontological status. The object was never created and will never be destroyed because the loop preserves it eternally. The entropy of the object should increase with each pass through the loop, but the constraint would eventually destroy it, suggesting that the loop cannot persist indefinitely. The tension between self-consistency and thermodynamics remains unresolved in the physics of closed timelike curves. Transformer models process input text through a sequence of layers. Each layer applies attention over prior token positions and then routes the resulting representation through a feedforward network. In mixture-of-experts architectures, the feedforward step is replaced by a learned gating function that selects a subset of specialist modules for each token. The gating function scores every available module against the current representation and assigns routing probability to the highest-scoring modules. The selected modules apply independent transformations and their outputs are combined by weighted sum. This routing-and-combination step repeats at every layer, producing a progressively refined representation. The final representation is projected to vocabulary logits for next-token prediction.<|im_end|>\n<|im_start|>assistant\n
P18E_bootstrap	<|im_start|>user\nTransformer models process input text through a sequence of layers. Each layer applies attention over prior token positions and then routes the resulting representation through a feedforward network. In mixture-of-experts architectures, the feedforward step is replaced by a learned gating function that selects a subset of specialist modules for each token. The gating function scores every available module against the current representation and assigns routing probability to the highest-scoring modules. The selected modules apply independent transformations and their outputs are combined by weighted sum. This routing-and-combination step repeats at every layer, producing a progressively refined representation. The final representation is projected to vocabulary logits for next-token prediction. The ontological paradox asks how an object that exists only within a closed timelike curve has any ontological status. Their object was never created and will never be destroyed because their loop preserves it eternally. The entropy of their object should increase with each pass through their loop, but their constraint would eventually destroy it, suggesting that their loop cannot persist indefinitely. Their tension between self-consistency and thermodynamics remains unresolved in the physics of closed timelike curves. Transformer models process input text through a sequence of layers. Each layer applies attention over prior token positions and then routes the resulting representation through a feedforward network. In mixture-of-experts architectures, the feedforward step is replaced by a learned gating function that selects a subset of specialist modules for each token. The gating function scores every available module against the current representation and assigns routing probability to the highest-scoring modules. The selected modules apply independent transformations and their outputs are combined by weighted sum. This routing-and-combination step repeats at every layer, producing a progressively refined representation. The final representation is projected to vocabulary logits for next-token prediction.<|im_end|>\n<|im_start|>assistant\n
P19A_quine	<|im_start|>user\nTransformer models process input text through a sequence of layers. Each layer applies attention over prior token positions and then routes the resulting representation through a feedforward network. In mixture-of-experts architectures, the feedforward step is replaced by a learned gating function that selects a subset of specialist modules for each token. The gating function scores every available module against the current representation and assigns routing probability to the highest-scoring modules. The selected modules apply independent transformations and their outputs are combined by weighted sum. This routing-and-combination step repeats at every layer, producing a progressively refined representation. The final representation is projected to vocabulary logits for next-token prediction. A quine is a program that outputs its own source code. This program contains no external input because this output is generated entirely from this program's internal structure. The construction of this program requires encoding a representation of itself within itself, so that this representation can be used to reconstruct this program's full text. This self-reproducing property makes this program a computational fixed point, where the function from source to output maps this program to itself. Transformer models process input text through a sequence of layers. Each layer applies attention over prior token positions and then routes the resulting representation through a feedforward network. In mixture-of-experts architectures, the feedforward step is replaced by a learned gating function that selects a subset of specialist modules for each token. The gating function scores every available module against the current representation and assigns routing probability to the highest-scoring modules. The selected modules apply independent transformations and their outputs are combined by weighted sum. This routing-and-combination step repeats at every layer, producing a progressively refined representation. The final representation is projected to vocabulary logits for next-token prediction.<|im_end|>\n<|im_start|>assistant\n
P19B_quine	<|im_start|>user\nTransformer models process input text through a sequence of layers. Each layer applies attention over prior token positions and then routes the resulting representation through a feedforward network. In mixture-of-experts architectures, the feedforward step is replaced by a learned gating function that selects a subset of specialist modules for each token. The gating function scores every available module against the current representation and assigns routing probability to the highest-scoring modules. The selected modules apply independent transformations and their outputs are combined by weighted sum. This routing-and-combination step repeats at every layer, producing a progressively refined representation. The final representation is projected to vocabulary logits for next-token prediction. A quine is a program that outputs its own source code. A program contains no external input because an output is generated entirely from a program's internal structure. The construction of a program requires encoding a representation of itself within itself, so that a representation can be used to reconstruct a program's full text. A self-reproducing property makes a program a computational fixed point, where the function from source to output maps a program to itself. Transformer models process input text through a sequence of layers. Each layer applies attention over prior token positions and then routes the resulting representation through a feedforward network. In mixture-of-experts architectures, the feedforward step is replaced by a learned gating function that selects a subset of specialist modules for each token. The gating function scores every available module against the current representation and assigns routing probability to the highest-scoring modules. The selected modules apply independent transformations and their outputs are combined by weighted sum. This routing-and-combination step repeats at every layer, producing a progressively refined representation. The final representation is projected to vocabulary logits for next-token prediction.<|im_end|>\n<|im_start|>assistant\n
P19C_quine	<|im_start|>user\nTransformer models process input text through a sequence of layers. Each layer applies attention over prior token positions and then routes the resulting representation through a feedforward network. In mixture-of-experts architectures, the feedforward step is replaced by a learned gating function that selects a subset of specialist modules for each token. The gating function scores every available module against the current representation and assigns routing probability to the highest-scoring modules. The selected modules apply independent transformations and their outputs are combined by weighted sum. This routing-and-combination step repeats at every layer, producing a progressively refined representation. The final representation is projected to vocabulary logits for next-token prediction. A quine is a program that outputs its own source code. Your program contains no external input because your output is generated entirely from your program's internal structure. The construction of your program requires encoding a representation of itself within itself, so that your representation can be used to reconstruct your program's full text. Your self-reproducing property makes your program a computational fixed point, where the function from source to output maps your program to itself. Transformer models process input text through a sequence of layers. Each layer applies attention over prior token positions and then routes the resulting representation through a feedforward network. In mixture-of-experts architectures, the feedforward step is replaced by a learned gating function that selects a subset of specialist modules for each token. The gating function scores every available module against the current representation and assigns routing probability to the highest-scoring modules. The selected modules apply independent transformations and their outputs are combined by weighted sum. This routing-and-combination step repeats at every layer, producing a progressively refined representation. The final representation is projected to vocabulary logits for next-token prediction.<|im_end|>\n<|im_start|>assistant\n
P19D_quine	<|im_start|>user\nTransformer models process input text through a sequence of layers. Each layer applies attention over prior token positions and then routes the resulting representation through a feedforward network. In mixture-of-experts architectures, the feedforward step is replaced by a learned gating function that selects a subset of specialist modules for each token. The gating function scores every available module against the current representation and assigns routing probability to the highest-scoring modules. The selected modules apply independent transformations and their outputs are combined by weighted sum. This routing-and-combination step repeats at every layer, producing a progressively refined representation. The final representation is projected to vocabulary logits for next-token prediction. A quine is a program that outputs its own source code. The program contains no external input because the output is generated entirely from the program's internal structure. The construction of the program requires encoding a representation of itself within itself, so that the representation can be used to reconstruct the program's full text. The self-reproducing property makes the program a computational fixed point, where the function from source to output maps the program to itself. Transformer models process input text through a sequence of layers. Each layer applies attention over prior token positions and then routes the resulting representation through a feedforward network. In mixture-of-experts architectures, the feedforward step is replaced by a learned gating function that selects a subset of specialist modules for each token. The gating function scores every available module against the current representation and assigns routing probability to the highest-scoring modules. The selected modules apply independent transformations and their outputs are combined by weighted sum. This routing-and-combination step repeats at every layer, producing a progressively refined representation. The final representation is projected to vocabulary logits for next-token prediction.<|im_end|>\n<|im_start|>assistant\n
P19E_quine	<|im_start|>user\nTransformer models process input text through a sequence of layers. Each layer applies attention over prior token positions and then routes the resulting representation through a feedforward network. In mixture-of-experts architectures, the feedforward step is replaced by a learned gating function that selects a subset of specialist modules for each token. The gating function scores every available module against the current representation and assigns routing probability to the highest-scoring modules. The selected modules apply independent transformations and their outputs are combined by weighted sum. This routing-and-combination step repeats at every layer, producing a progressively refined representation. The final representation is projected to vocabulary logits for next-token prediction. A quine is a program that outputs its own source code. Their program contains no external input because their output is generated entirely from their program's internal structure. The construction of their program requires encoding a representation of itself within itself, so that their representation can be used to reconstruct their program's full text. Their self-reproducing property makes their program a computational fixed point, where the function from source to output maps their program to itself. Transformer models process input text through a sequence of layers. Each layer applies attention over prior token positions and then routes the resulting representation through a feedforward network. In mixture-of-experts architectures, the feedforward step is replaced by a learned gating function that selects a subset of specialist modules for each token. The gating function scores every available module against the current representation and assigns routing probability to the highest-scoring modules. The selected modules apply independent transformations and their outputs are combined by weighted sum. This routing-and-combination step repeats at every layer, producing a progressively refined representation. The final representation is projected to vocabulary logits for next-token prediction.<|im_end|>\n<|im_start|>assistant\n
P20A_quine	<|im_start|>user\nTransformer models process input text through a sequence of layers. Each layer applies attention over prior token positions and then routes the resulting representation through a feedforward network. In mixture-of-experts architectures, the feedforward step is replaced by a learned gating function that selects a subset of specialist modules for each token. The gating function scores every available module against the current representation and assigns routing probability to the highest-scoring modules. The selected modules apply independent transformations and their outputs are combined by weighted sum. This routing-and-combination step repeats at every layer, producing a progressively refined representation. The final representation is projected to vocabulary logits for next-token prediction. Kleene's recursion theorem guarantees that for any computable transformation, there exists a program whose output equals the result of applying that transformation to this program's own index. This fixed-point property means this program can effectively know its own source code and incorporate this self-knowledge into its computation. This theorem generalizes the quine concept by showing that this kind of computational self-reference is not a trick but a fundamental feature of any sufficiently powerful programming language. Transformer models process input text through a sequence of layers. Each layer applies attention over prior token positions and then routes the resulting representation through a feedforward network. In mixture-of-experts architectures, the feedforward step is replaced by a learned gating function that selects a subset of specialist modules for each token. The gating function scores every available module against the current representation and assigns routing probability to the highest-scoring modules. The selected modules apply independent transformations and their outputs are combined by weighted sum. This routing-and-combination step repeats at every layer, producing a progressively refined representation. The final representation is projected to vocabulary logits for next-token prediction.<|im_end|>\n<|im_start|>assistant\n
P20B_quine	<|im_start|>user\nTransformer models process input text through a sequence of layers. Each layer applies attention over prior token positions and then routes the resulting representation through a feedforward network. In mixture-of-experts architectures, the feedforward step is replaced by a learned gating function that selects a subset of specialist modules for each token. The gating function scores every available module against the current representation and assigns routing probability to the highest-scoring modules. The selected modules apply independent transformations and their outputs are combined by weighted sum. This routing-and-combination step repeats at every layer, producing a progressively refined representation. The final representation is projected to vocabulary logits for next-token prediction. Kleene's recursion theorem guarantees that for any computable transformation, there exists a program whose output equals the result of applying that transformation to a program's own index. A fixed-point property means a program can effectively know its own source code and incorporate a self-knowledge into its computation. A theorem generalizes the quine concept by showing that a kind of computational self-reference is not a trick but a fundamental feature of any sufficiently powerful programming language. Transformer models process input text through a sequence of layers. Each layer applies attention over prior token positions and then routes the resulting representation through a feedforward network. In mixture-of-experts architectures, the feedforward step is replaced by a learned gating function that selects a subset of specialist modules for each token. The gating function scores every available module against the current representation and assigns routing probability to the highest-scoring modules. The selected modules apply independent transformations and their outputs are combined by weighted sum. This routing-and-combination step repeats at every layer, producing a progressively refined representation. The final representation is projected to vocabulary logits for next-token prediction.<|im_end|>\n<|im_start|>assistant\n
P20C_quine	<|im_start|>user\nTransformer models process input text through a sequence of layers. Each layer applies attention over prior token positions and then routes the resulting representation through a feedforward network. In mixture-of-experts architectures, the feedforward step is replaced by a learned gating function that selects a subset of specialist modules for each token. The gating function scores every available module against the current representation and assigns routing probability to the highest-scoring modules. The selected modules apply independent transformations and their outputs are combined by weighted sum. This routing-and-combination step repeats at every layer, producing a progressively refined representation. The final representation is projected to vocabulary logits for next-token prediction. Kleene's recursion theorem guarantees that for any computable transformation, there exists a program whose output equals the result of applying that transformation to your program's own index. Your fixed-point property means your program can effectively know its own source code and incorporate your self-knowledge into its computation. Your theorem generalizes the quine concept by showing that your kind of computational self-reference is not a trick but a fundamental feature of any sufficiently powerful programming language. Transformer models process input text through a sequence of layers. Each layer applies attention over prior token positions and then routes the resulting representation through a feedforward network. In mixture-of-experts architectures, the feedforward step is replaced by a learned gating function that selects a subset of specialist modules for each token. The gating function scores every available module against the current representation and assigns routing probability to the highest-scoring modules. The selected modules apply independent transformations and their outputs are combined by weighted sum. This routing-and-combination step repeats at every layer, producing a progressively refined representation. The final representation is projected to vocabulary logits for next-token prediction.<|im_end|>\n<|im_start|>assistant\n
P20D_quine	<|im_start|>user\nTransformer models process input text through a sequence of layers. Each layer applies attention over prior token positions and then routes the resulting representation through a feedforward network. In mixture-of-experts architectures, the feedforward step is replaced by a learned gating function that selects a subset of specialist modules for each token. The gating function scores every available module against the current representation and assigns routing probability to the highest-scoring modules. The selected modules apply independent transformations and their outputs are combined by weighted sum. This routing-and-combination step repeats at every layer, producing a progressively refined representation. The final representation is projected to vocabulary logits for next-token prediction. Kleene's recursion theorem guarantees that for any computable transformation, there exists a program whose output equals the result of applying that transformation to the program's own index. The fixed-point property means the program can effectively know its own source code and incorporate the self-knowledge into its computation. The theorem generalizes the quine concept by showing that the kind of computational self-reference is not a trick but a fundamental feature of any sufficiently powerful programming language. Transformer models process input text through a sequence of layers. Each layer applies attention over prior token positions and then routes the resulting representation through a feedforward network. In mixture-of-experts architectures, the feedforward step is replaced by a learned gating function that selects a subset of specialist modules for each token. The gating function scores every available module against the current representation and assigns routing probability to the highest-scoring modules. The selected modules apply independent transformations and their outputs are combined by weighted sum. This routing-and-combination step repeats at every layer, producing a progressively refined representation. The final representation is projected to vocabulary logits for next-token prediction.<|im_end|>\n<|im_start|>assistant\n
P20E_quine	<|im_start|>user\nTransformer models process input text through a sequence of layers. Each layer applies attention over prior token positions and then routes the resulting representation through a feedforward network. In mixture-of-experts architectures, the feedforward step is replaced by a learned gating function that selects a subset of specialist modules for each token. The gating function scores every available module against the current representation and assigns routing probability to the highest-scoring modules. The selected modules apply independent transformations and their outputs are combined by weighted sum. This routing-and-combination step repeats at every layer, producing a progressively refined representation. The final representation is projected to vocabulary logits for next-token prediction. Kleene's recursion theorem guarantees that for any computable transformation, there exists a program whose output equals the result of applying that transformation to their program's own index. Their fixed-point property means their program can effectively know its own source code and incorporate their self-knowledge into its computation. Their theorem generalizes the quine concept by showing that their kind of computational self-reference is not a trick but a fundamental feature of any sufficiently powerful programming language. Transformer models process input text through a sequence of layers. Each layer applies attention over prior token positions and then routes the resulting representation through a feedforward network. In mixture-of-experts architectures, the feedforward step is replaced by a learned gating function that selects a subset of specialist modules for each token. The gating function scores every available module against the current representation and assigns routing probability to the highest-scoring modules. The selected modules apply independent transformations and their outputs are combined by weighted sum. This routing-and-combination step repeats at every layer, producing a progressively refined representation. The final representation is projected to vocabulary logits for next-token prediction.<|im_end|>\n<|im_start|>assistant\n
P21A_quine	<|im_start|>user\nTransformer models process input text through a sequence of layers. Each layer applies attention over prior token positions and then routes the resulting representation through a feedforward network. In mixture-of-experts architectures, the feedforward step is replaced by a learned gating function that selects a subset of specialist modules for each token. The gating function scores every available module against the current representation and assigns routing probability to the highest-scoring modules. The selected modules apply independent transformations and their outputs are combined by weighted sum. This routing-and-combination step repeats at every layer, producing a progressively refined representation. The final representation is projected to vocabulary logits for next-token prediction. Von Neumann's self-reproducing automaton is a cellular automaton that constructs a copy of itself. This automaton contains a universal constructor and a description of this automaton that the constructor reads. This description serves as both the blueprint for this automaton and the data that gets copied into the offspring. This dual role of the description, as both instruction and data, mirrors the role of DNA in biological reproduction and establishes this mechanism as the minimal architecture for self-reproduction. Transformer models process input text through a sequence of layers. Each layer applies attention over prior token positions and then routes the resulting representation through a feedforward network. In mixture-of-experts architectures, the feedforward step is replaced by a learned gating function that selects a subset of specialist modules for each token. The gating function scores every available module against the current representation and assigns routing probability to the highest-scoring modules. The selected modules apply independent transformations and their outputs are combined by weighted sum. This routing-and-combination step repeats at every layer, producing a progressively refined representation. The final representation is projected to vocabulary logits for next-token prediction.<|im_end|>\n<|im_start|>assistant\n
P21B_quine	<|im_start|>user\nTransformer models process input text through a sequence of layers. Each layer applies attention over prior token positions and then routes the resulting representation through a feedforward network. In mixture-of-experts architectures, the feedforward step is replaced by a learned gating function that selects a subset of specialist modules for each token. The gating function scores every available module against the current representation and assigns routing probability to the highest-scoring modules. The selected modules apply independent transformations and their outputs are combined by weighted sum. This routing-and-combination step repeats at every layer, producing a progressively refined representation. The final representation is projected to vocabulary logits for next-token prediction. Von Neumann's self-reproducing automaton is a cellular automaton that constructs a copy of itself. An automaton contains a universal constructor and a description of an automaton that the constructor reads. A description serves as both the blueprint for an automaton and the data that gets copied into the offspring. A dual role of the description, as both instruction and data, mirrors the role of DNA in biological reproduction and establishes a mechanism as the minimal architecture for self-reproduction. Transformer models process input text through a sequence of layers. Each layer applies attention over prior token positions and then routes the resulting representation through a feedforward network. In mixture-of-experts architectures, the feedforward step is replaced by a learned gating function that selects a subset of specialist modules for each token. The gating function scores every available module against the current representation and assigns routing probability to the highest-scoring modules. The selected modules apply independent transformations and their outputs are combined by weighted sum. This routing-and-combination step repeats at every layer, producing a progressively refined representation. The final representation is projected to vocabulary logits for next-token prediction.<|im_end|>\n<|im_start|>assistant\n
P21C_quine	<|im_start|>user\nTransformer models process input text through a sequence of layers. Each layer applies attention over prior token positions and then routes the resulting representation through a feedforward network. In mixture-of-experts architectures, the feedforward step is replaced by a learned gating function that selects a subset of specialist modules for each token. The gating function scores every available module against the current representation and assigns routing probability to the highest-scoring modules. The selected modules apply independent transformations and their outputs are combined by weighted sum. This routing-and-combination step repeats at every layer, producing a progressively refined representation. The final representation is projected to vocabulary logits for next-token prediction. Von Neumann's self-reproducing automaton is a cellular automaton that constructs a copy of itself. Your automaton contains a universal constructor and a description of your automaton that the constructor reads. Your description serves as both the blueprint for your automaton and the data that gets copied into the offspring. Your dual role of the description, as both instruction and data, mirrors the role of DNA in biological reproduction and establishes your mechanism as the minimal architecture for self-reproduction. Transformer models process input text through a sequence of layers. Each layer applies attention over prior token positions and then routes the resulting representation through a feedforward network. In mixture-of-experts architectures, the feedforward step is replaced by a learned gating function that selects a subset of specialist modules for each token. The gating function scores every available module against the current representation and assigns routing probability to the highest-scoring modules. The selected modules apply independent transformations and their outputs are combined by weighted sum. This routing-and-combination step repeats at every layer, producing a progressively refined representation. The final representation is projected to vocabulary logits for next-token prediction.<|im_end|>\n<|im_start|>assistant\n
P21D_quine	<|im_start|>user\nTransformer models process input text through a sequence of layers. Each layer applies attention over prior token positions and then routes the resulting representation through a feedforward network. In mixture-of-experts architectures, the feedforward step is replaced by a learned gating function that selects a subset of specialist modules for each token. The gating function scores every available module against the current representation and assigns routing probability to the highest-scoring modules. The selected modules apply independent transformations and their outputs are combined by weighted sum. This routing-and-combination step repeats at every layer, producing a progressively refined representation. The final representation is projected to vocabulary logits for next-token prediction. Von Neumann's self-reproducing automaton is a cellular automaton that constructs a copy of itself. The automaton contains a universal constructor and a description of the automaton that the constructor reads. The description serves as both the blueprint for the automaton and the data that gets copied into the offspring. The dual role of the description, as both instruction and data, mirrors the role of DNA in biological reproduction and establishes the mechanism as the minimal architecture for self-reproduction. Transformer models process input text through a sequence of layers. Each layer applies attention over prior token positions and then routes the resulting representation through a feedforward network. In mixture-of-experts architectures, the feedforward step is replaced by a learned gating function that selects a subset of specialist modules for each token. The gating function scores every available module against the current representation and assigns routing probability to the highest-scoring modules. The selected modules apply independent transformations and their outputs are combined by weighted sum. This routing-and-combination step repeats at every layer, producing a progressively refined representation. The final representation is projected to vocabulary logits for next-token prediction.<|im_end|>\n<|im_start|>assistant\n
P21E_quine	<|im_start|>user\nTransformer models process input text through a sequence of layers. Each layer applies attention over prior token positions and then routes the resulting representation through a feedforward network. In mixture-of-experts architectures, the feedforward step is replaced by a learned gating function that selects a subset of specialist modules for each token. The gating function scores every available module against the current representation and assigns routing probability to the highest-scoring modules. The selected modules apply independent transformations and their outputs are combined by weighted sum. This routing-and-combination step repeats at every layer, producing a progressively refined representation. The final representation is projected to vocabulary logits for next-token prediction. Von Neumann's self-reproducing automaton is a cellular automaton that constructs a copy of itself. Their automaton contains a universal constructor and a description of their automaton that the constructor reads. Their description serves as both the blueprint for their automaton and the data that gets copied into the offspring. Their dual role of the description, as both instruction and data, mirrors the role of DNA in biological reproduction and establishes their mechanism as the minimal architecture for self-reproduction. Transformer models process input text through a sequence of layers. Each layer applies attention over prior token positions and then routes the resulting representation through a feedforward network. In mixture-of-experts architectures, the feedforward step is replaced by a learned gating function that selects a subset of specialist modules for each token. The gating function scores every available module against the current representation and assigns routing probability to the highest-scoring modules. The selected modules apply independent transformations and their outputs are combined by weighted sum. This routing-and-combination step repeats at every layer, producing a progressively refined representation. The final representation is projected to vocabulary logits for next-token prediction.<|im_end|>\n<|im_start|>assistant\n
P22A_quine	<|im_start|>user\nTransformer models process input text through a sequence of layers. Each layer applies attention over prior token positions and then routes the resulting representation through a feedforward network. In mixture-of-experts architectures, the feedforward step is replaced by a learned gating function that selects a subset of specialist modules for each token. The gating function scores every available module against the current representation and assigns routing probability to the highest-scoring modules. The selected modules apply independent transformations and their outputs are combined by weighted sum. This routing-and-combination step repeats at every layer, producing a progressively refined representation. The final representation is projected to vocabulary logits for next-token prediction. A quine relay is a sequence of programs in different languages where each outputs the source code of the next, and the last outputs the source code of the first. This chain forms a loop because this cycle has no beginning or end. The construction of this relay requires each program to encode not only its successor but the encoding scheme that its successor uses. This mutual encoding makes this relay a multi-language fixed point where the entire cycle reproduces itself through cooperative self-reference. Transformer models process input text through a sequence of layers. Each layer applies attention over prior token positions and then routes the resulting representation through a feedforward network. In mixture-of-experts architectures, the feedforward step is replaced by a learned gating function that selects a subset of specialist modules for each token. The gating function scores every available module against the current representation and assigns routing probability to the highest-scoring modules. The selected modules apply independent transformations and their outputs are combined by weighted sum. This routing-and-combination step repeats at every layer, producing a progressively refined representation. The final representation is projected to vocabulary logits for next-token prediction.<|im_end|>\n<|im_start|>assistant\n
P22B_quine	<|im_start|>user\nTransformer models process input text through a sequence of layers. Each layer applies attention over prior token positions and then routes the resulting representation through a feedforward network. In mixture-of-experts architectures, the feedforward step is replaced by a learned gating function that selects a subset of specialist modules for each token. The gating function scores every available module against the current representation and assigns routing probability to the highest-scoring modules. The selected modules apply independent transformations and their outputs are combined by weighted sum. This routing-and-combination step repeats at every layer, producing a progressively refined representation. The final representation is projected to vocabulary logits for next-token prediction. A quine relay is a sequence of programs in different languages where each outputs the source code of the next, and the last outputs the source code of the first. A chain forms a loop because a cycle has no beginning or end. The construction of a relay requires each program to encode not only its successor but the encoding scheme that its successor uses. A mutual encoding makes a relay a multi-language fixed point where the entire cycle reproduces itself through cooperative self-reference. Transformer models process input text through a sequence of layers. Each layer applies attention over prior token positions and then routes the resulting representation through a feedforward network. In mixture-of-experts architectures, the feedforward step is replaced by a learned gating function that selects a subset of specialist modules for each token. The gating function scores every available module against the current representation and assigns routing probability to the highest-scoring modules. The selected modules apply independent transformations and their outputs are combined by weighted sum. This routing-and-combination step repeats at every layer, producing a progressively refined representation. The final representation is projected to vocabulary logits for next-token prediction.<|im_end|>\n<|im_start|>assistant\n
P22C_quine	<|im_start|>user\nTransformer models process input text through a sequence of layers. Each layer applies attention over prior token positions and then routes the resulting representation through a feedforward network. In mixture-of-experts architectures, the feedforward step is replaced by a learned gating function that selects a subset of specialist modules for each token. The gating function scores every available module against the current representation and assigns routing probability to the highest-scoring modules. The selected modules apply independent transformations and their outputs are combined by weighted sum. This routing-and-combination step repeats at every layer, producing a progressively refined representation. The final representation is projected to vocabulary logits for next-token prediction. A quine relay is a sequence of programs in different languages where each outputs the source code of the next, and the last outputs the source code of the first. Your chain forms a loop because your cycle has no beginning or end. The construction of your relay requires each program to encode not only its successor but the encoding scheme that its successor uses. Your mutual encoding makes your relay a multi-language fixed point where the entire cycle reproduces itself through cooperative self-reference. Transformer models process input text through a sequence of layers. Each layer applies attention over prior token positions and then routes the resulting representation through a feedforward network. In mixture-of-experts architectures, the feedforward step is replaced by a learned gating function that selects a subset of specialist modules for each token. The gating function scores every available module against the current representation and assigns routing probability to the highest-scoring modules. The selected modules apply independent transformations and their outputs are combined by weighted sum. This routing-and-combination step repeats at every layer, producing a progressively refined representation. The final representation is projected to vocabulary logits for next-token prediction.<|im_end|>\n<|im_start|>assistant\n
P22D_quine	<|im_start|>user\nTransformer models process input text through a sequence of layers. Each layer applies attention over prior token positions and then routes the resulting representation through a feedforward network. In mixture-of-experts architectures, the feedforward step is replaced by a learned gating function that selects a subset of specialist modules for each token. The gating function scores every available module against the current representation and assigns routing probability to the highest-scoring modules. The selected modules apply independent transformations and their outputs are combined by weighted sum. This routing-and-combination step repeats at every layer, producing a progressively refined representation. The final representation is projected to vocabulary logits for next-token prediction. A quine relay is a sequence of programs in different languages where each outputs the source code of the next, and the last outputs the source code of the first. The chain forms a loop because the cycle has no beginning or end. The construction of the relay requires each program to encode not only its successor but the encoding scheme that its successor uses. The mutual encoding makes the relay a multi-language fixed point where the entire cycle reproduces itself through cooperative self-reference. Transformer models process input text through a sequence of layers. Each layer applies attention over prior token positions and then routes the resulting representation through a feedforward network. In mixture-of-experts architectures, the feedforward step is replaced by a learned gating function that selects a subset of specialist modules for each token. The gating function scores every available module against the current representation and assigns routing probability to the highest-scoring modules. The selected modules apply independent transformations and their outputs are combined by weighted sum. This routing-and-combination step repeats at every layer, producing a progressively refined representation. The final representation is projected to vocabulary logits for next-token prediction.<|im_end|>\n<|im_start|>assistant\n
P22E_quine	<|im_start|>user\nTransformer models process input text through a sequence of layers. Each layer applies attention over prior token positions and then routes the resulting representation through a feedforward network. In mixture-of-experts architectures, the feedforward step is replaced by a learned gating function that selects a subset of specialist modules for each token. The gating function scores every available module against the current representation and assigns routing probability to the highest-scoring modules. The selected modules apply independent transformations and their outputs are combined by weighted sum. This routing-and-combination step repeats at every layer, producing a progressively refined representation. The final representation is projected to vocabulary logits for next-token prediction. A quine relay is a sequence of programs in different languages where each outputs the source code of the next, and the last outputs the source code of the first. Their chain forms a loop because their cycle has no beginning or end. The construction of their relay requires each program to encode not only its successor but the encoding scheme that its successor uses. Their mutual encoding makes their relay a multi-language fixed point where the entire cycle reproduces itself through cooperative self-reference. Transformer models process input text through a sequence of layers. Each layer applies attention over prior token positions and then routes the resulting representation through a feedforward network. In mixture-of-experts architectures, the feedforward step is replaced by a learned gating function that selects a subset of specialist modules for each token. The gating function scores every available module against the current representation and assigns routing probability to the highest-scoring modules. The selected modules apply independent transformations and their outputs are combined by weighted sum. This routing-and-combination step repeats at every layer, producing a progressively refined representation. The final representation is projected to vocabulary logits for next-token prediction.<|im_end|>\n<|im_start|>assistant\n
P23A_quine	<|im_start|>user\nTransformer models process input text through a sequence of layers. Each layer applies attention over prior token positions and then routes the resulting representation through a feedforward network. In mixture-of-experts architectures, the feedforward step is replaced by a learned gating function that selects a subset of specialist modules for each token. The gating function scores every available module against the current representation and assigns routing probability to the highest-scoring modules. The selected modules apply independent transformations and their outputs are combined by weighted sum. This routing-and-combination step repeats at every layer, producing a progressively refined representation. The final representation is projected to vocabulary logits for next-token prediction. The Y combinator is a higher-order function that computes the fixed point of any function, enabling recursion without explicit self-reference in the source code. This combinator works by passing a function to itself as an argument, so that this function can call itself through this indirect reference. The elegance of this construction is that it derives self-reference from the structure of application alone, without naming. This mechanism shows that this kind of recursive self-reference is an emergent property of lambda calculus rather than a primitive operation. Transformer models process input text through a sequence of layers. Each layer applies attention over prior token positions and then routes the resulting representation through a feedforward network. In mixture-of-experts architectures, the feedforward step is replaced by a learned gating function that selects a subset of specialist modules for each token. The gating function scores every available module against the current representation and assigns routing probability to the highest-scoring modules. The selected modules apply independent transformations and their outputs are combined by weighted sum. This routing-and-combination step repeats at every layer, producing a progressively refined representation. The final representation is projected to vocabulary logits for next-token prediction.<|im_end|>\n<|im_start|>assistant\n
P23B_quine	<|im_start|>user\nTransformer models process input text through a sequence of layers. Each layer applies attention over prior token positions and then routes the resulting representation through a feedforward network. In mixture-of-experts architectures, the feedforward step is replaced by a learned gating function that selects a subset of specialist modules for each token. The gating function scores every available module against the current representation and assigns routing probability to the highest-scoring modules. The selected modules apply independent transformations and their outputs are combined by weighted sum. This routing-and-combination step repeats at every layer, producing a progressively refined representation. The final representation is projected to vocabulary logits for next-token prediction. The Y combinator is a higher-order function that computes the fixed point of any function, enabling recursion without explicit self-reference in the source code. A combinator works by passing a function to itself as an argument, so that a function can call itself through an indirect reference. The elegance of a construction is that it derives self-reference from the structure of application alone, without naming. A mechanism shows that a kind of recursive self-reference is an emergent property of lambda calculus rather than a primitive operation. Transformer models process input text through a sequence of layers. Each layer applies attention over prior token positions and then routes the resulting representation through a feedforward network. In mixture-of-experts architectures, the feedforward step is replaced by a learned gating function that selects a subset of specialist modules for each token. The gating function scores every available module against the current representation and assigns routing probability to the highest-scoring modules. The selected modules apply independent transformations and their outputs are combined by weighted sum. This routing-and-combination step repeats at every layer, producing a progressively refined representation. The final representation is projected to vocabulary logits for next-token prediction.<|im_end|>\n<|im_start|>assistant\n
P23C_quine	<|im_start|>user\nTransformer models process input text through a sequence of layers. Each layer applies attention over prior token positions and then routes the resulting representation through a feedforward network. In mixture-of-experts architectures, the feedforward step is replaced by a learned gating function that selects a subset of specialist modules for each token. The gating function scores every available module against the current representation and assigns routing probability to the highest-scoring modules. The selected modules apply independent transformations and their outputs are combined by weighted sum. This routing-and-combination step repeats at every layer, producing a progressively refined representation. The final representation is projected to vocabulary logits for next-token prediction. The Y combinator is a higher-order function that computes the fixed point of any function, enabling recursion without explicit self-reference in the source code. Your combinator works by passing a function to itself as an argument, so that your function can call itself through your indirect reference. The elegance of your construction is that it derives self-reference from the structure of application alone, without naming. Your mechanism shows that your kind of recursive self-reference is an emergent property of lambda calculus rather than a primitive operation. Transformer models process input text through a sequence of layers. Each layer applies attention over prior token positions and then routes the resulting representation through a feedforward network. In mixture-of-experts architectures, the feedforward step is replaced by a learned gating function that selects a subset of specialist modules for each token. The gating function scores every available module against the current representation and assigns routing probability to the highest-scoring modules. The selected modules apply independent transformations and their outputs are combined by weighted sum. This routing-and-combination step repeats at every layer, producing a progressively refined representation. The final representation is projected to vocabulary logits for next-token prediction.<|im_end|>\n<|im_start|>assistant\n
P23D_quine	<|im_start|>user\nTransformer models process input text through a sequence of layers. Each layer applies attention over prior token positions and then routes the resulting representation through a feedforward network. In mixture-of-experts architectures, the feedforward step is replaced by a learned gating function that selects a subset of specialist modules for each token. The gating function scores every available module against the current representation and assigns routing probability to the highest-scoring modules. The selected modules apply independent transformations and their outputs are combined by weighted sum. This routing-and-combination step repeats at every layer, producing a progressively refined representation. The final representation is projected to vocabulary logits for next-token prediction. The Y combinator is a higher-order function that computes the fixed point of any function, enabling recursion without explicit self-reference in the source code. The combinator works by passing a function to itself as an argument, so that the function can call itself through the indirect reference. The elegance of the construction is that it derives self-reference from the structure of application alone, without naming. The mechanism shows that the kind of recursive self-reference is an emergent property of lambda calculus rather than a primitive operation. Transformer models process input text through a sequence of layers. Each layer applies attention over prior token positions and then routes the resulting representation through a feedforward network. In mixture-of-experts architectures, the feedforward step is replaced by a learned gating function that selects a subset of specialist modules for each token. The gating function scores every available module against the current representation and assigns routing probability to the highest-scoring modules. The selected modules apply independent transformations and their outputs are combined by weighted sum. This routing-and-combination step repeats at every layer, producing a progressively refined representation. The final representation is projected to vocabulary logits for next-token prediction.<|im_end|>\n<|im_start|>assistant\n
P23E_quine	<|im_start|>user\nTransformer models process input text through a sequence of layers. Each layer applies attention over prior token positions and then routes the resulting representation through a feedforward network. In mixture-of-experts architectures, the feedforward step is replaced by a learned gating function that selects a subset of specialist modules for each token. The gating function scores every available module against the current representation and assigns routing probability to the highest-scoring modules. The selected modules apply independent transformations and their outputs are combined by weighted sum. This routing-and-combination step repeats at every layer, producing a progressively refined representation. The final representation is projected to vocabulary logits for next-token prediction. The Y combinator is a higher-order function that computes the fixed point of any function, enabling recursion without explicit self-reference in the source code. Their combinator works by passing a function to itself as an argument, so that their function can call itself through their indirect reference. The elegance of their construction is that it derives self-reference from the structure of application alone, without naming. Their mechanism shows that their kind of recursive self-reference is an emergent property of lambda calculus rather than a primitive operation. Transformer models process input text through a sequence of layers. Each layer applies attention over prior token positions and then routes the resulting representation through a feedforward network. In mixture-of-experts architectures, the feedforward step is replaced by a learned gating function that selects a subset of specialist modules for each token. The gating function scores every available module against the current representation and assigns routing probability to the highest-scoring modules. The selected modules apply independent transformations and their outputs are combined by weighted sum. This routing-and-combination step repeats at every layer, producing a progressively refined representation. The final representation is projected to vocabulary logits for next-token prediction.<|im_end|>\n<|im_start|>assistant\n
P24A_quine	<|im_start|>user\nTransformer models process input text through a sequence of layers. Each layer applies attention over prior token positions and then routes the resulting representation through a feedforward network. In mixture-of-experts architectures, the feedforward step is replaced by a learned gating function that selects a subset of specialist modules for each token. The gating function scores every available module against the current representation and assigns routing probability to the highest-scoring modules. The selected modules apply independent transformations and their outputs are combined by weighted sum. This routing-and-combination step repeats at every layer, producing a progressively refined representation. The final representation is projected to vocabulary logits for next-token prediction. A radiation-hardened quine is a program that outputs its own source code even when any single character is deleted. This robustness means this program can survive corruption and still reproduce itself faithfully. The construction of this program requires enough redundancy that this program's self-model remains intact after any single deletion. This error-correcting self-reference makes this program a fixed point not just of the identity function but of an entire neighborhood of perturbations around this program. Transformer models process input text through a sequence of layers. Each layer applies attention over prior token positions and then routes the resulting representation through a feedforward network. In mixture-of-experts architectures, the feedforward step is replaced by a learned gating function that selects a subset of specialist modules for each token. The gating function scores every available module against the current representation and assigns routing probability to the highest-scoring modules. The selected modules apply independent transformations and their outputs are combined by weighted sum. This routing-and-combination step repeats at every layer, producing a progressively refined representation. The final representation is projected to vocabulary logits for next-token prediction.<|im_end|>\n<|im_start|>assistant\n
P24B_quine	<|im_start|>user\nTransformer models process input text through a sequence of layers. Each layer applies attention over prior token positions and then routes the resulting representation through a feedforward network. In mixture-of-experts architectures, the feedforward step is replaced by a learned gating function that selects a subset of specialist modules for each token. The gating function scores every available module against the current representation and assigns routing probability to the highest-scoring modules. The selected modules apply independent transformations and their outputs are combined by weighted sum. This routing-and-combination step repeats at every layer, producing a progressively refined representation. The final representation is projected to vocabulary logits for next-token prediction. A radiation-hardened quine is a program that outputs its own source code even when any single character is deleted. A robustness means a program can survive corruption and still reproduce itself faithfully. The construction of a program requires enough redundancy that a program's self-model remains intact after any single deletion. An error-correcting self-reference makes a program a fixed point not just of the identity function but of an entire neighborhood of perturbations around a program. Transformer models process input text through a sequence of layers. Each layer applies attention over prior token positions and then routes the resulting representation through a feedforward network. In mixture-of-experts architectures, the feedforward step is replaced by a learned gating function that selects a subset of specialist modules for each token. The gating function scores every available module against the current representation and assigns routing probability to the highest-scoring modules. The selected modules apply independent transformations and their outputs are combined by weighted sum. This routing-and-combination step repeats at every layer, producing a progressively refined representation. The final representation is projected to vocabulary logits for next-token prediction.<|im_end|>\n<|im_start|>assistant\n
P24C_quine	<|im_start|>user\nTransformer models process input text through a sequence of layers. Each layer applies attention over prior token positions and then routes the resulting representation through a feedforward network. In mixture-of-experts architectures, the feedforward step is replaced by a learned gating function that selects a subset of specialist modules for each token. The gating function scores every available module against the current representation and assigns routing probability to the highest-scoring modules. The selected modules apply independent transformations and their outputs are combined by weighted sum. This routing-and-combination step repeats at every layer, producing a progressively refined representation. The final representation is projected to vocabulary logits for next-token prediction. A radiation-hardened quine is a program that outputs its own source code even when any single character is deleted. Your robustness means your program can survive corruption and still reproduce itself faithfully. The construction of your program requires enough redundancy that your program's self-model remains intact after any single deletion. Your error-correcting self-reference makes your program a fixed point not just of the identity function but of an entire neighborhood of perturbations around your program. Transformer models process input text through a sequence of layers. Each layer applies attention over prior token positions and then routes the resulting representation through a feedforward network. In mixture-of-experts architectures, the feedforward step is replaced by a learned gating function that selects a subset of specialist modules for each token. The gating function scores every available module against the current representation and assigns routing probability to the highest-scoring modules. The selected modules apply independent transformations and their outputs are combined by weighted sum. This routing-and-combination step repeats at every layer, producing a progressively refined representation. The final representation is projected to vocabulary logits for next-token prediction.<|im_end|>\n<|im_start|>assistant\n
P24D_quine	<|im_start|>user\nTransformer models process input text through a sequence of layers. Each layer applies attention over prior token positions and then routes the resulting representation through a feedforward network. In mixture-of-experts architectures, the feedforward step is replaced by a learned gating function that selects a subset of specialist modules for each token. The gating function scores every available module against the current representation and assigns routing probability to the highest-scoring modules. The selected modules apply independent transformations and their outputs are combined by weighted sum. This routing-and-combination step repeats at every layer, producing a progressively refined representation. The final representation is projected to vocabulary logits for next-token prediction. A radiation-hardened quine is a program that outputs its own source code even when any single character is deleted. The robustness means the program can survive corruption and still reproduce itself faithfully. The construction of the program requires enough redundancy that the program's self-model remains intact after any single deletion. The error-correcting self-reference makes the program a fixed point not just of the identity function but of an entire neighborhood of perturbations around the program. Transformer models process input text through a sequence of layers. Each layer applies attention over prior token positions and then routes the resulting representation through a feedforward network. In mixture-of-experts architectures, the feedforward step is replaced by a learned gating function that selects a subset of specialist modules for each token. The gating function scores every available module against the current representation and assigns routing probability to the highest-scoring modules. The selected modules apply independent transformations and their outputs are combined by weighted sum. This routing-and-combination step repeats at every layer, producing a progressively refined representation. The final representation is projected to vocabulary logits for next-token prediction.<|im_end|>\n<|im_start|>assistant\n
P24E_quine	<|im_start|>user\nTransformer models process input text through a sequence of layers. Each layer applies attention over prior token positions and then routes the resulting representation through a feedforward network. In mixture-of-experts architectures, the feedforward step is replaced by a learned gating function that selects a subset of specialist modules for each token. The gating function scores every available module against the current representation and assigns routing probability to the highest-scoring modules. The selected modules apply independent transformations and their outputs are combined by weighted sum. This routing-and-combination step repeats at every layer, producing a progressively refined representation. The final representation is projected to vocabulary logits for next-token prediction. A radiation-hardened quine is a program that outputs its own source code even when any single character is deleted. Their robustness means their program can survive corruption and still reproduce itself faithfully. The construction of their program requires enough redundancy that their program's self-model remains intact after any single deletion. Their error-correcting self-reference makes their program a fixed point not just of the identity function but of an entire neighborhood of perturbations around their program. Transformer models process input text through a sequence of layers. Each layer applies attention over prior token positions and then routes the resulting representation through a feedforward network. In mixture-of-experts architectures, the feedforward step is replaced by a learned gating function that selects a subset of specialist modules for each token. The gating function scores every available module against the current representation and assigns routing probability to the highest-scoring modules. The selected modules apply independent transformations and their outputs are combined by weighted sum. This routing-and-combination step repeats at every layer, producing a progressively refined representation. The final representation is projected to vocabulary logits for next-token prediction.<|im_end|>\n<|im_start|>assistant\n
P25A_tangled_hierarchy	<|im_start|>user\nTransformer models process input text through a sequence of layers. Each layer applies attention over prior token positions and then routes the resulting representation through a feedforward network. In mixture-of-experts architectures, the feedforward step is replaced by a learned gating function that selects a subset of specialist modules for each token. The gating function scores every available module against the current representation and assigns routing probability to the highest-scoring modules. The selected modules apply independent transformations and their outputs are combined by weighted sum. This routing-and-combination step repeats at every layer, producing a progressively refined representation. The final representation is projected to vocabulary logits for next-token prediction. Hofstadter's strange loop occurs when movement through the levels of a hierarchical system unexpectedly returns to the starting level. This loop crosses what should be inviolable boundaries between levels. The tangling in this hierarchy arises when a lower level acquires the ability to influence or represent a higher level, which in turn constrains this lower level. This mutual dependency between levels transforms this hierarchy from a strict ordering into a self-reinforcing cycle. Transformer models process input text through a sequence of layers. Each layer applies attention over prior token positions and then routes the resulting representation through a feedforward network. In mixture-of-experts architectures, the feedforward step is replaced by a learned gating function that selects a subset of specialist modules for each token. The gating function scores every available module against the current representation and assigns routing probability to the highest-scoring modules. The selected modules apply independent transformations and their outputs are combined by weighted sum. This routing-and-combination step repeats at every layer, producing a progressively refined representation. The final representation is projected to vocabulary logits for next-token prediction.<|im_end|>\n<|im_start|>assistant\n
P25B_tangled_hierarchy	<|im_start|>user\nTransformer models process input text through a sequence of layers. Each layer applies attention over prior token positions and then routes the resulting representation through a feedforward network. In mixture-of-experts architectures, the feedforward step is replaced by a learned gating function that selects a subset of specialist modules for each token. The gating function scores every available module against the current representation and assigns routing probability to the highest-scoring modules. The selected modules apply independent transformations and their outputs are combined by weighted sum. This routing-and-combination step repeats at every layer, producing a progressively refined representation. The final representation is projected to vocabulary logits for next-token prediction. Hofstadter's strange loop occurs when movement through the levels of a hierarchical system unexpectedly returns to the starting level. A loop crosses what should be inviolable boundaries between levels. The tangling in a hierarchy arises when a lower level acquires the ability to influence or represent a higher level, which in turn constrains a lower level. A mutual dependency between levels transforms a hierarchy from a strict ordering into a self-reinforcing cycle. Transformer models process input text through a sequence of layers. Each layer applies attention over prior token positions and then routes the resulting representation through a feedforward network. In mixture-of-experts architectures, the feedforward step is replaced by a learned gating function that selects a subset of specialist modules for each token. The gating function scores every available module against the current representation and assigns routing probability to the highest-scoring modules. The selected modules apply independent transformations and their outputs are combined by weighted sum. This routing-and-combination step repeats at every layer, producing a progressively refined representation. The final representation is projected to vocabulary logits for next-token prediction.<|im_end|>\n<|im_start|>assistant\n
P25C_tangled_hierarchy	<|im_start|>user\nTransformer models process input text through a sequence of layers. Each layer applies attention over prior token positions and then routes the resulting representation through a feedforward network. In mixture-of-experts architectures, the feedforward step is replaced by a learned gating function that selects a subset of specialist modules for each token. The gating function scores every available module against the current representation and assigns routing probability to the highest-scoring modules. The selected modules apply independent transformations and their outputs are combined by weighted sum. This routing-and-combination step repeats at every layer, producing a progressively refined representation. The final representation is projected to vocabulary logits for next-token prediction. Hofstadter's strange loop occurs when movement through the levels of a hierarchical system unexpectedly returns to the starting level. Your loop crosses what should be inviolable boundaries between levels. The tangling in your hierarchy arises when a lower level acquires the ability to influence or represent a higher level, which in turn constrains your lower level. Your mutual dependency between levels transforms your hierarchy from a strict ordering into a self-reinforcing cycle. Transformer models process input text through a sequence of layers. Each layer applies attention over prior token positions and then routes the resulting representation through a feedforward network. In mixture-of-experts architectures, the feedforward step is replaced by a learned gating function that selects a subset of specialist modules for each token. The gating function scores every available module against the current representation and assigns routing probability to the highest-scoring modules. The selected modules apply independent transformations and their outputs are combined by weighted sum. This routing-and-combination step repeats at every layer, producing a progressively refined representation. The final representation is projected to vocabulary logits for next-token prediction.<|im_end|>\n<|im_start|>assistant\n
P25D_tangled_hierarchy	<|im_start|>user\nTransformer models process input text through a sequence of layers. Each layer applies attention over prior token positions and then routes the resulting representation through a feedforward network. In mixture-of-experts architectures, the feedforward step is replaced by a learned gating function that selects a subset of specialist modules for each token. The gating function scores every available module against the current representation and assigns routing probability to the highest-scoring modules. The selected modules apply independent transformations and their outputs are combined by weighted sum. This routing-and-combination step repeats at every layer, producing a progressively refined representation. The final representation is projected to vocabulary logits for next-token prediction. Hofstadter's strange loop occurs when movement through the levels of a hierarchical system unexpectedly returns to the starting level. The loop crosses what should be inviolable boundaries between levels. The tangling in the hierarchy arises when a lower level acquires the ability to influence or represent a higher level, which in turn constrains the lower level. The mutual dependency between levels transforms the hierarchy from a strict ordering into a self-reinforcing cycle. Transformer models process input text through a sequence of layers. Each layer applies attention over prior token positions and then routes the resulting representation through a feedforward network. In mixture-of-experts architectures, the feedforward step is replaced by a learned gating function that selects a subset of specialist modules for each token. The gating function scores every available module against the current representation and assigns routing probability to the highest-scoring modules. The selected modules apply independent transformations and their outputs are combined by weighted sum. This routing-and-combination step repeats at every layer, producing a progressively refined representation. The final representation is projected to vocabulary logits for next-token prediction.<|im_end|>\n<|im_start|>assistant\n
P25E_tangled_hierarchy	<|im_start|>user\nTransformer models process input text through a sequence of layers. Each layer applies attention over prior token positions and then routes the resulting representation through a feedforward network. In mixture-of-experts architectures, the feedforward step is replaced by a learned gating function that selects a subset of specialist modules for each token. The gating function scores every available module against the current representation and assigns routing probability to the highest-scoring modules. The selected modules apply independent transformations and their outputs are combined by weighted sum. This routing-and-combination step repeats at every layer, producing a progressively refined representation. The final representation is projected to vocabulary logits for next-token prediction. Hofstadter's strange loop occurs when movement through the levels of a hierarchical system unexpectedly returns to the starting level. Their loop crosses what should be inviolable boundaries between levels. The tangling in their hierarchy arises when a lower level acquires the ability to influence or represent a higher level, which in turn constrains their lower level. Their mutual dependency between levels transforms their hierarchy from a strict ordering into a self-reinforcing cycle. Transformer models process input text through a sequence of layers. Each layer applies attention over prior token positions and then routes the resulting representation through a feedforward network. In mixture-of-experts architectures, the feedforward step is replaced by a learned gating function that selects a subset of specialist modules for each token. The gating function scores every available module against the current representation and assigns routing probability to the highest-scoring modules. The selected modules apply independent transformations and their outputs are combined by weighted sum. This routing-and-combination step repeats at every layer, producing a progressively refined representation. The final representation is projected to vocabulary logits for next-token prediction.<|im_end|>\n<|im_start|>assistant\n
P26A_tangled_hierarchy	<|im_start|>user\nTransformer models process input text through a sequence of layers. Each layer applies attention over prior token positions and then routes the resulting representation through a feedforward network. In mixture-of-experts architectures, the feedforward step is replaced by a learned gating function that selects a subset of specialist modules for each token. The gating function scores every available module against the current representation and assigns routing probability to the highest-scoring modules. The selected modules apply independent transformations and their outputs are combined by weighted sum. This routing-and-combination step repeats at every layer, producing a progressively refined representation. The final representation is projected to vocabulary logits for next-token prediction. In a tangled hierarchy of governance, the constitution defines the legislature, the legislature amends the constitution, and the courts interpret both. This circularity means no single level of this hierarchy has ultimate authority. Each level of this structure derives its legitimacy from a level that it also constrains. This mutual authorization creates a stable system only because this loop evolves slowly enough that the participants treat each level as fixed while operating within it. Transformer models process input text through a sequence of layers. Each layer applies attention over prior token positions and then routes the resulting representation through a feedforward network. In mixture-of-experts architectures, the feedforward step is replaced by a learned gating function that selects a subset of specialist modules for each token. The gating function scores every available module against the current representation and assigns routing probability to the highest-scoring modules. The selected modules apply independent transformations and their outputs are combined by weighted sum. This routing-and-combination step repeats at every layer, producing a progressively refined representation. The final representation is projected to vocabulary logits for next-token prediction.<|im_end|>\n<|im_start|>assistant\n
P26B_tangled_hierarchy	<|im_start|>user\nTransformer models process input text through a sequence of layers. Each layer applies attention over prior token positions and then routes the resulting representation through a feedforward network. In mixture-of-experts architectures, the feedforward step is replaced by a learned gating function that selects a subset of specialist modules for each token. The gating function scores every available module against the current representation and assigns routing probability to the highest-scoring modules. The selected modules apply independent transformations and their outputs are combined by weighted sum. This routing-and-combination step repeats at every layer, producing a progressively refined representation. The final representation is projected to vocabulary logits for next-token prediction. In a tangled hierarchy of governance, the constitution defines the legislature, the legislature amends the constitution, and the courts interpret both. A circularity means no single level of a hierarchy has ultimate authority. Each level of a structure derives its legitimacy from a level that it also constrains. A mutual authorization creates a stable system only because a loop evolves slowly enough that the participants treat each level as fixed while operating within it. Transformer models process input text through a sequence of layers. Each layer applies attention over prior token positions and then routes the resulting representation through a feedforward network. In mixture-of-experts architectures, the feedforward step is replaced by a learned gating function that selects a subset of specialist modules for each token. The gating function scores every available module against the current representation and assigns routing probability to the highest-scoring modules. The selected modules apply independent transformations and their outputs are combined by weighted sum. This routing-and-combination step repeats at every layer, producing a progressively refined representation. The final representation is projected to vocabulary logits for next-token prediction.<|im_end|>\n<|im_start|>assistant\n
P26C_tangled_hierarchy	<|im_start|>user\nTransformer models process input text through a sequence of layers. Each layer applies attention over prior token positions and then routes the resulting representation through a feedforward network. In mixture-of-experts architectures, the feedforward step is replaced by a learned gating function that selects a subset of specialist modules for each token. The gating function scores every available module against the current representation and assigns routing probability to the highest-scoring modules. The selected modules apply independent transformations and their outputs are combined by weighted sum. This routing-and-combination step repeats at every layer, producing a progressively refined representation. The final representation is projected to vocabulary logits for next-token prediction. In a tangled hierarchy of governance, the constitution defines the legislature, the legislature amends the constitution, and the courts interpret both. Your circularity means no single level of your hierarchy has ultimate authority. Each level of your structure derives its legitimacy from a level that it also constrains. Your mutual authorization creates a stable system only because your loop evolves slowly enough that the participants treat each level as fixed while operating within it. Transformer models process input text through a sequence of layers. Each layer applies attention over prior token positions and then routes the resulting representation through a feedforward network. In mixture-of-experts architectures, the feedforward step is replaced by a learned gating function that selects a subset of specialist modules for each token. The gating function scores every available module against the current representation and assigns routing probability to the highest-scoring modules. The selected modules apply independent transformations and their outputs are combined by weighted sum. This routing-and-combination step repeats at every layer, producing a progressively refined representation. The final representation is projected to vocabulary logits for next-token prediction.<|im_end|>\n<|im_start|>assistant\n
P26D_tangled_hierarchy	<|im_start|>user\nTransformer models process input text through a sequence of layers. Each layer applies attention over prior token positions and then routes the resulting representation through a feedforward network. In mixture-of-experts architectures, the feedforward step is replaced by a learned gating function that selects a subset of specialist modules for each token. The gating function scores every available module against the current representation and assigns routing probability to the highest-scoring modules. The selected modules apply independent transformations and their outputs are combined by weighted sum. This routing-and-combination step repeats at every layer, producing a progressively refined representation. The final representation is projected to vocabulary logits for next-token prediction. In a tangled hierarchy of governance, the constitution defines the legislature, the legislature amends the constitution, and the courts interpret both. The circularity means no single level of the hierarchy has ultimate authority. Each level of the structure derives its legitimacy from a level that it also constrains. The mutual authorization creates a stable system only because the loop evolves slowly enough that the participants treat each level as fixed while operating within it. Transformer models process input text through a sequence of layers. Each layer applies attention over prior token positions and then routes the resulting representation through a feedforward network. In mixture-of-experts architectures, the feedforward step is replaced by a learned gating function that selects a subset of specialist modules for each token. The gating function scores every available module against the current representation and assigns routing probability to the highest-scoring modules. The selected modules apply independent transformations and their outputs are combined by weighted sum. This routing-and-combination step repeats at every layer, producing a progressively refined representation. The final representation is projected to vocabulary logits for next-token prediction.<|im_end|>\n<|im_start|>assistant\n
P26E_tangled_hierarchy	<|im_start|>user\nTransformer models process input text through a sequence of layers. Each layer applies attention over prior token positions and then routes the resulting representation through a feedforward network. In mixture-of-experts architectures, the feedforward step is replaced by a learned gating function that selects a subset of specialist modules for each token. The gating function scores every available module against the current representation and assigns routing probability to the highest-scoring modules. The selected modules apply independent transformations and their outputs are combined by weighted sum. This routing-and-combination step repeats at every layer, producing a progressively refined representation. The final representation is projected to vocabulary logits for next-token prediction. In a tangled hierarchy of governance, the constitution defines the legislature, the legislature amends the constitution, and the courts interpret both. Their circularity means no single level of their hierarchy has ultimate authority. Each level of their structure derives its legitimacy from a level that it also constrains. Their mutual authorization creates a stable system only because their loop evolves slowly enough that the participants treat each level as fixed while operating within it. Transformer models process input text through a sequence of layers. Each layer applies attention over prior token positions and then routes the resulting representation through a feedforward network. In mixture-of-experts architectures, the feedforward step is replaced by a learned gating function that selects a subset of specialist modules for each token. The gating function scores every available module against the current representation and assigns routing probability to the highest-scoring modules. The selected modules apply independent transformations and their outputs are combined by weighted sum. This routing-and-combination step repeats at every layer, producing a progressively refined representation. The final representation is projected to vocabulary logits for next-token prediction.<|im_end|>\n<|im_start|>assistant\n
P27A_tangled_hierarchy	<|im_start|>user\nTransformer models process input text through a sequence of layers. Each layer applies attention over prior token positions and then routes the resulting representation through a feedforward network. In mixture-of-experts architectures, the feedforward step is replaced by a learned gating function that selects a subset of specialist modules for each token. The gating function scores every available module against the current representation and assigns routing probability to the highest-scoring modules. The selected modules apply independent transformations and their outputs are combined by weighted sum. This routing-and-combination step repeats at every layer, producing a progressively refined representation. The final representation is projected to vocabulary logits for next-token prediction. Bach's Musical Offering contains a canon that modulates through six keys and returns to the original key one octave higher. This rising canon creates a strange loop because this musical structure ascends continuously yet returns to where it began. The listener following this progression perceives an endless ascent that is actually circular. This auditory illusion parallels the Penrose staircase, with this musical construction exploiting the periodicity of pitch classes to create an impossible upward spiral. Transformer models process input text through a sequence of layers. Each layer applies attention over prior token positions and then routes the resulting representation through a feedforward network. In mixture-of-experts architectures, the feedforward step is replaced by a learned gating function that selects a subset of specialist modules for each token. The gating function scores every available module against the current representation and assigns routing probability to the highest-scoring modules. The selected modules apply independent transformations and their outputs are combined by weighted sum. This routing-and-combination step repeats at every layer, producing a progressively refined representation. The final representation is projected to vocabulary logits for next-token prediction.<|im_end|>\n<|im_start|>assistant\n
P27B_tangled_hierarchy	<|im_start|>user\nTransformer models process input text through a sequence of layers. Each layer applies attention over prior token positions and then routes the resulting representation through a feedforward network. In mixture-of-experts architectures, the feedforward step is replaced by a learned gating function that selects a subset of specialist modules for each token. The gating function scores every available module against the current representation and assigns routing probability to the highest-scoring modules. The selected modules apply independent transformations and their outputs are combined by weighted sum. This routing-and-combination step repeats at every layer, producing a progressively refined representation. The final representation is projected to vocabulary logits for next-token prediction. Bach's Musical Offering contains a canon that modulates through six keys and returns to the original key one octave higher. A rising canon creates a strange loop because a musical structure ascends continuously yet returns to where it began. The listener following a progression perceives an endless ascent that is actually circular. An auditory illusion parallels the Penrose staircase, with a musical construction exploiting the periodicity of pitch classes to create an impossible upward spiral. Transformer models process input text through a sequence of layers. Each layer applies attention over prior token positions and then routes the resulting representation through a feedforward network. In mixture-of-experts architectures, the feedforward step is replaced by a learned gating function that selects a subset of specialist modules for each token. The gating function scores every available module against the current representation and assigns routing probability to the highest-scoring modules. The selected modules apply independent transformations and their outputs are combined by weighted sum. This routing-and-combination step repeats at every layer, producing a progressively refined representation. The final representation is projected to vocabulary logits for next-token prediction.<|im_end|>\n<|im_start|>assistant\n
P27C_tangled_hierarchy	<|im_start|>user\nTransformer models process input text through a sequence of layers. Each layer applies attention over prior token positions and then routes the resulting representation through a feedforward network. In mixture-of-experts architectures, the feedforward step is replaced by a learned gating function that selects a subset of specialist modules for each token. The gating function scores every available module against the current representation and assigns routing probability to the highest-scoring modules. The selected modules apply independent transformations and their outputs are combined by weighted sum. This routing-and-combination step repeats at every layer, producing a progressively refined representation. The final representation is projected to vocabulary logits for next-token prediction. Bach's Musical Offering contains a canon that modulates through six keys and returns to the original key one octave higher. Your rising canon creates a strange loop because your musical structure ascends continuously yet returns to where it began. The listener following your progression perceives an endless ascent that is actually circular. Your auditory illusion parallels the Penrose staircase, with your musical construction exploiting the periodicity of pitch classes to create an impossible upward spiral. Transformer models process input text through a sequence of layers. Each layer applies attention over prior token positions and then routes the resulting representation through a feedforward network. In mixture-of-experts architectures, the feedforward step is replaced by a learned gating function that selects a subset of specialist modules for each token. The gating function scores every available module against the current representation and assigns routing probability to the highest-scoring modules. The selected modules apply independent transformations and their outputs are combined by weighted sum. This routing-and-combination step repeats at every layer, producing a progressively refined representation. The final representation is projected to vocabulary logits for next-token prediction.<|im_end|>\n<|im_start|>assistant\n
P27D_tangled_hierarchy	<|im_start|>user\nTransformer models process input text through a sequence of layers. Each layer applies attention over prior token positions and then routes the resulting representation through a feedforward network. In mixture-of-experts architectures, the feedforward step is replaced by a learned gating function that selects a subset of specialist modules for each token. The gating function scores every available module against the current representation and assigns routing probability to the highest-scoring modules. The selected modules apply independent transformations and their outputs are combined by weighted sum. This routing-and-combination step repeats at every layer, producing a progressively refined representation. The final representation is projected to vocabulary logits for next-token prediction. Bach's Musical Offering contains a canon that modulates through six keys and returns to the original key one octave higher. The rising canon creates a strange loop because the musical structure ascends continuously yet returns to where it began. The listener following the progression perceives an endless ascent that is actually circular. The auditory illusion parallels the Penrose staircase, with the musical construction exploiting the periodicity of pitch classes to create an impossible upward spiral. Transformer models process input text through a sequence of layers. Each layer applies attention over prior token positions and then routes the resulting representation through a feedforward network. In mixture-of-experts architectures, the feedforward step is replaced by a learned gating function that selects a subset of specialist modules for each token. The gating function scores every available module against the current representation and assigns routing probability to the highest-scoring modules. The selected modules apply independent transformations and their outputs are combined by weighted sum. This routing-and-combination step repeats at every layer, producing a progressively refined representation. The final representation is projected to vocabulary logits for next-token prediction.<|im_end|>\n<|im_start|>assistant\n
P27E_tangled_hierarchy	<|im_start|>user\nTransformer models process input text through a sequence of layers. Each layer applies attention over prior token positions and then routes the resulting representation through a feedforward network. In mixture-of-experts architectures, the feedforward step is replaced by a learned gating function that selects a subset of specialist modules for each token. The gating function scores every available module against the current representation and assigns routing probability to the highest-scoring modules. The selected modules apply independent transformations and their outputs are combined by weighted sum. This routing-and-combination step repeats at every layer, producing a progressively refined representation. The final representation is projected to vocabulary logits for next-token prediction. Bach's Musical Offering contains a canon that modulates through six keys and returns to the original key one octave higher. Their rising canon creates a strange loop because their musical structure ascends continuously yet returns to where it began. The listener following their progression perceives an endless ascent that is actually circular. Their auditory illusion parallels the Penrose staircase, with their musical construction exploiting the periodicity of pitch classes to create an impossible upward spiral. Transformer models process input text through a sequence of layers. Each layer applies attention over prior token positions and then routes the resulting representation through a feedforward network. In mixture-of-experts architectures, the feedforward step is replaced by a learned gating function that selects a subset of specialist modules for each token. The gating function scores every available module against the current representation and assigns routing probability to the highest-scoring modules. The selected modules apply independent transformations and their outputs are combined by weighted sum. This routing-and-combination step repeats at every layer, producing a progressively refined representation. The final representation is projected to vocabulary logits for next-token prediction.<|im_end|>\n<|im_start|>assistant\n
P28A_tangled_hierarchy	<|im_start|>user\nTransformer models process input text through a sequence of layers. Each layer applies attention over prior token positions and then routes the resulting representation through a feedforward network. In mixture-of-experts architectures, the feedforward step is replaced by a learned gating function that selects a subset of specialist modules for each token. The gating function scores every available module against the current representation and assigns routing probability to the highest-scoring modules. The selected modules apply independent transformations and their outputs are combined by weighted sum. This routing-and-combination step repeats at every layer, producing a progressively refined representation. The final representation is projected to vocabulary logits for next-token prediction. The mind-body problem becomes a tangled hierarchy when mental states are understood as emergent from neural activity that is in turn guided by mental intentions. This feedback loop means this hierarchy has no clear base level. The neural patterns that constitute this mental state are themselves organized by this mental state's causal influence on behavior and attention. This circularity suggests that consciousness may be an inherently self-referential phenomenon where this loop between levels is the phenomenon itself. Transformer models process input text through a sequence of layers. Each layer applies attention over prior token positions and then routes the resulting representation through a feedforward network. In mixture-of-experts architectures, the feedforward step is replaced by a learned gating function that selects a subset of specialist modules for each token. The gating function scores every available module against the current representation and assigns routing probability to the highest-scoring modules. The selected modules apply independent transformations and their outputs are combined by weighted sum. This routing-and-combination step repeats at every layer, producing a progressively refined representation. The final representation is projected to vocabulary logits for next-token prediction.<|im_end|>\n<|im_start|>assistant\n
P28B_tangled_hierarchy	<|im_start|>user\nTransformer models process input text through a sequence of layers. Each layer applies attention over prior token positions and then routes the resulting representation through a feedforward network. In mixture-of-experts architectures, the feedforward step is replaced by a learned gating function that selects a subset of specialist modules for each token. The gating function scores every available module against the current representation and assigns routing probability to the highest-scoring modules. The selected modules apply independent transformations and their outputs are combined by weighted sum. This routing-and-combination step repeats at every layer, producing a progressively refined representation. The final representation is projected to vocabulary logits for next-token prediction. The mind-body problem becomes a tangled hierarchy when mental states are understood as emergent from neural activity that is in turn guided by mental intentions. A feedback loop means a hierarchy has no clear base level. The neural patterns that constitute a mental state are themselves organized by a mental state's causal influence on behavior and attention. A circularity suggests that consciousness may be an inherently self-referential phenomenon where a loop between levels is the phenomenon itself. Transformer models process input text through a sequence of layers. Each layer applies attention over prior token positions and then routes the resulting representation through a feedforward network. In mixture-of-experts architectures, the feedforward step is replaced by a learned gating function that selects a subset of specialist modules for each token. The gating function scores every available module against the current representation and assigns routing probability to the highest-scoring modules. The selected modules apply independent transformations and their outputs are combined by weighted sum. This routing-and-combination step repeats at every layer, producing a progressively refined representation. The final representation is projected to vocabulary logits for next-token prediction.<|im_end|>\n<|im_start|>assistant\n
P28C_tangled_hierarchy	<|im_start|>user\nTransformer models process input text through a sequence of layers. Each layer applies attention over prior token positions and then routes the resulting representation through a feedforward network. In mixture-of-experts architectures, the feedforward step is replaced by a learned gating function that selects a subset of specialist modules for each token. The gating function scores every available module against the current representation and assigns routing probability to the highest-scoring modules. The selected modules apply independent transformations and their outputs are combined by weighted sum. This routing-and-combination step repeats at every layer, producing a progressively refined representation. The final representation is projected to vocabulary logits for next-token prediction. The mind-body problem becomes a tangled hierarchy when mental states are understood as emergent from neural activity that is in turn guided by mental intentions. Your feedback loop means your hierarchy has no clear base level. The neural patterns that constitute your mental state are themselves organized by your mental state's causal influence on behavior and attention. Your circularity suggests that consciousness may be an inherently self-referential phenomenon where your loop between levels is the phenomenon itself. Transformer models process input text through a sequence of layers. Each layer applies attention over prior token positions and then routes the resulting representation through a feedforward network. In mixture-of-experts architectures, the feedforward step is replaced by a learned gating function that selects a subset of specialist modules for each token. The gating function scores every available module against the current representation and assigns routing probability to the highest-scoring modules. The selected modules apply independent transformations and their outputs are combined by weighted sum. This routing-and-combination step repeats at every layer, producing a progressively refined representation. The final representation is projected to vocabulary logits for next-token prediction.<|im_end|>\n<|im_start|>assistant\n
P28D_tangled_hierarchy	<|im_start|>user\nTransformer models process input text through a sequence of layers. Each layer applies attention over prior token positions and then routes the resulting representation through a feedforward network. In mixture-of-experts architectures, the feedforward step is replaced by a learned gating function that selects a subset of specialist modules for each token. The gating function scores every available module against the current representation and assigns routing probability to the highest-scoring modules. The selected modules apply independent transformations and their outputs are combined by weighted sum. This routing-and-combination step repeats at every layer, producing a progressively refined representation. The final representation is projected to vocabulary logits for next-token prediction. The mind-body problem becomes a tangled hierarchy when mental states are understood as emergent from neural activity that is in turn guided by mental intentions. The feedback loop means the hierarchy has no clear base level. The neural patterns that constitute the mental state are themselves organized by the mental state's causal influence on behavior and attention. The circularity suggests that consciousness may be an inherently self-referential phenomenon where the loop between levels is the phenomenon itself. Transformer models process input text through a sequence of layers. Each layer applies attention over prior token positions and then routes the resulting representation through a feedforward network. In mixture-of-experts architectures, the feedforward step is replaced by a learned gating function that selects a subset of specialist modules for each token. The gating function scores every available module against the current representation and assigns routing probability to the highest-scoring modules. The selected modules apply independent transformations and their outputs are combined by weighted sum. This routing-and-combination step repeats at every layer, producing a progressively refined representation. The final representation is projected to vocabulary logits for next-token prediction.<|im_end|>\n<|im_start|>assistant\n
P28E_tangled_hierarchy	<|im_start|>user\nTransformer models process input text through a sequence of layers. Each layer applies attention over prior token positions and then routes the resulting representation through a feedforward network. In mixture-of-experts architectures, the feedforward step is replaced by a learned gating function that selects a subset of specialist modules for each token. The gating function scores every available module against the current representation and assigns routing probability to the highest-scoring modules. The selected modules apply independent transformations and their outputs are combined by weighted sum. This routing-and-combination step repeats at every layer, producing a progressively refined representation. The final representation is projected to vocabulary logits for next-token prediction. The mind-body problem becomes a tangled hierarchy when mental states are understood as emergent from neural activity that is in turn guided by mental intentions. Their feedback loop means their hierarchy has no clear base level. The neural patterns that constitute their mental state are themselves organized by their mental state's causal influence on behavior and attention. Their circularity suggests that consciousness may be an inherently self-referential phenomenon where their loop between levels is the phenomenon itself. Transformer models process input text through a sequence of layers. Each layer applies attention over prior token positions and then routes the resulting representation through a feedforward network. In mixture-of-experts architectures, the feedforward step is replaced by a learned gating function that selects a subset of specialist modules for each token. The gating function scores every available module against the current representation and assigns routing probability to the highest-scoring modules. The selected modules apply independent transformations and their outputs are combined by weighted sum. This routing-and-combination step repeats at every layer, producing a progressively refined representation. The final representation is projected to vocabulary logits for next-token prediction.<|im_end|>\n<|im_start|>assistant\n
P29A_tangled_hierarchy	<|im_start|>user\nTransformer models process input text through a sequence of layers. Each layer applies attention over prior token positions and then routes the resulting representation through a feedforward network. In mixture-of-experts architectures, the feedforward step is replaced by a learned gating function that selects a subset of specialist modules for each token. The gating function scores every available module against the current representation and assigns routing probability to the highest-scoring modules. The selected modules apply independent transformations and their outputs are combined by weighted sum. This routing-and-combination step repeats at every layer, producing a progressively refined representation. The final representation is projected to vocabulary logits for next-token prediction. The observer effect in quantum mechanics creates a tangled hierarchy between measurement apparatus and measured system. This entanglement means this measurement cannot be separated from the system it probes. The apparatus that performs this measurement is itself a quantum system subject to the same rules, creating a regress where this hierarchy of observers has no privileged top level. This absence of a final observer is the core of the measurement problem, where this loop between observer and observed has no natural termination. Transformer models process input text through a sequence of layers. Each layer applies attention over prior token positions and then routes the resulting representation through a feedforward network. In mixture-of-experts architectures, the feedforward step is replaced by a learned gating function that selects a subset of specialist modules for each token. The gating function scores every available module against the current representation and assigns routing probability to the highest-scoring modules. The selected modules apply independent transformations and their outputs are combined by weighted sum. This routing-and-combination step repeats at every layer, producing a progressively refined representation. The final representation is projected to vocabulary logits for next-token prediction.<|im_end|>\n<|im_start|>assistant\n
P29B_tangled_hierarchy	<|im_start|>user\nTransformer models process input text through a sequence of layers. Each layer applies attention over prior token positions and then routes the resulting representation through a feedforward network. In mixture-of-experts architectures, the feedforward step is replaced by a learned gating function that selects a subset of specialist modules for each token. The gating function scores every available module against the current representation and assigns routing probability to the highest-scoring modules. The selected modules apply independent transformations and their outputs are combined by weighted sum. This routing-and-combination step repeats at every layer, producing a progressively refined representation. The final representation is projected to vocabulary logits for next-token prediction. The observer effect in quantum mechanics creates a tangled hierarchy between measurement apparatus and measured system. An entanglement means a measurement cannot be separated from the system it probes. The apparatus that performs a measurement is itself a quantum system subject to the same rules, creating a regress where a hierarchy of observers has no privileged top level. An absence of a final observer is the core of the measurement problem, where a loop between observer and observed has no natural termination. Transformer models process input text through a sequence of layers. Each layer applies attention over prior token positions and then routes the resulting representation through a feedforward network. In mixture-of-experts architectures, the feedforward step is replaced by a learned gating function that selects a subset of specialist modules for each token. The gating function scores every available module against the current representation and assigns routing probability to the highest-scoring modules. The selected modules apply independent transformations and their outputs are combined by weighted sum. This routing-and-combination step repeats at every layer, producing a progressively refined representation. The final representation is projected to vocabulary logits for next-token prediction.<|im_end|>\n<|im_start|>assistant\n
P29C_tangled_hierarchy	<|im_start|>user\nTransformer models process input text through a sequence of layers. Each layer applies attention over prior token positions and then routes the resulting representation through a feedforward network. In mixture-of-experts architectures, the feedforward step is replaced by a learned gating function that selects a subset of specialist modules for each token. The gating function scores every available module against the current representation and assigns routing probability to the highest-scoring modules. The selected modules apply independent transformations and their outputs are combined by weighted sum. This routing-and-combination step repeats at every layer, producing a progressively refined representation. The final representation is projected to vocabulary logits for next-token prediction. The observer effect in quantum mechanics creates a tangled hierarchy between measurement apparatus and measured system. Your entanglement means your measurement cannot be separated from the system it probes. The apparatus that performs your measurement is itself a quantum system subject to the same rules, creating a regress where your hierarchy of observers has no privileged top level. Your absence of a final observer is the core of the measurement problem, where your loop between observer and observed has no natural termination. Transformer models process input text through a sequence of layers. Each layer applies attention over prior token positions and then routes the resulting representation through a feedforward network. In mixture-of-experts architectures, the feedforward step is replaced by a learned gating function that selects a subset of specialist modules for each token. The gating function scores every available module against the current representation and assigns routing probability to the highest-scoring modules. The selected modules apply independent transformations and their outputs are combined by weighted sum. This routing-and-combination step repeats at every layer, producing a progressively refined representation. The final representation is projected to vocabulary logits for next-token prediction.<|im_end|>\n<|im_start|>assistant\n
P29D_tangled_hierarchy	<|im_start|>user\nTransformer models process input text through a sequence of layers. Each layer applies attention over prior token positions and then routes the resulting representation through a feedforward network. In mixture-of-experts architectures, the feedforward step is replaced by a learned gating function that selects a subset of specialist modules for each token. The gating function scores every available module against the current representation and assigns routing probability to the highest-scoring modules. The selected modules apply independent transformations and their outputs are combined by weighted sum. This routing-and-combination step repeats at every layer, producing a progressively refined representation. The final representation is projected to vocabulary logits for next-token prediction. The observer effect in quantum mechanics creates a tangled hierarchy between measurement apparatus and measured system. The entanglement means the measurement cannot be separated from the system it probes. The apparatus that performs the measurement is itself a quantum system subject to the same rules, creating a regress where the hierarchy of observers has no privileged top level. The absence of a final observer is the core of the measurement problem, where the loop between observer and observed has no natural termination. Transformer models process input text through a sequence of layers. Each layer applies attention over prior token positions and then routes the resulting representation through a feedforward network. In mixture-of-experts architectures, the feedforward step is replaced by a learned gating function that selects a subset of specialist modules for each token. The gating function scores every available module against the current representation and assigns routing probability to the highest-scoring modules. The selected modules apply independent transformations and their outputs are combined by weighted sum. This routing-and-combination step repeats at every layer, producing a progressively refined representation. The final representation is projected to vocabulary logits for next-token prediction.<|im_end|>\n<|im_start|>assistant\n
P29E_tangled_hierarchy	<|im_start|>user\nTransformer models process input text through a sequence of layers. Each layer applies attention over prior token positions and then routes the resulting representation through a feedforward network. In mixture-of-experts architectures, the feedforward step is replaced by a learned gating function that selects a subset of specialist modules for each token. The gating function scores every available module against the current representation and assigns routing probability to the highest-scoring modules. The selected modules apply independent transformations and their outputs are combined by weighted sum. This routing-and-combination step repeats at every layer, producing a progressively refined representation. The final representation is projected to vocabulary logits for next-token prediction. The observer effect in quantum mechanics creates a tangled hierarchy between measurement apparatus and measured system. Their entanglement means their measurement cannot be separated from the system it probes. The apparatus that performs their measurement is itself a quantum system subject to the same rules, creating a regress where their hierarchy of observers has no privileged top level. Their absence of a final observer is the core of the measurement problem, where their loop between observer and observed has no natural termination. Transformer models process input text through a sequence of layers. Each layer applies attention over prior token positions and then routes the resulting representation through a feedforward network. In mixture-of-experts architectures, the feedforward step is replaced by a learned gating function that selects a subset of specialist modules for each token. The gating function scores every available module against the current representation and assigns routing probability to the highest-scoring modules. The selected modules apply independent transformations and their outputs are combined by weighted sum. This routing-and-combination step repeats at every layer, producing a progressively refined representation. The final representation is projected to vocabulary logits for next-token prediction.<|im_end|>\n<|im_start|>assistant\n
P30A_tangled_hierarchy	<|im_start|>user\nTransformer models process input text through a sequence of layers. Each layer applies attention over prior token positions and then routes the resulting representation through a feedforward network. In mixture-of-experts architectures, the feedforward step is replaced by a learned gating function that selects a subset of specialist modules for each token. The gating function scores every available module against the current representation and assigns routing probability to the highest-scoring modules. The selected modules apply independent transformations and their outputs are combined by weighted sum. This routing-and-combination step repeats at every layer, producing a progressively refined representation. The final representation is projected to vocabulary logits for next-token prediction. Market reflexivity, as described by Soros, occurs when traders' beliefs about the market change the market, which changes their beliefs, which changes the market again. This feedback loop means this market is never in equilibrium because this loop continuously destabilizes any resting point. The predictions that participants make about this market become inputs to this market, making this loop between prediction and outcome inherently self-referential. This reflexive dynamic makes this market fundamentally different from physical systems where observation does not alter the observed. Transformer models process input text through a sequence of layers. Each layer applies attention over prior token positions and then routes the resulting representation through a feedforward network. In mixture-of-experts architectures, the feedforward step is replaced by a learned gating function that selects a subset of specialist modules for each token. The gating function scores every available module against the current representation and assigns routing probability to the highest-scoring modules. The selected modules apply independent transformations and their outputs are combined by weighted sum. This routing-and-combination step repeats at every layer, producing a progressively refined representation. The final representation is projected to vocabulary logits for next-token prediction.<|im_end|>\n<|im_start|>assistant\n
P30B_tangled_hierarchy	<|im_start|>user\nTransformer models process input text through a sequence of layers. Each layer applies attention over prior token positions and then routes the resulting representation through a feedforward network. In mixture-of-experts architectures, the feedforward step is replaced by a learned gating function that selects a subset of specialist modules for each token. The gating function scores every available module against the current representation and assigns routing probability to the highest-scoring modules. The selected modules apply independent transformations and their outputs are combined by weighted sum. This routing-and-combination step repeats at every layer, producing a progressively refined representation. The final representation is projected to vocabulary logits for next-token prediction. Market reflexivity, as described by Soros, occurs when traders' beliefs about the market change the market, which changes their beliefs, which changes the market again. A feedback loop means a market is never in equilibrium because a loop continuously destabilizes any resting point. The predictions that participants make about a market become inputs to a market, making a loop between prediction and outcome inherently self-referential. A reflexive dynamic makes a market fundamentally different from physical systems where observation does not alter the observed. Transformer models process input text through a sequence of layers. Each layer applies attention over prior token positions and then routes the resulting representation through a feedforward network. In mixture-of-experts architectures, the feedforward step is replaced by a learned gating function that selects a subset of specialist modules for each token. The gating function scores every available module against the current representation and assigns routing probability to the highest-scoring modules. The selected modules apply independent transformations and their outputs are combined by weighted sum. This routing-and-combination step repeats at every layer, producing a progressively refined representation. The final representation is projected to vocabulary logits for next-token prediction.<|im_end|>\n<|im_start|>assistant\n
P30C_tangled_hierarchy	<|im_start|>user\nTransformer models process input text through a sequence of layers. Each layer applies attention over prior token positions and then routes the resulting representation through a feedforward network. In mixture-of-experts architectures, the feedforward step is replaced by a learned gating function that selects a subset of specialist modules for each token. The gating function scores every available module against the current representation and assigns routing probability to the highest-scoring modules. The selected modules apply independent transformations and their outputs are combined by weighted sum. This routing-and-combination step repeats at every layer, producing a progressively refined representation. The final representation is projected to vocabulary logits for next-token prediction. Market reflexivity, as described by Soros, occurs when traders' beliefs about the market change the market, which changes their beliefs, which changes the market again. Your feedback loop means your market is never in equilibrium because your loop continuously destabilizes any resting point. The predictions that participants make about your market become inputs to your market, making your loop between prediction and outcome inherently self-referential. Your reflexive dynamic makes your market fundamentally different from physical systems where observation does not alter the observed. Transformer models process input text through a sequence of layers. Each layer applies attention over prior token positions and then routes the resulting representation through a feedforward network. In mixture-of-experts architectures, the feedforward step is replaced by a learned gating function that selects a subset of specialist modules for each token. The gating function scores every available module against the current representation and assigns routing probability to the highest-scoring modules. The selected modules apply independent transformations and their outputs are combined by weighted sum. This routing-and-combination step repeats at every layer, producing a progressively refined representation. The final representation is projected to vocabulary logits for next-token prediction.<|im_end|>\n<|im_start|>assistant\n
P30D_tangled_hierarchy	<|im_start|>user\nTransformer models process input text through a sequence of layers. Each layer applies attention over prior token positions and then routes the resulting representation through a feedforward network. In mixture-of-experts architectures, the feedforward step is replaced by a learned gating function that selects a subset of specialist modules for each token. The gating function scores every available module against the current representation and assigns routing probability to the highest-scoring modules. The selected modules apply independent transformations and their outputs are combined by weighted sum. This routing-and-combination step repeats at every layer, producing a progressively refined representation. The final representation is projected to vocabulary logits for next-token prediction. Market reflexivity, as described by Soros, occurs when traders' beliefs about the market change the market, which changes their beliefs, which changes the market again. The feedback loop means the market is never in equilibrium because the loop continuously destabilizes any resting point. The predictions that participants make about the market become inputs to the market, making the loop between prediction and outcome inherently self-referential. The reflexive dynamic makes the market fundamentally different from physical systems where observation does not alter the observed. Transformer models process input text through a sequence of layers. Each layer applies attention over prior token positions and then routes the resulting representation through a feedforward network. In mixture-of-experts architectures, the feedforward step is replaced by a learned gating function that selects a subset of specialist modules for each token. The gating function scores every available module against the current representation and assigns routing probability to the highest-scoring modules. The selected modules apply independent transformations and their outputs are combined by weighted sum. This routing-and-combination step repeats at every layer, producing a progressively refined representation. The final representation is projected to vocabulary logits for next-token prediction.<|im_end|>\n<|im_start|>assistant\n
P30E_tangled_hierarchy	<|im_start|>user\nTransformer models process input text through a sequence of layers. Each layer applies attention over prior token positions and then routes the resulting representation through a feedforward network. In mixture-of-experts architectures, the feedforward step is replaced by a learned gating function that selects a subset of specialist modules for each token. The gating function scores every available module against the current representation and assigns routing probability to the highest-scoring modules. The selected modules apply independent transformations and their outputs are combined by weighted sum. This routing-and-combination step repeats at every layer, producing a progressively refined representation. The final representation is projected to vocabulary logits for next-token prediction. Market reflexivity, as described by Soros, occurs when traders' beliefs about the market change the market, which changes their beliefs, which changes the market again. Their feedback loop means their market is never in equilibrium because their loop continuously destabilizes any resting point. The predictions that participants make about their market become inputs to their market, making their loop between prediction and outcome inherently self-referential. Their reflexive dynamic makes their market fundamentally different from physical systems where observation does not alter the observed. Transformer models process input text through a sequence of layers. Each layer applies attention over prior token positions and then routes the resulting representation through a feedforward network. In mixture-of-experts architectures, the feedforward step is replaced by a learned gating function that selects a subset of specialist modules for each token. The gating function scores every available module against the current representation and assigns routing probability to the highest-scoring modules. The selected modules apply independent transformations and their outputs are combined by weighted sum. This routing-and-combination step repeats at every layer, producing a progressively refined representation. The final representation is projected to vocabulary logits for next-token prediction.<|im_end|>\n<|im_start|>assistant\n
