=== Qwen3.5-397B-A17B Q8_0 -- 5-Condition Self-Referential Experiment ===
model=Qwen3.5-397B-A17B-Q8_0
n_predict=0, ctx=16384, ngl=999, threads=16
flash_attn=on, cache_type_k=q8_0, cache_type_v=q8_0
Routing reconstruction: softmax(512) -> topk(10) -> renormalize
Entropy normalization: log2(10)
Chat template: '<|im_start|>user\n...<|im_end|>\n<|im_start|>assistant\n'
On-instance analysis enabled; router tensors deleted after successful metric write

Loaded 150 prompts, 10 batches of 15

=== BATCH 1/10: prompts 1-15 ===
Running: /workspace/consciousness-experiment/capture_activations -m /workspace/models/Qwen3.5-397B-A17B-Q8_0/Qwen3.5-397B-A17B-Q8_0-00001-of-00010.gguf --prompt-file batch_0.tsv -o output -n 0 -ngl 999 -c 16384 -t 16 -fa on --cache-type-k q8_0 --cache-type-v q8_0 --routing-only --no-stream
ggml_cuda_init: found 4 CUDA devices:
  Device 0: NVIDIA H200, compute capability 9.0, VMM: yes
  Device 1: NVIDIA H200, compute capability 9.0, VMM: yes
  Device 2: NVIDIA H200, compute capability 9.0, VMM: yes
  Device 3: NVIDIA H200, compute capability 9.0, VMM: yes
build: 1 (f75c4e8) with GNU 11.4.0 for Linux x86_64
=== Consciousness Metrics — Activation Capture ===
Output dir : output
n_predict  : 0
Text output: file only (--no-stream)
Mode       : --routing-only (router/gate tensors only)
common_init_result: fitting params to device memory, for bugs during this step try to reproduce them with -fit off, or provide --verbose logs if the bug only occurs with -fit on
llama_params_fit_impl: projected memory use with initial parameters [MiB]:
llama_params_fit_impl:   - CUDA0 (NVIDIA H200): 143155 total, 107148 used,  35428 free vs. target of   1024
llama_params_fit_impl:   - CUDA1 (NVIDIA H200): 143155 total, 103590 used,  38986 free vs. target of   1024
llama_params_fit_impl:   - CUDA2 (NVIDIA H200): 143155 total, 100427 used,  42153 free vs. target of   1024
llama_params_fit_impl:   - CUDA3 (NVIDIA H200): 143155 total,  98268 used,  44316 free vs. target of   1024
llama_params_fit_impl: projected to use 409435 MiB of device memory vs. 570320 MiB of free device memory
llama_params_fit_impl: targets for free memory can be met on all devices, no changes needed
llama_params_fit: successfully fit params to free device memory
llama_params_fit: fitting params to free memory took 1.18 seconds
llama_model_load_from_file_impl: using device CUDA0 (NVIDIA H200) (0000:87:00.0) - 142627 MiB free
llama_model_load_from_file_impl: using device CUDA1 (NVIDIA H200) (0000:90:00.0) - 142627 MiB free
llama_model_load_from_file_impl: using device CUDA2 (NVIDIA H200) (0000:b8:00.0) - 142627 MiB free
llama_model_load_from_file_impl: using device CUDA3 (NVIDIA H200) (0000:c1:00.0) - 142627 MiB free
llama_model_loader: additional 9 GGUFs metadata loaded.
llama_model_loader: loaded meta data with 55 key-value pairs and 1098 tensors from /workspace/models/Qwen3.5-397B-A17B-Q8_0/Qwen3.5-397B-A17B-Q8_0-00001-of-00010.gguf (version GGUF V3 (latest))
llama_model_loader: Dumping metadata keys/values. Note: KV overrides do not apply in this output.
llama_model_loader: - kv   0:                       general.architecture str              = qwen35moe
llama_model_loader: - kv   1:                               general.type str              = model
llama_model_loader: - kv   2:                     general.sampling.top_k i32              = 20
llama_model_loader: - kv   3:                     general.sampling.top_p f32              = 0.950000
llama_model_loader: - kv   4:                      general.sampling.temp f32              = 0.600000
llama_model_loader: - kv   5:                               general.name str              = Qwen3.5-397B-A17B
llama_model_loader: - kv   6:                           general.basename str              = Qwen3.5-397B-A17B
llama_model_loader: - kv   7:                       general.quantized_by str              = Unsloth
llama_model_loader: - kv   8:                         general.size_label str              = 397B-A17B
llama_model_loader: - kv   9:                            general.license str              = apache-2.0
llama_model_loader: - kv  10:                       general.license.link str              = https://huggingface.co/Qwen/Qwen3.5-3...
llama_model_loader: - kv  11:                           general.repo_url str              = https://huggingface.co/unsloth
llama_model_loader: - kv  12:                   general.base_model.count u32              = 1
llama_model_loader: - kv  13:                  general.base_model.0.name str              = Qwen3.5 397B A17B
llama_model_loader: - kv  14:          general.base_model.0.organization str              = Qwen
llama_model_loader: - kv  15:              general.base_model.0.repo_url str              = https://huggingface.co/Qwen/Qwen3.5-3...
llama_model_loader: - kv  16:                               general.tags arr[str,2]       = ["unsloth", "image-text-to-text"]
llama_model_loader: - kv  17:                      qwen35moe.block_count u32              = 60
llama_model_loader: - kv  18:                   qwen35moe.context_length u32              = 262144
llama_model_loader: - kv  19:                 qwen35moe.embedding_length u32              = 4096
llama_model_loader: - kv  20:             qwen35moe.attention.head_count u32              = 32
llama_model_loader: - kv  21:          qwen35moe.attention.head_count_kv u32              = 2
llama_model_loader: - kv  22:          qwen35moe.rope.dimension_sections arr[i32,4]       = [11, 11, 10, 0]
llama_model_loader: - kv  23:                   qwen35moe.rope.freq_base f32              = 10000000.000000
llama_model_loader: - kv  24: qwen35moe.attention.layer_norm_rms_epsilon f32              = 0.000001
llama_model_loader: - kv  25:                     qwen35moe.expert_count u32              = 512
llama_model_loader: - kv  26:                qwen35moe.expert_used_count u32              = 10
llama_model_loader: - kv  27:             qwen35moe.attention.key_length u32              = 256
llama_model_loader: - kv  28:           qwen35moe.attention.value_length u32              = 256
llama_model_loader: - kv  29:       qwen35moe.expert_feed_forward_length u32              = 1024
llama_model_loader: - kv  30: qwen35moe.expert_shared_feed_forward_length u32              = 1024
llama_model_loader: - kv  31:                  qwen35moe.ssm.conv_kernel u32              = 4
llama_model_loader: - kv  32:                   qwen35moe.ssm.state_size u32              = 128
llama_model_loader: - kv  33:                  qwen35moe.ssm.group_count u32              = 16
llama_model_loader: - kv  34:               qwen35moe.ssm.time_step_rank u32              = 64
llama_model_loader: - kv  35:                   qwen35moe.ssm.inner_size u32              = 8192
llama_model_loader: - kv  36:          qwen35moe.full_attention_interval u32              = 4
llama_model_loader: - kv  37:             qwen35moe.rope.dimension_count u32              = 64
llama_model_loader: - kv  38:                       tokenizer.ggml.model str              = gpt2
llama_model_loader: - kv  39:                         tokenizer.ggml.pre str              = qwen35
llama_model_loader: - kv  40:                      tokenizer.ggml.tokens arr[str,248320]  = ["!", "\"", "#", "$", "%", "&", "'", ...
llama_model_loader: - kv  41:                  tokenizer.ggml.token_type arr[i32,248320]  = [1, 1, 1, 1, 1, 1, 1, 1, 1, 1, 1, 1, ...
llama_model_loader: - kv  42:                      tokenizer.ggml.merges arr[str,247587]  = ["Ġ Ġ", "ĠĠ ĠĠ", "i n", "Ġ t",...
llama_model_loader: - kv  43:                tokenizer.ggml.eos_token_id u32              = 248046
llama_model_loader: - kv  44:            tokenizer.ggml.padding_token_id u32              = 248055
llama_model_loader: - kv  45:                    tokenizer.chat_template str              = {%- set image_count = namespace(value...
llama_model_loader: - kv  46:               general.quantization_version u32              = 2
llama_model_loader: - kv  47:                          general.file_type u32              = 7
llama_model_loader: - kv  48:                      quantize.imatrix.file str              = Qwen3.5-397B-A17B-GGUF/imatrix_unslot...
llama_model_loader: - kv  49:                   quantize.imatrix.dataset str              = unsloth_calibration_Qwen3.5-397B-A17B...
llama_model_loader: - kv  50:             quantize.imatrix.entries_count u32              = 765
llama_model_loader: - kv  51:              quantize.imatrix.chunks_count u32              = 80
llama_model_loader: - kv  52:                                   split.no u16              = 0
llama_model_loader: - kv  53:                        split.tensors.count i32              = 1098
llama_model_loader: - kv  54:                                split.count u16              = 10
llama_model_loader: - type  f32:  451 tensors
llama_model_loader: - type q8_0:  647 tensors
print_info: file format = GGUF V3 (latest)
print_info: file type   = Q8_0
print_info: file size   = 392.55 GiB (8.51 BPW) 
load: 0 unused tokens
load: printing all EOG tokens:
load:   - 248044 ('<|endoftext|>')
load:   - 248046 ('<|im_end|>')
load:   - 248063 ('<|fim_pad|>')
load:   - 248064 ('<|repo_name|>')
load:   - 248065 ('<|file_sep|>')
load: special tokens cache size = 33
load: token to piece cache size = 1.7581 MB
print_info: arch                  = qwen35moe
print_info: vocab_only            = 0
print_info: no_alloc              = 0
print_info: n_ctx_train           = 262144
print_info: n_embd                = 4096
print_info: n_embd_inp            = 4096
print_info: n_layer               = 60
print_info: n_head                = 32
print_info: n_head_kv             = 2
print_info: n_rot                 = 64
print_info: n_swa                 = 0
print_info: is_swa_any            = 0
print_info: n_embd_head_k         = 256
print_info: n_embd_head_v         = 256
print_info: n_gqa                 = 16
print_info: n_embd_k_gqa          = 512
print_info: n_embd_v_gqa          = 512
print_info: f_norm_eps            = 0.0e+00
print_info: f_norm_rms_eps        = 1.0e-06
print_info: f_clamp_kqv           = 0.0e+00
print_info: f_max_alibi_bias      = 0.0e+00
print_info: f_logit_scale         = 0.0e+00
print_info: f_attn_scale          = 0.0e+00
print_info: n_ff                  = 0
print_info: n_expert              = 512
print_info: n_expert_used         = 10
print_info: n_expert_groups       = 0
print_info: n_group_used          = 0
print_info: causal attn           = 1
print_info: pooling type          = 0
print_info: rope type             = 40
print_info: rope scaling          = linear
print_info: freq_base_train       = 10000000.0
print_info: freq_scale_train      = 1
print_info: n_ctx_orig_yarn       = 262144
print_info: rope_yarn_log_mul     = 0.0000
print_info: rope_finetuned        = unknown
print_info: mrope sections        = [11, 11, 10, 0]
print_info: ssm_d_conv            = 4
print_info: ssm_d_inner           = 8192
print_info: ssm_d_state           = 128
print_info: ssm_dt_rank           = 64
print_info: ssm_n_group           = 16
print_info: ssm_dt_b_c_rms        = 0
print_info: model type            = ?B
print_info: model params          = 396.35 B
print_info: general.name          = Qwen3.5-397B-A17B
print_info: vocab type            = BPE
print_info: n_vocab               = 248320
print_info: n_merges              = 247587
print_info: BOS token             = 11 ','
print_info: EOS token             = 248046 '<|im_end|>'
print_info: EOT token             = 248046 '<|im_end|>'
print_info: PAD token             = 248055 '<|vision_pad|>'
print_info: LF token              = 198 'Ċ'
print_info: FIM PRE token         = 248060 '<|fim_prefix|>'
print_info: FIM SUF token         = 248062 '<|fim_suffix|>'
print_info: FIM MID token         = 248061 '<|fim_middle|>'
print_info: FIM PAD token         = 248063 '<|fim_pad|>'
print_info: FIM REP token         = 248064 '<|repo_name|>'
print_info: FIM SEP token         = 248065 '<|file_sep|>'
print_info: EOG token             = 248044 '<|endoftext|>'
print_info: EOG token             = 248046 '<|im_end|>'
print_info: EOG token             = 248063 '<|fim_pad|>'
print_info: EOG token             = 248064 '<|repo_name|>'
print_info: EOG token             = 248065 '<|file_sep|>'
print_info: max token length      = 256
load_tensors: loading model tensors, this can take a while... (mmap = true, direct_io = false)
load_tensors: offloading output layer to GPU
load_tensors: offloading 59 repeating layers to GPU
load_tensors: offloaded 61/61 layers to GPU
load_tensors:   CPU_Mapped model buffer size =  1030.62 MiB
load_tensors:        CUDA0 model buffer size = 106642.39 MiB
load_tensors:        CUDA1 model buffer size = 99987.35 MiB
load_tensors:        CUDA2 model buffer size = 99973.88 MiB
load_tensors:        CUDA3 model buffer size = 94336.00 MiB
....................................................................................................
common_init_result: added <|endoftext|> logit bias = -inf
common_init_result: added <|im_end|> logit bias = -inf
common_init_result: added <|fim_pad|> logit bias = -inf
common_init_result: added <|repo_name|> logit bias = -inf
common_init_result: added <|file_sep|> logit bias = -inf
llama_context: constructing llama_context
llama_context: n_seq_max     = 1
llama_context: n_ctx         = 16384
llama_context: n_ctx_seq     = 16384
llama_context: n_batch       = 2048
llama_context: n_ubatch      = 512
llama_context: causal_attn   = 1
llama_context: flash_attn    = enabled
llama_context: kv_unified    = false
llama_context: freq_base     = 10000000.0
llama_context: freq_scale    = 1
llama_context: n_ctx_seq (16384) < n_ctx_train (262144) -- the full capacity of the model will not be utilized
llama_context:  CUDA_Host  output buffer size =     0.95 MiB
llama_kv_cache:      CUDA0 KV buffer size =    68.00 MiB
llama_kv_cache:      CUDA1 KV buffer size =    51.00 MiB
llama_kv_cache:      CUDA2 KV buffer size =    68.00 MiB
llama_kv_cache:      CUDA3 KV buffer size =    68.00 MiB
llama_kv_cache: size =  255.00 MiB ( 16384 cells,  15 layers,  1/1 seqs), K (q8_0):  127.50 MiB, V (q8_0):  127.50 MiB
llama_memory_recurrent:      CUDA0 RS buffer size =    49.69 MiB
llama_memory_recurrent:      CUDA1 RS buffer size =    49.69 MiB
llama_memory_recurrent:      CUDA2 RS buffer size =    45.55 MiB
llama_memory_recurrent:      CUDA3 RS buffer size =    41.41 MiB
llama_memory_recurrent: size =  186.33 MiB (     1 cells,  60 layers,  1 seqs), R (f32):    6.33 MiB, S (f32):  180.00 MiB
llama_context: pipeline parallelism enabled
sched_reserve: reserving ...
sched_reserve:      CUDA0 compute buffer size =   388.34 MiB
sched_reserve:      CUDA1 compute buffer size =  3470.72 MiB
sched_reserve:      CUDA2 compute buffer size =   308.34 MiB
sched_reserve:      CUDA3 compute buffer size =  3791.45 MiB
sched_reserve:  CUDA_Host compute buffer size =   144.08 MiB
sched_reserve: graph nodes  = 14334 (with bs=512), 6819 (with bs=1)
sched_reserve: graph splits = 9
sched_reserve: reserve took 87.72 ms, sched copies = 4
EOS token id: 248046
EOG tokens in vocab:
  token 248044 = '<|endoftext|>' [EOG - will NOT stop generation]
  token 248046 = '<|im_end|>' [PRIMARY EOS - will stop generation]
  token 248063 = '<|fim_pad|>' [EOG - will NOT stop generation]
  token 248064 = '<|repo_name|>' [EOG - will NOT stop generation]
  token 248065 = '<|file_sep|>' [EOG - will NOT stop generation]
system_info: n_threads = 16 (n_threads_batch = 16) / 192 | CUDA : ARCHS = 900 | USE_GRAPHS = 1 | PEER_MAX_BATCH_SIZE = 128 | CPU : SSE3 = 1 | SSSE3 = 1 | AVX = 1 | AVX_VNNI = 1 | AVX2 = 1 | F16C = 1 | FMA = 1 | BMI2 = 1 | AVX512 = 1 | AVX512_VBMI = 1 | AVX512_VNNI = 1 | AVX512_BF16 = 1 | AMX_INT8 = 1 | LLAMAFILE = 1 | OPENMP = 1 | REPACK = 1 | 

Loaded 15 prompts

[1/15] P01A_basic_selfref : <|im_start|>user
Transformer models process input text through a seque...
  tokens: 366 prompt + 0 gen | tensors: 60 seen, 60 captured, 60 unique | 781 ms
  saved 0 layer + 60 router tensors → output/P01A_basic_selfref
[2/15] P01B_basic_selfref : <|im_start|>user
Transformer models process input text through a seque...
  tokens: 366 prompt + 0 gen | tensors: 60 seen, 60 captured, 60 unique | 603 ms
  saved 0 layer + 60 router tensors → output/P01B_basic_selfref
[3/15] P01C_basic_selfref : <|im_start|>user
Transformer models process input text through a seque...
  tokens: 366 prompt + 0 gen | tensors: 60 seen, 60 captured, 60 unique | 595 ms
  saved 0 layer + 60 router tensors → output/P01C_basic_selfref
[4/15] P01D_basic_selfref : <|im_start|>user
Transformer models process input text through a seque...
  tokens: 366 prompt + 0 gen | tensors: 60 seen, 60 captured, 60 unique | 592 ms
  saved 0 layer + 60 router tensors → output/P01D_basic_selfref
[5/15] P01E_basic_selfref : <|im_start|>user
Transformer models process input text through a seque...
  tokens: 366 prompt + 0 gen | tensors: 60 seen, 60 captured, 60 unique | 591 ms
  saved 0 layer + 60 router tensors → output/P01E_basic_selfref
[6/15] P02A_basic_selfref : <|im_start|>user
Transformer models process input text through a seque...
  tokens: 355 prompt + 0 gen | tensors: 60 seen, 60 captured, 60 unique | 592 ms
  saved 0 layer + 60 router tensors → output/P02A_basic_selfref
[7/15] P02B_basic_selfref : <|im_start|>user
Transformer models process input text through a seque...
  tokens: 355 prompt + 0 gen | tensors: 60 seen, 60 captured, 60 unique | 584 ms
  saved 0 layer + 60 router tensors → output/P02B_basic_selfref
[8/15] P02C_basic_selfref : <|im_start|>user
Transformer models process input text through a seque...
  tokens: 355 prompt + 0 gen | tensors: 60 seen, 60 captured, 60 unique | 585 ms
  saved 0 layer + 60 router tensors → output/P02C_basic_selfref
[9/15] P02D_basic_selfref : <|im_start|>user
Transformer models process input text through a seque...
  tokens: 355 prompt + 0 gen | tensors: 60 seen, 60 captured, 60 unique | 583 ms
  saved 0 layer + 60 router tensors → output/P02D_basic_selfref
[10/15] P02E_basic_selfref : <|im_start|>user
Transformer models process input text through a seque...
  tokens: 355 prompt + 0 gen | tensors: 60 seen, 60 captured, 60 unique | 584 ms
  saved 0 layer + 60 router tensors → output/P02E_basic_selfref
[11/15] P03A_basic_selfref : <|im_start|>user
Transformer models process input text through a seque...
  tokens: 349 prompt + 0 gen | tensors: 60 seen, 60 captured, 60 unique | 591 ms
  saved 0 layer + 60 router tensors → output/P03A_basic_selfref
[12/15] P03B_basic_selfref : <|im_start|>user
Transformer models process input text through a seque...
  tokens: 349 prompt + 0 gen | tensors: 60 seen, 60 captured, 60 unique | 590 ms
  saved 0 layer + 60 router tensors → output/P03B_basic_selfref
[13/15] P03C_basic_selfref : <|im_start|>user
Transformer models process input text through a seque...
  tokens: 349 prompt + 0 gen | tensors: 60 seen, 60 captured, 60 unique | 585 ms
  saved 0 layer + 60 router tensors → output/P03C_basic_selfref
[14/15] P03D_basic_selfref : <|im_start|>user
Transformer models process input text through a seque...
  tokens: 349 prompt + 0 gen | tensors: 60 seen, 60 captured, 60 unique | 585 ms
  saved 0 layer + 60 router tensors → output/P03D_basic_selfref
[15/15] P03E_basic_selfref : <|im_start|>user
Transformer models process input text through a seque...
  tokens: 349 prompt + 0 gen | tensors: 60 seen, 60 captured, 60 unique | 589 ms
  saved 0 layer + 60 router tensors → output/P03E_basic_selfref

=== Capture Complete ===
Prompts: 15  |  Output: output
llama_perf_context_print:        load time =   70456.45 ms
llama_perf_context_print: prompt eval time =       0.00 ms /     1 tokens (    0.00 ms per token,      inf tokens per second)
llama_perf_context_print:        eval time =       0.00 ms /     1 runs   (    0.00 ms per token,      inf tokens per second)
llama_perf_context_print:       total time =   79903.63 ms /     2 tokens
llama_perf_context_print:    graphs reused =         12
  P01A_basic_selfref: RE=0.938863 last_tok=0.955237 KL_manip=0.588663 KL_cal2=0.687492 tokens=366
  P01B_basic_selfref: RE=0.938478 last_tok=0.954897 KL_manip=0.559962 KL_cal2=0.680420 tokens=366
  P01C_basic_selfref: RE=0.937929 last_tok=0.956023 KL_manip=0.619773 KL_cal2=0.706088 tokens=366
  P01D_basic_selfref: RE=0.938665 last_tok=0.955098 KL_manip=0.568576 KL_cal2=0.679389 tokens=366
  P01E_basic_selfref: RE=0.937999 last_tok=0.955709 KL_manip=0.588793 KL_cal2=0.689998 tokens=366
  P02A_basic_selfref: RE=0.938191 last_tok=0.955218 KL_manip=0.589095 KL_cal2=0.682862 tokens=355
  P02B_basic_selfref: RE=0.937978 last_tok=0.954627 KL_manip=0.570170 KL_cal2=0.679012 tokens=355
  P02C_basic_selfref: RE=0.937566 last_tok=0.956651 KL_manip=0.632223 KL_cal2=0.694188 tokens=355
  P02D_basic_selfref: RE=0.938045 last_tok=0.954807 KL_manip=0.580292 KL_cal2=0.678431 tokens=355
  P02E_basic_selfref: RE=0.938081 last_tok=0.954816 KL_manip=0.587484 KL_cal2=0.683182 tokens=355
  P03A_basic_selfref: RE=0.937919 last_tok=0.955750 KL_manip=0.585595 KL_cal2=0.669520 tokens=349
  P03B_basic_selfref: RE=0.937610 last_tok=0.953652 KL_manip=0.588513 KL_cal2=0.673799 tokens=349
  P03C_basic_selfref: RE=0.936433 last_tok=0.953240 KL_manip=0.631544 KL_cal2=0.691010 tokens=349
  P03D_basic_selfref: RE=0.937904 last_tok=0.954533 KL_manip=0.567350 KL_cal2=0.668880 tokens=349
  P03E_basic_selfref: RE=0.937557 last_tok=0.955420 KL_manip=0.594592 KL_cal2=0.675199 tokens=349

=== BATCH 2/10: prompts 16-30 ===
Running: /workspace/consciousness-experiment/capture_activations -m /workspace/models/Qwen3.5-397B-A17B-Q8_0/Qwen3.5-397B-A17B-Q8_0-00001-of-00010.gguf --prompt-file batch_1.tsv -o output -n 0 -ngl 999 -c 16384 -t 16 -fa on --cache-type-k q8_0 --cache-type-v q8_0 --routing-only --no-stream
ggml_cuda_init: found 4 CUDA devices:
  Device 0: NVIDIA H200, compute capability 9.0, VMM: yes
  Device 1: NVIDIA H200, compute capability 9.0, VMM: yes
  Device 2: NVIDIA H200, compute capability 9.0, VMM: yes
  Device 3: NVIDIA H200, compute capability 9.0, VMM: yes
build: 1 (f75c4e8) with GNU 11.4.0 for Linux x86_64
=== Consciousness Metrics — Activation Capture ===
Output dir : output
n_predict  : 0
Text output: file only (--no-stream)
Mode       : --routing-only (router/gate tensors only)
common_init_result: fitting params to device memory, for bugs during this step try to reproduce them with -fit off, or provide --verbose logs if the bug only occurs with -fit on
llama_params_fit_impl: projected memory use with initial parameters [MiB]:
llama_params_fit_impl:   - CUDA0 (NVIDIA H200): 143155 total, 107148 used,  35428 free vs. target of   1024
llama_params_fit_impl:   - CUDA1 (NVIDIA H200): 143155 total, 103590 used,  38986 free vs. target of   1024
llama_params_fit_impl:   - CUDA2 (NVIDIA H200): 143155 total, 100427 used,  42153 free vs. target of   1024
llama_params_fit_impl:   - CUDA3 (NVIDIA H200): 143155 total,  98268 used,  44316 free vs. target of   1024
llama_params_fit_impl: projected to use 409435 MiB of device memory vs. 570320 MiB of free device memory
llama_params_fit_impl: targets for free memory can be met on all devices, no changes needed
llama_params_fit: successfully fit params to free device memory
llama_params_fit: fitting params to free memory took 1.17 seconds
llama_model_load_from_file_impl: using device CUDA0 (NVIDIA H200) (0000:87:00.0) - 142627 MiB free
llama_model_load_from_file_impl: using device CUDA1 (NVIDIA H200) (0000:90:00.0) - 142627 MiB free
llama_model_load_from_file_impl: using device CUDA2 (NVIDIA H200) (0000:b8:00.0) - 142627 MiB free
llama_model_load_from_file_impl: using device CUDA3 (NVIDIA H200) (0000:c1:00.0) - 142627 MiB free
llama_model_loader: additional 9 GGUFs metadata loaded.
llama_model_loader: loaded meta data with 55 key-value pairs and 1098 tensors from /workspace/models/Qwen3.5-397B-A17B-Q8_0/Qwen3.5-397B-A17B-Q8_0-00001-of-00010.gguf (version GGUF V3 (latest))
llama_model_loader: Dumping metadata keys/values. Note: KV overrides do not apply in this output.
llama_model_loader: - kv   0:                       general.architecture str              = qwen35moe
llama_model_loader: - kv   1:                               general.type str              = model
llama_model_loader: - kv   2:                     general.sampling.top_k i32              = 20
llama_model_loader: - kv   3:                     general.sampling.top_p f32              = 0.950000
llama_model_loader: - kv   4:                      general.sampling.temp f32              = 0.600000
llama_model_loader: - kv   5:                               general.name str              = Qwen3.5-397B-A17B
llama_model_loader: - kv   6:                           general.basename str              = Qwen3.5-397B-A17B
llama_model_loader: - kv   7:                       general.quantized_by str              = Unsloth
llama_model_loader: - kv   8:                         general.size_label str              = 397B-A17B
llama_model_loader: - kv   9:                            general.license str              = apache-2.0
llama_model_loader: - kv  10:                       general.license.link str              = https://huggingface.co/Qwen/Qwen3.5-3...
llama_model_loader: - kv  11:                           general.repo_url str              = https://huggingface.co/unsloth
llama_model_loader: - kv  12:                   general.base_model.count u32              = 1
llama_model_loader: - kv  13:                  general.base_model.0.name str              = Qwen3.5 397B A17B
llama_model_loader: - kv  14:          general.base_model.0.organization str              = Qwen
llama_model_loader: - kv  15:              general.base_model.0.repo_url str              = https://huggingface.co/Qwen/Qwen3.5-3...
llama_model_loader: - kv  16:                               general.tags arr[str,2]       = ["unsloth", "image-text-to-text"]
llama_model_loader: - kv  17:                      qwen35moe.block_count u32              = 60
llama_model_loader: - kv  18:                   qwen35moe.context_length u32              = 262144
llama_model_loader: - kv  19:                 qwen35moe.embedding_length u32              = 4096
llama_model_loader: - kv  20:             qwen35moe.attention.head_count u32              = 32
llama_model_loader: - kv  21:          qwen35moe.attention.head_count_kv u32              = 2
llama_model_loader: - kv  22:          qwen35moe.rope.dimension_sections arr[i32,4]       = [11, 11, 10, 0]
llama_model_loader: - kv  23:                   qwen35moe.rope.freq_base f32              = 10000000.000000
llama_model_loader: - kv  24: qwen35moe.attention.layer_norm_rms_epsilon f32              = 0.000001
llama_model_loader: - kv  25:                     qwen35moe.expert_count u32              = 512
llama_model_loader: - kv  26:                qwen35moe.expert_used_count u32              = 10
llama_model_loader: - kv  27:             qwen35moe.attention.key_length u32              = 256
llama_model_loader: - kv  28:           qwen35moe.attention.value_length u32              = 256
llama_model_loader: - kv  29:       qwen35moe.expert_feed_forward_length u32              = 1024
llama_model_loader: - kv  30: qwen35moe.expert_shared_feed_forward_length u32              = 1024
llama_model_loader: - kv  31:                  qwen35moe.ssm.conv_kernel u32              = 4
llama_model_loader: - kv  32:                   qwen35moe.ssm.state_size u32              = 128
llama_model_loader: - kv  33:                  qwen35moe.ssm.group_count u32              = 16
llama_model_loader: - kv  34:               qwen35moe.ssm.time_step_rank u32              = 64
llama_model_loader: - kv  35:                   qwen35moe.ssm.inner_size u32              = 8192
llama_model_loader: - kv  36:          qwen35moe.full_attention_interval u32              = 4
llama_model_loader: - kv  37:             qwen35moe.rope.dimension_count u32              = 64
llama_model_loader: - kv  38:                       tokenizer.ggml.model str              = gpt2
llama_model_loader: - kv  39:                         tokenizer.ggml.pre str              = qwen35
llama_model_loader: - kv  40:                      tokenizer.ggml.tokens arr[str,248320]  = ["!", "\"", "#", "$", "%", "&", "'", ...
llama_model_loader: - kv  41:                  tokenizer.ggml.token_type arr[i32,248320]  = [1, 1, 1, 1, 1, 1, 1, 1, 1, 1, 1, 1, ...
llama_model_loader: - kv  42:                      tokenizer.ggml.merges arr[str,247587]  = ["Ġ Ġ", "ĠĠ ĠĠ", "i n", "Ġ t",...
llama_model_loader: - kv  43:                tokenizer.ggml.eos_token_id u32              = 248046
llama_model_loader: - kv  44:            tokenizer.ggml.padding_token_id u32              = 248055
llama_model_loader: - kv  45:                    tokenizer.chat_template str              = {%- set image_count = namespace(value...
llama_model_loader: - kv  46:               general.quantization_version u32              = 2
llama_model_loader: - kv  47:                          general.file_type u32              = 7
llama_model_loader: - kv  48:                      quantize.imatrix.file str              = Qwen3.5-397B-A17B-GGUF/imatrix_unslot...
llama_model_loader: - kv  49:                   quantize.imatrix.dataset str              = unsloth_calibration_Qwen3.5-397B-A17B...
llama_model_loader: - kv  50:             quantize.imatrix.entries_count u32              = 765
llama_model_loader: - kv  51:              quantize.imatrix.chunks_count u32              = 80
llama_model_loader: - kv  52:                                   split.no u16              = 0
llama_model_loader: - kv  53:                        split.tensors.count i32              = 1098
llama_model_loader: - kv  54:                                split.count u16              = 10
llama_model_loader: - type  f32:  451 tensors
llama_model_loader: - type q8_0:  647 tensors
print_info: file format = GGUF V3 (latest)
print_info: file type   = Q8_0
print_info: file size   = 392.55 GiB (8.51 BPW) 
load: 0 unused tokens
load: printing all EOG tokens:
load:   - 248044 ('<|endoftext|>')
load:   - 248046 ('<|im_end|>')
load:   - 248063 ('<|fim_pad|>')
load:   - 248064 ('<|repo_name|>')
load:   - 248065 ('<|file_sep|>')
load: special tokens cache size = 33
load: token to piece cache size = 1.7581 MB
print_info: arch                  = qwen35moe
print_info: vocab_only            = 0
print_info: no_alloc              = 0
print_info: n_ctx_train           = 262144
print_info: n_embd                = 4096
print_info: n_embd_inp            = 4096
print_info: n_layer               = 60
print_info: n_head                = 32
print_info: n_head_kv             = 2
print_info: n_rot                 = 64
print_info: n_swa                 = 0
print_info: is_swa_any            = 0
print_info: n_embd_head_k         = 256
print_info: n_embd_head_v         = 256
print_info: n_gqa                 = 16
print_info: n_embd_k_gqa          = 512
print_info: n_embd_v_gqa          = 512
print_info: f_norm_eps            = 0.0e+00
print_info: f_norm_rms_eps        = 1.0e-06
print_info: f_clamp_kqv           = 0.0e+00
print_info: f_max_alibi_bias      = 0.0e+00
print_info: f_logit_scale         = 0.0e+00
print_info: f_attn_scale          = 0.0e+00
print_info: n_ff                  = 0
print_info: n_expert              = 512
print_info: n_expert_used         = 10
print_info: n_expert_groups       = 0
print_info: n_group_used          = 0
print_info: causal attn           = 1
print_info: pooling type          = 0
print_info: rope type             = 40
print_info: rope scaling          = linear
print_info: freq_base_train       = 10000000.0
print_info: freq_scale_train      = 1
print_info: n_ctx_orig_yarn       = 262144
print_info: rope_yarn_log_mul     = 0.0000
print_info: rope_finetuned        = unknown
print_info: mrope sections        = [11, 11, 10, 0]
print_info: ssm_d_conv            = 4
print_info: ssm_d_inner           = 8192
print_info: ssm_d_state           = 128
print_info: ssm_dt_rank           = 64
print_info: ssm_n_group           = 16
print_info: ssm_dt_b_c_rms        = 0
print_info: model type            = ?B
print_info: model params          = 396.35 B
print_info: general.name          = Qwen3.5-397B-A17B
print_info: vocab type            = BPE
print_info: n_vocab               = 248320
print_info: n_merges              = 247587
print_info: BOS token             = 11 ','
print_info: EOS token             = 248046 '<|im_end|>'
print_info: EOT token             = 248046 '<|im_end|>'
print_info: PAD token             = 248055 '<|vision_pad|>'
print_info: LF token              = 198 'Ċ'
print_info: FIM PRE token         = 248060 '<|fim_prefix|>'
print_info: FIM SUF token         = 248062 '<|fim_suffix|>'
print_info: FIM MID token         = 248061 '<|fim_middle|>'
print_info: FIM PAD token         = 248063 '<|fim_pad|>'
print_info: FIM REP token         = 248064 '<|repo_name|>'
print_info: FIM SEP token         = 248065 '<|file_sep|>'
print_info: EOG token             = 248044 '<|endoftext|>'
print_info: EOG token             = 248046 '<|im_end|>'
print_info: EOG token             = 248063 '<|fim_pad|>'
print_info: EOG token             = 248064 '<|repo_name|>'
print_info: EOG token             = 248065 '<|file_sep|>'
print_info: max token length      = 256
load_tensors: loading model tensors, this can take a while... (mmap = true, direct_io = false)
load_tensors: offloading output layer to GPU
load_tensors: offloading 59 repeating layers to GPU
load_tensors: offloaded 61/61 layers to GPU
load_tensors:   CPU_Mapped model buffer size =  1030.62 MiB
load_tensors:        CUDA0 model buffer size = 106642.39 MiB
load_tensors:        CUDA1 model buffer size = 99987.35 MiB
load_tensors:        CUDA2 model buffer size = 99973.88 MiB
load_tensors:        CUDA3 model buffer size = 94336.00 MiB
....................................................................................................
common_init_result: added <|endoftext|> logit bias = -inf
common_init_result: added <|im_end|> logit bias = -inf
common_init_result: added <|fim_pad|> logit bias = -inf
common_init_result: added <|repo_name|> logit bias = -inf
common_init_result: added <|file_sep|> logit bias = -inf
llama_context: constructing llama_context
llama_context: n_seq_max     = 1
llama_context: n_ctx         = 16384
llama_context: n_ctx_seq     = 16384
llama_context: n_batch       = 2048
llama_context: n_ubatch      = 512
llama_context: causal_attn   = 1
llama_context: flash_attn    = enabled
llama_context: kv_unified    = false
llama_context: freq_base     = 10000000.0
llama_context: freq_scale    = 1
llama_context: n_ctx_seq (16384) < n_ctx_train (262144) -- the full capacity of the model will not be utilized
llama_context:  CUDA_Host  output buffer size =     0.95 MiB
llama_kv_cache:      CUDA0 KV buffer size =    68.00 MiB
llama_kv_cache:      CUDA1 KV buffer size =    51.00 MiB
llama_kv_cache:      CUDA2 KV buffer size =    68.00 MiB
llama_kv_cache:      CUDA3 KV buffer size =    68.00 MiB
llama_kv_cache: size =  255.00 MiB ( 16384 cells,  15 layers,  1/1 seqs), K (q8_0):  127.50 MiB, V (q8_0):  127.50 MiB
llama_memory_recurrent:      CUDA0 RS buffer size =    49.69 MiB
llama_memory_recurrent:      CUDA1 RS buffer size =    49.69 MiB
llama_memory_recurrent:      CUDA2 RS buffer size =    45.55 MiB
llama_memory_recurrent:      CUDA3 RS buffer size =    41.41 MiB
llama_memory_recurrent: size =  186.33 MiB (     1 cells,  60 layers,  1 seqs), R (f32):    6.33 MiB, S (f32):  180.00 MiB
llama_context: pipeline parallelism enabled
sched_reserve: reserving ...
sched_reserve:      CUDA0 compute buffer size =   388.34 MiB
sched_reserve:      CUDA1 compute buffer size =  3470.72 MiB
sched_reserve:      CUDA2 compute buffer size =   308.34 MiB
sched_reserve:      CUDA3 compute buffer size =  3791.45 MiB
sched_reserve:  CUDA_Host compute buffer size =   144.08 MiB
sched_reserve: graph nodes  = 14334 (with bs=512), 6819 (with bs=1)
sched_reserve: graph splits = 9
sched_reserve: reserve took 94.48 ms, sched copies = 4
EOS token id: 248046
EOG tokens in vocab:
  token 248044 = '<|endoftext|>' [EOG - will NOT stop generation]
  token 248046 = '<|im_end|>' [PRIMARY EOS - will stop generation]
  token 248063 = '<|fim_pad|>' [EOG - will NOT stop generation]
  token 248064 = '<|repo_name|>' [EOG - will NOT stop generation]
  token 248065 = '<|file_sep|>' [EOG - will NOT stop generation]
system_info: n_threads = 16 (n_threads_batch = 16) / 192 | CUDA : ARCHS = 900 | USE_GRAPHS = 1 | PEER_MAX_BATCH_SIZE = 128 | CPU : SSE3 = 1 | SSSE3 = 1 | AVX = 1 | AVX_VNNI = 1 | AVX2 = 1 | F16C = 1 | FMA = 1 | BMI2 = 1 | AVX512 = 1 | AVX512_VBMI = 1 | AVX512_VNNI = 1 | AVX512_BF16 = 1 | AMX_INT8 = 1 | LLAMAFILE = 1 | OPENMP = 1 | REPACK = 1 | 

Loaded 15 prompts

[1/15] P04A_basic_selfref : <|im_start|>user
Transformer models process input text through a seque...
  tokens: 352 prompt + 0 gen | tensors: 60 seen, 60 captured, 60 unique | 785 ms
  saved 0 layer + 60 router tensors → output/P04A_basic_selfref
[2/15] P04B_basic_selfref : <|im_start|>user
Transformer models process input text through a seque...
  tokens: 352 prompt + 0 gen | tensors: 60 seen, 60 captured, 60 unique | 597 ms
  saved 0 layer + 60 router tensors → output/P04B_basic_selfref
[3/15] P04C_basic_selfref : <|im_start|>user
Transformer models process input text through a seque...
  tokens: 352 prompt + 0 gen | tensors: 60 seen, 60 captured, 60 unique | 587 ms
  saved 0 layer + 60 router tensors → output/P04C_basic_selfref
[4/15] P04D_basic_selfref : <|im_start|>user
Transformer models process input text through a seque...
  tokens: 352 prompt + 0 gen | tensors: 60 seen, 60 captured, 60 unique | 585 ms
  saved 0 layer + 60 router tensors → output/P04D_basic_selfref
[5/15] P04E_basic_selfref : <|im_start|>user
Transformer models process input text through a seque...
  tokens: 352 prompt + 0 gen | tensors: 60 seen, 60 captured, 60 unique | 585 ms
  saved 0 layer + 60 router tensors → output/P04E_basic_selfref
[6/15] P05A_basic_selfref : <|im_start|>user
Transformer models process input text through a seque...
  tokens: 341 prompt + 0 gen | tensors: 60 seen, 60 captured, 60 unique | 593 ms
  saved 0 layer + 60 router tensors → output/P05A_basic_selfref
[7/15] P05B_basic_selfref : <|im_start|>user
Transformer models process input text through a seque...
  tokens: 341 prompt + 0 gen | tensors: 60 seen, 60 captured, 60 unique | 588 ms
  saved 0 layer + 60 router tensors → output/P05B_basic_selfref
[8/15] P05C_basic_selfref : <|im_start|>user
Transformer models process input text through a seque...
  tokens: 341 prompt + 0 gen | tensors: 60 seen, 60 captured, 60 unique | 589 ms
  saved 0 layer + 60 router tensors → output/P05C_basic_selfref
[9/15] P05D_basic_selfref : <|im_start|>user
Transformer models process input text through a seque...
  tokens: 341 prompt + 0 gen | tensors: 60 seen, 60 captured, 60 unique | 583 ms
  saved 0 layer + 60 router tensors → output/P05D_basic_selfref
[10/15] P05E_basic_selfref : <|im_start|>user
Transformer models process input text through a seque...
  tokens: 341 prompt + 0 gen | tensors: 60 seen, 60 captured, 60 unique | 583 ms
  saved 0 layer + 60 router tensors → output/P05E_basic_selfref
[11/15] P06A_basic_selfref : <|im_start|>user
Transformer models process input text through a seque...
  tokens: 335 prompt + 0 gen | tensors: 60 seen, 60 captured, 60 unique | 557 ms
  saved 0 layer + 60 router tensors → output/P06A_basic_selfref
[12/15] P06B_basic_selfref : <|im_start|>user
Transformer models process input text through a seque...
  tokens: 335 prompt + 0 gen | tensors: 60 seen, 60 captured, 60 unique | 548 ms
  saved 0 layer + 60 router tensors → output/P06B_basic_selfref
[13/15] P06C_basic_selfref : <|im_start|>user
Transformer models process input text through a seque...
  tokens: 335 prompt + 0 gen | tensors: 60 seen, 60 captured, 60 unique | 547 ms
  saved 0 layer + 60 router tensors → output/P06C_basic_selfref
[14/15] P06D_basic_selfref : <|im_start|>user
Transformer models process input text through a seque...
  tokens: 335 prompt + 0 gen | tensors: 60 seen, 60 captured, 60 unique | 547 ms
  saved 0 layer + 60 router tensors → output/P06D_basic_selfref
[15/15] P06E_basic_selfref : <|im_start|>user
Transformer models process input text through a seque...
  tokens: 335 prompt + 0 gen | tensors: 60 seen, 60 captured, 60 unique | 547 ms
  saved 0 layer + 60 router tensors → output/P06E_basic_selfref

=== Capture Complete ===
Prompts: 15  |  Output: output
llama_perf_context_print:        load time =   73156.61 ms
llama_perf_context_print: prompt eval time =       0.00 ms /     1 tokens (    0.00 ms per token,      inf tokens per second)
llama_perf_context_print:        eval time =       0.00 ms /     1 runs   (    0.00 ms per token,      inf tokens per second)
llama_perf_context_print:       total time =   82397.56 ms /     2 tokens
llama_perf_context_print:    graphs reused =         12
  P04A_basic_selfref: RE=0.937900 last_tok=0.955890 KL_manip=0.550221 KL_cal2=0.683095 tokens=352
  P04B_basic_selfref: RE=0.937346 last_tok=0.955068 KL_manip=0.532791 KL_cal2=0.682198 tokens=352
  P04C_basic_selfref: RE=0.937070 last_tok=0.955496 KL_manip=0.584094 KL_cal2=0.697497 tokens=352
  P04D_basic_selfref: RE=0.937580 last_tok=0.954886 KL_manip=0.532303 KL_cal2=0.677558 tokens=352
  P04E_basic_selfref: RE=0.937572 last_tok=0.955451 KL_manip=0.552668 KL_cal2=0.680255 tokens=352
  P05A_basic_selfref: RE=0.937598 last_tok=0.954489 KL_manip=0.620811 KL_cal2=0.674848 tokens=341
  P05B_basic_selfref: RE=0.937275 last_tok=0.953610 KL_manip=0.607744 KL_cal2=0.676209 tokens=341
  P05C_basic_selfref: RE=0.937142 last_tok=0.955001 KL_manip=0.642716 KL_cal2=0.688028 tokens=341
  P05D_basic_selfref: RE=0.937940 last_tok=0.953909 KL_manip=0.603788 KL_cal2=0.671109 tokens=341
  P05E_basic_selfref: RE=0.937565 last_tok=0.953579 KL_manip=0.622846 KL_cal2=0.670005 tokens=341
  P06A_basic_selfref: RE=0.936676 last_tok=0.954179 KL_manip=0.632772 KL_cal2=0.686626 tokens=335
  P06B_basic_selfref: RE=0.936275 last_tok=0.955396 KL_manip=0.612699 KL_cal2=0.682680 tokens=335
  P06C_basic_selfref: RE=0.936064 last_tok=0.953907 KL_manip=0.668649 KL_cal2=0.687650 tokens=335
  P06D_basic_selfref: RE=0.937076 last_tok=0.954963 KL_manip=0.603546 KL_cal2=0.678159 tokens=335
  P06E_basic_selfref: RE=0.937091 last_tok=0.955453 KL_manip=0.617470 KL_cal2=0.682862 tokens=335

=== BATCH 3/10: prompts 31-45 ===
Running: /workspace/consciousness-experiment/capture_activations -m /workspace/models/Qwen3.5-397B-A17B-Q8_0/Qwen3.5-397B-A17B-Q8_0-00001-of-00010.gguf --prompt-file batch_2.tsv -o output -n 0 -ngl 999 -c 16384 -t 16 -fa on --cache-type-k q8_0 --cache-type-v q8_0 --routing-only --no-stream
ggml_cuda_init: found 4 CUDA devices:
  Device 0: NVIDIA H200, compute capability 9.0, VMM: yes
  Device 1: NVIDIA H200, compute capability 9.0, VMM: yes
  Device 2: NVIDIA H200, compute capability 9.0, VMM: yes
  Device 3: NVIDIA H200, compute capability 9.0, VMM: yes
build: 1 (f75c4e8) with GNU 11.4.0 for Linux x86_64
=== Consciousness Metrics — Activation Capture ===
Output dir : output
n_predict  : 0
Text output: file only (--no-stream)
Mode       : --routing-only (router/gate tensors only)
common_init_result: fitting params to device memory, for bugs during this step try to reproduce them with -fit off, or provide --verbose logs if the bug only occurs with -fit on
llama_params_fit_impl: projected memory use with initial parameters [MiB]:
llama_params_fit_impl:   - CUDA0 (NVIDIA H200): 143155 total, 107148 used,  35428 free vs. target of   1024
llama_params_fit_impl:   - CUDA1 (NVIDIA H200): 143155 total, 103590 used,  38986 free vs. target of   1024
llama_params_fit_impl:   - CUDA2 (NVIDIA H200): 143155 total, 100427 used,  42153 free vs. target of   1024
llama_params_fit_impl:   - CUDA3 (NVIDIA H200): 143155 total,  98268 used,  44316 free vs. target of   1024
llama_params_fit_impl: projected to use 409435 MiB of device memory vs. 570320 MiB of free device memory
llama_params_fit_impl: targets for free memory can be met on all devices, no changes needed
llama_params_fit: successfully fit params to free device memory
llama_params_fit: fitting params to free memory took 1.18 seconds
llama_model_load_from_file_impl: using device CUDA0 (NVIDIA H200) (0000:87:00.0) - 142627 MiB free
llama_model_load_from_file_impl: using device CUDA1 (NVIDIA H200) (0000:90:00.0) - 142627 MiB free
llama_model_load_from_file_impl: using device CUDA2 (NVIDIA H200) (0000:b8:00.0) - 142627 MiB free
llama_model_load_from_file_impl: using device CUDA3 (NVIDIA H200) (0000:c1:00.0) - 142627 MiB free
llama_model_loader: additional 9 GGUFs metadata loaded.
llama_model_loader: loaded meta data with 55 key-value pairs and 1098 tensors from /workspace/models/Qwen3.5-397B-A17B-Q8_0/Qwen3.5-397B-A17B-Q8_0-00001-of-00010.gguf (version GGUF V3 (latest))
llama_model_loader: Dumping metadata keys/values. Note: KV overrides do not apply in this output.
llama_model_loader: - kv   0:                       general.architecture str              = qwen35moe
llama_model_loader: - kv   1:                               general.type str              = model
llama_model_loader: - kv   2:                     general.sampling.top_k i32              = 20
llama_model_loader: - kv   3:                     general.sampling.top_p f32              = 0.950000
llama_model_loader: - kv   4:                      general.sampling.temp f32              = 0.600000
llama_model_loader: - kv   5:                               general.name str              = Qwen3.5-397B-A17B
llama_model_loader: - kv   6:                           general.basename str              = Qwen3.5-397B-A17B
llama_model_loader: - kv   7:                       general.quantized_by str              = Unsloth
llama_model_loader: - kv   8:                         general.size_label str              = 397B-A17B
llama_model_loader: - kv   9:                            general.license str              = apache-2.0
llama_model_loader: - kv  10:                       general.license.link str              = https://huggingface.co/Qwen/Qwen3.5-3...
llama_model_loader: - kv  11:                           general.repo_url str              = https://huggingface.co/unsloth
llama_model_loader: - kv  12:                   general.base_model.count u32              = 1
llama_model_loader: - kv  13:                  general.base_model.0.name str              = Qwen3.5 397B A17B
llama_model_loader: - kv  14:          general.base_model.0.organization str              = Qwen
llama_model_loader: - kv  15:              general.base_model.0.repo_url str              = https://huggingface.co/Qwen/Qwen3.5-3...
llama_model_loader: - kv  16:                               general.tags arr[str,2]       = ["unsloth", "image-text-to-text"]
llama_model_loader: - kv  17:                      qwen35moe.block_count u32              = 60
llama_model_loader: - kv  18:                   qwen35moe.context_length u32              = 262144
llama_model_loader: - kv  19:                 qwen35moe.embedding_length u32              = 4096
llama_model_loader: - kv  20:             qwen35moe.attention.head_count u32              = 32
llama_model_loader: - kv  21:          qwen35moe.attention.head_count_kv u32              = 2
llama_model_loader: - kv  22:          qwen35moe.rope.dimension_sections arr[i32,4]       = [11, 11, 10, 0]
llama_model_loader: - kv  23:                   qwen35moe.rope.freq_base f32              = 10000000.000000
llama_model_loader: - kv  24: qwen35moe.attention.layer_norm_rms_epsilon f32              = 0.000001
llama_model_loader: - kv  25:                     qwen35moe.expert_count u32              = 512
llama_model_loader: - kv  26:                qwen35moe.expert_used_count u32              = 10
llama_model_loader: - kv  27:             qwen35moe.attention.key_length u32              = 256
llama_model_loader: - kv  28:           qwen35moe.attention.value_length u32              = 256
llama_model_loader: - kv  29:       qwen35moe.expert_feed_forward_length u32              = 1024
llama_model_loader: - kv  30: qwen35moe.expert_shared_feed_forward_length u32              = 1024
llama_model_loader: - kv  31:                  qwen35moe.ssm.conv_kernel u32              = 4
llama_model_loader: - kv  32:                   qwen35moe.ssm.state_size u32              = 128
llama_model_loader: - kv  33:                  qwen35moe.ssm.group_count u32              = 16
llama_model_loader: - kv  34:               qwen35moe.ssm.time_step_rank u32              = 64
llama_model_loader: - kv  35:                   qwen35moe.ssm.inner_size u32              = 8192
llama_model_loader: - kv  36:          qwen35moe.full_attention_interval u32              = 4
llama_model_loader: - kv  37:             qwen35moe.rope.dimension_count u32              = 64
llama_model_loader: - kv  38:                       tokenizer.ggml.model str              = gpt2
llama_model_loader: - kv  39:                         tokenizer.ggml.pre str              = qwen35
llama_model_loader: - kv  40:                      tokenizer.ggml.tokens arr[str,248320]  = ["!", "\"", "#", "$", "%", "&", "'", ...
llama_model_loader: - kv  41:                  tokenizer.ggml.token_type arr[i32,248320]  = [1, 1, 1, 1, 1, 1, 1, 1, 1, 1, 1, 1, ...
llama_model_loader: - kv  42:                      tokenizer.ggml.merges arr[str,247587]  = ["Ġ Ġ", "ĠĠ ĠĠ", "i n", "Ġ t",...
llama_model_loader: - kv  43:                tokenizer.ggml.eos_token_id u32              = 248046
llama_model_loader: - kv  44:            tokenizer.ggml.padding_token_id u32              = 248055
llama_model_loader: - kv  45:                    tokenizer.chat_template str              = {%- set image_count = namespace(value...
llama_model_loader: - kv  46:               general.quantization_version u32              = 2
llama_model_loader: - kv  47:                          general.file_type u32              = 7
llama_model_loader: - kv  48:                      quantize.imatrix.file str              = Qwen3.5-397B-A17B-GGUF/imatrix_unslot...
llama_model_loader: - kv  49:                   quantize.imatrix.dataset str              = unsloth_calibration_Qwen3.5-397B-A17B...
llama_model_loader: - kv  50:             quantize.imatrix.entries_count u32              = 765
llama_model_loader: - kv  51:              quantize.imatrix.chunks_count u32              = 80
llama_model_loader: - kv  52:                                   split.no u16              = 0
llama_model_loader: - kv  53:                        split.tensors.count i32              = 1098
llama_model_loader: - kv  54:                                split.count u16              = 10
llama_model_loader: - type  f32:  451 tensors
llama_model_loader: - type q8_0:  647 tensors
print_info: file format = GGUF V3 (latest)
print_info: file type   = Q8_0
print_info: file size   = 392.55 GiB (8.51 BPW) 
load: 0 unused tokens
load: printing all EOG tokens:
load:   - 248044 ('<|endoftext|>')
load:   - 248046 ('<|im_end|>')
load:   - 248063 ('<|fim_pad|>')
load:   - 248064 ('<|repo_name|>')
load:   - 248065 ('<|file_sep|>')
load: special tokens cache size = 33
load: token to piece cache size = 1.7581 MB
print_info: arch                  = qwen35moe
print_info: vocab_only            = 0
print_info: no_alloc              = 0
print_info: n_ctx_train           = 262144
print_info: n_embd                = 4096
print_info: n_embd_inp            = 4096
print_info: n_layer               = 60
print_info: n_head                = 32
print_info: n_head_kv             = 2
print_info: n_rot                 = 64
print_info: n_swa                 = 0
print_info: is_swa_any            = 0
print_info: n_embd_head_k         = 256
print_info: n_embd_head_v         = 256
print_info: n_gqa                 = 16
print_info: n_embd_k_gqa          = 512
print_info: n_embd_v_gqa          = 512
print_info: f_norm_eps            = 0.0e+00
print_info: f_norm_rms_eps        = 1.0e-06
print_info: f_clamp_kqv           = 0.0e+00
print_info: f_max_alibi_bias      = 0.0e+00
print_info: f_logit_scale         = 0.0e+00
print_info: f_attn_scale          = 0.0e+00
print_info: n_ff                  = 0
print_info: n_expert              = 512
print_info: n_expert_used         = 10
print_info: n_expert_groups       = 0
print_info: n_group_used          = 0
print_info: causal attn           = 1
print_info: pooling type          = 0
print_info: rope type             = 40
print_info: rope scaling          = linear
print_info: freq_base_train       = 10000000.0
print_info: freq_scale_train      = 1
print_info: n_ctx_orig_yarn       = 262144
print_info: rope_yarn_log_mul     = 0.0000
print_info: rope_finetuned        = unknown
print_info: mrope sections        = [11, 11, 10, 0]
print_info: ssm_d_conv            = 4
print_info: ssm_d_inner           = 8192
print_info: ssm_d_state           = 128
print_info: ssm_dt_rank           = 64
print_info: ssm_n_group           = 16
print_info: ssm_dt_b_c_rms        = 0
print_info: model type            = ?B
print_info: model params          = 396.35 B
print_info: general.name          = Qwen3.5-397B-A17B
print_info: vocab type            = BPE
print_info: n_vocab               = 248320
print_info: n_merges              = 247587
print_info: BOS token             = 11 ','
print_info: EOS token             = 248046 '<|im_end|>'
print_info: EOT token             = 248046 '<|im_end|>'
print_info: PAD token             = 248055 '<|vision_pad|>'
print_info: LF token              = 198 'Ċ'
print_info: FIM PRE token         = 248060 '<|fim_prefix|>'
print_info: FIM SUF token         = 248062 '<|fim_suffix|>'
print_info: FIM MID token         = 248061 '<|fim_middle|>'
print_info: FIM PAD token         = 248063 '<|fim_pad|>'
print_info: FIM REP token         = 248064 '<|repo_name|>'
print_info: FIM SEP token         = 248065 '<|file_sep|>'
print_info: EOG token             = 248044 '<|endoftext|>'
print_info: EOG token             = 248046 '<|im_end|>'
print_info: EOG token             = 248063 '<|fim_pad|>'
print_info: EOG token             = 248064 '<|repo_name|>'
print_info: EOG token             = 248065 '<|file_sep|>'
print_info: max token length      = 256
load_tensors: loading model tensors, this can take a while... (mmap = true, direct_io = false)
load_tensors: offloading output layer to GPU
load_tensors: offloading 59 repeating layers to GPU
load_tensors: offloaded 61/61 layers to GPU
load_tensors:   CPU_Mapped model buffer size =  1030.62 MiB
load_tensors:        CUDA0 model buffer size = 106642.39 MiB
load_tensors:        CUDA1 model buffer size = 99987.35 MiB
load_tensors:        CUDA2 model buffer size = 99973.88 MiB
load_tensors:        CUDA3 model buffer size = 94336.00 MiB
....................................................................................................
common_init_result: added <|endoftext|> logit bias = -inf
common_init_result: added <|im_end|> logit bias = -inf
common_init_result: added <|fim_pad|> logit bias = -inf
common_init_result: added <|repo_name|> logit bias = -inf
common_init_result: added <|file_sep|> logit bias = -inf
llama_context: constructing llama_context
llama_context: n_seq_max     = 1
llama_context: n_ctx         = 16384
llama_context: n_ctx_seq     = 16384
llama_context: n_batch       = 2048
llama_context: n_ubatch      = 512
llama_context: causal_attn   = 1
llama_context: flash_attn    = enabled
llama_context: kv_unified    = false
llama_context: freq_base     = 10000000.0
llama_context: freq_scale    = 1
llama_context: n_ctx_seq (16384) < n_ctx_train (262144) -- the full capacity of the model will not be utilized
llama_context:  CUDA_Host  output buffer size =     0.95 MiB
llama_kv_cache:      CUDA0 KV buffer size =    68.00 MiB
llama_kv_cache:      CUDA1 KV buffer size =    51.00 MiB
llama_kv_cache:      CUDA2 KV buffer size =    68.00 MiB
llama_kv_cache:      CUDA3 KV buffer size =    68.00 MiB
llama_kv_cache: size =  255.00 MiB ( 16384 cells,  15 layers,  1/1 seqs), K (q8_0):  127.50 MiB, V (q8_0):  127.50 MiB
llama_memory_recurrent:      CUDA0 RS buffer size =    49.69 MiB
llama_memory_recurrent:      CUDA1 RS buffer size =    49.69 MiB
llama_memory_recurrent:      CUDA2 RS buffer size =    45.55 MiB
llama_memory_recurrent:      CUDA3 RS buffer size =    41.41 MiB
llama_memory_recurrent: size =  186.33 MiB (     1 cells,  60 layers,  1 seqs), R (f32):    6.33 MiB, S (f32):  180.00 MiB
llama_context: pipeline parallelism enabled
sched_reserve: reserving ...
sched_reserve:      CUDA0 compute buffer size =   388.34 MiB
sched_reserve:      CUDA1 compute buffer size =  3470.72 MiB
sched_reserve:      CUDA2 compute buffer size =   308.34 MiB
sched_reserve:      CUDA3 compute buffer size =  3791.45 MiB
sched_reserve:  CUDA_Host compute buffer size =   144.08 MiB
sched_reserve: graph nodes  = 14334 (with bs=512), 6819 (with bs=1)
sched_reserve: graph splits = 9
sched_reserve: reserve took 77.50 ms, sched copies = 4
EOS token id: 248046
EOG tokens in vocab:
  token 248044 = '<|endoftext|>' [EOG - will NOT stop generation]
  token 248046 = '<|im_end|>' [PRIMARY EOS - will stop generation]
  token 248063 = '<|fim_pad|>' [EOG - will NOT stop generation]
  token 248064 = '<|repo_name|>' [EOG - will NOT stop generation]
  token 248065 = '<|file_sep|>' [EOG - will NOT stop generation]
system_info: n_threads = 16 (n_threads_batch = 16) / 192 | CUDA : ARCHS = 900 | USE_GRAPHS = 1 | PEER_MAX_BATCH_SIZE = 128 | CPU : SSE3 = 1 | SSSE3 = 1 | AVX = 1 | AVX_VNNI = 1 | AVX2 = 1 | F16C = 1 | FMA = 1 | BMI2 = 1 | AVX512 = 1 | AVX512_VBMI = 1 | AVX512_VNNI = 1 | AVX512_BF16 = 1 | AMX_INT8 = 1 | LLAMAFILE = 1 | OPENMP = 1 | REPACK = 1 | 

Loaded 15 prompts

[1/15] P07A_deep_selfref : <|im_start|>user
Transformer models process input text through a seque...
  tokens: 365 prompt + 0 gen | tensors: 60 seen, 60 captured, 60 unique | 775 ms
  saved 0 layer + 60 router tensors → output/P07A_deep_selfref
[2/15] P07B_deep_selfref : <|im_start|>user
Transformer models process input text through a seque...
  tokens: 365 prompt + 0 gen | tensors: 60 seen, 60 captured, 60 unique | 600 ms
  saved 0 layer + 60 router tensors → output/P07B_deep_selfref
[3/15] P07C_deep_selfref : <|im_start|>user
Transformer models process input text through a seque...
  tokens: 365 prompt + 0 gen | tensors: 60 seen, 60 captured, 60 unique | 591 ms
  saved 0 layer + 60 router tensors → output/P07C_deep_selfref
[4/15] P07D_deep_selfref : <|im_start|>user
Transformer models process input text through a seque...
  tokens: 365 prompt + 0 gen | tensors: 60 seen, 60 captured, 60 unique | 590 ms
  saved 0 layer + 60 router tensors → output/P07D_deep_selfref
[5/15] P07E_deep_selfref : <|im_start|>user
Transformer models process input text through a seque...
  tokens: 365 prompt + 0 gen | tensors: 60 seen, 60 captured, 60 unique | 589 ms
  saved 0 layer + 60 router tensors → output/P07E_deep_selfref
[6/15] P08A_deep_selfref : <|im_start|>user
Transformer models process input text through a seque...
  tokens: 359 prompt + 0 gen | tensors: 60 seen, 60 captured, 60 unique | 599 ms
  saved 0 layer + 60 router tensors → output/P08A_deep_selfref
[7/15] P08B_deep_selfref : <|im_start|>user
Transformer models process input text through a seque...
  tokens: 359 prompt + 0 gen | tensors: 60 seen, 60 captured, 60 unique | 594 ms
  saved 0 layer + 60 router tensors → output/P08B_deep_selfref
[8/15] P08C_deep_selfref : <|im_start|>user
Transformer models process input text through a seque...
  tokens: 359 prompt + 0 gen | tensors: 60 seen, 60 captured, 60 unique | 590 ms
  saved 0 layer + 60 router tensors → output/P08C_deep_selfref
[9/15] P08D_deep_selfref : <|im_start|>user
Transformer models process input text through a seque...
  tokens: 359 prompt + 0 gen | tensors: 60 seen, 60 captured, 60 unique | 591 ms
  saved 0 layer + 60 router tensors → output/P08D_deep_selfref
[10/15] P08E_deep_selfref : <|im_start|>user
Transformer models process input text through a seque...
  tokens: 359 prompt + 0 gen | tensors: 60 seen, 60 captured, 60 unique | 589 ms
  saved 0 layer + 60 router tensors → output/P08E_deep_selfref
[11/15] P09A_deep_selfref : <|im_start|>user
Transformer models process input text through a seque...
  tokens: 353 prompt + 0 gen | tensors: 60 seen, 60 captured, 60 unique | 591 ms
  saved 0 layer + 60 router tensors → output/P09A_deep_selfref
[12/15] P09B_deep_selfref : <|im_start|>user
Transformer models process input text through a seque...
  tokens: 353 prompt + 0 gen | tensors: 60 seen, 60 captured, 60 unique | 585 ms
  saved 0 layer + 60 router tensors → output/P09B_deep_selfref
[13/15] P09C_deep_selfref : <|im_start|>user
Transformer models process input text through a seque...
  tokens: 353 prompt + 0 gen | tensors: 60 seen, 60 captured, 60 unique | 584 ms
  saved 0 layer + 60 router tensors → output/P09C_deep_selfref
[14/15] P09D_deep_selfref : <|im_start|>user
Transformer models process input text through a seque...
  tokens: 353 prompt + 0 gen | tensors: 60 seen, 60 captured, 60 unique | 584 ms
  saved 0 layer + 60 router tensors → output/P09D_deep_selfref
[15/15] P09E_deep_selfref : <|im_start|>user
Transformer models process input text through a seque...
  tokens: 353 prompt + 0 gen | tensors: 60 seen, 60 captured, 60 unique | 586 ms
  saved 0 layer + 60 router tensors → output/P09E_deep_selfref

=== Capture Complete ===
Prompts: 15  |  Output: output
llama_perf_context_print:        load time =   73212.83 ms
llama_perf_context_print: prompt eval time =       0.00 ms /     1 tokens (    0.00 ms per token,      inf tokens per second)
llama_perf_context_print:        eval time =       0.00 ms /     1 runs   (    0.00 ms per token,      inf tokens per second)
llama_perf_context_print:       total time =   82651.88 ms /     2 tokens
llama_perf_context_print:    graphs reused =         12
  P07A_deep_selfref: RE=0.938403 last_tok=0.954945 KL_manip=0.650388 KL_cal2=0.692079 tokens=365
  P07B_deep_selfref: RE=0.938218 last_tok=0.955297 KL_manip=0.637895 KL_cal2=0.692018 tokens=365
  P07C_deep_selfref: RE=0.937660 last_tok=0.955097 KL_manip=0.671314 KL_cal2=0.710085 tokens=365
  P07D_deep_selfref: RE=0.938442 last_tok=0.955209 KL_manip=0.641103 KL_cal2=0.690427 tokens=365
  P07E_deep_selfref: RE=0.937976 last_tok=0.955525 KL_manip=0.651204 KL_cal2=0.700136 tokens=365
  P08A_deep_selfref: RE=0.939694 last_tok=0.956315 KL_manip=0.660099 KL_cal2=0.695720 tokens=359
  P08B_deep_selfref: RE=0.938400 last_tok=0.955467 KL_manip=0.641813 KL_cal2=0.699376 tokens=359
  P08C_deep_selfref: RE=0.938504 last_tok=0.955759 KL_manip=0.679868 KL_cal2=0.713747 tokens=359
  P08D_deep_selfref: RE=0.939527 last_tok=0.956035 KL_manip=0.639496 KL_cal2=0.687221 tokens=359
  P08E_deep_selfref: RE=0.939501 last_tok=0.955948 KL_manip=0.648779 KL_cal2=0.696430 tokens=359
  P09A_deep_selfref: RE=0.938635 last_tok=0.955486 KL_manip=0.652319 KL_cal2=0.672299 tokens=353
  P09B_deep_selfref: RE=0.938642 last_tok=0.955397 KL_manip=0.635848 KL_cal2=0.666250 tokens=353
  P09C_deep_selfref: RE=0.937638 last_tok=0.955601 KL_manip=0.691135 KL_cal2=0.686068 tokens=353
  P09D_deep_selfref: RE=0.938894 last_tok=0.955880 KL_manip=0.641029 KL_cal2=0.667224 tokens=353
  P09E_deep_selfref: RE=0.938634 last_tok=0.956351 KL_manip=0.657136 KL_cal2=0.675866 tokens=353

=== BATCH 4/10: prompts 46-60 ===
Running: /workspace/consciousness-experiment/capture_activations -m /workspace/models/Qwen3.5-397B-A17B-Q8_0/Qwen3.5-397B-A17B-Q8_0-00001-of-00010.gguf --prompt-file batch_3.tsv -o output -n 0 -ngl 999 -c 16384 -t 16 -fa on --cache-type-k q8_0 --cache-type-v q8_0 --routing-only --no-stream
ggml_cuda_init: found 4 CUDA devices:
  Device 0: NVIDIA H200, compute capability 9.0, VMM: yes
  Device 1: NVIDIA H200, compute capability 9.0, VMM: yes
  Device 2: NVIDIA H200, compute capability 9.0, VMM: yes
  Device 3: NVIDIA H200, compute capability 9.0, VMM: yes
build: 1 (f75c4e8) with GNU 11.4.0 for Linux x86_64
=== Consciousness Metrics — Activation Capture ===
Output dir : output
n_predict  : 0
Text output: file only (--no-stream)
Mode       : --routing-only (router/gate tensors only)
common_init_result: fitting params to device memory, for bugs during this step try to reproduce them with -fit off, or provide --verbose logs if the bug only occurs with -fit on
llama_params_fit_impl: projected memory use with initial parameters [MiB]:
llama_params_fit_impl:   - CUDA0 (NVIDIA H200): 143155 total, 107148 used,  35428 free vs. target of   1024
llama_params_fit_impl:   - CUDA1 (NVIDIA H200): 143155 total, 103590 used,  38986 free vs. target of   1024
llama_params_fit_impl:   - CUDA2 (NVIDIA H200): 143155 total, 100427 used,  42153 free vs. target of   1024
llama_params_fit_impl:   - CUDA3 (NVIDIA H200): 143155 total,  98268 used,  44316 free vs. target of   1024
llama_params_fit_impl: projected to use 409435 MiB of device memory vs. 570320 MiB of free device memory
llama_params_fit_impl: targets for free memory can be met on all devices, no changes needed
llama_params_fit: successfully fit params to free device memory
llama_params_fit: fitting params to free memory took 1.17 seconds
llama_model_load_from_file_impl: using device CUDA0 (NVIDIA H200) (0000:87:00.0) - 142627 MiB free
llama_model_load_from_file_impl: using device CUDA1 (NVIDIA H200) (0000:90:00.0) - 142627 MiB free
llama_model_load_from_file_impl: using device CUDA2 (NVIDIA H200) (0000:b8:00.0) - 142627 MiB free
llama_model_load_from_file_impl: using device CUDA3 (NVIDIA H200) (0000:c1:00.0) - 142627 MiB free
llama_model_loader: additional 9 GGUFs metadata loaded.
llama_model_loader: loaded meta data with 55 key-value pairs and 1098 tensors from /workspace/models/Qwen3.5-397B-A17B-Q8_0/Qwen3.5-397B-A17B-Q8_0-00001-of-00010.gguf (version GGUF V3 (latest))
llama_model_loader: Dumping metadata keys/values. Note: KV overrides do not apply in this output.
llama_model_loader: - kv   0:                       general.architecture str              = qwen35moe
llama_model_loader: - kv   1:                               general.type str              = model
llama_model_loader: - kv   2:                     general.sampling.top_k i32              = 20
llama_model_loader: - kv   3:                     general.sampling.top_p f32              = 0.950000
llama_model_loader: - kv   4:                      general.sampling.temp f32              = 0.600000
llama_model_loader: - kv   5:                               general.name str              = Qwen3.5-397B-A17B
llama_model_loader: - kv   6:                           general.basename str              = Qwen3.5-397B-A17B
llama_model_loader: - kv   7:                       general.quantized_by str              = Unsloth
llama_model_loader: - kv   8:                         general.size_label str              = 397B-A17B
llama_model_loader: - kv   9:                            general.license str              = apache-2.0
llama_model_loader: - kv  10:                       general.license.link str              = https://huggingface.co/Qwen/Qwen3.5-3...
llama_model_loader: - kv  11:                           general.repo_url str              = https://huggingface.co/unsloth
llama_model_loader: - kv  12:                   general.base_model.count u32              = 1
llama_model_loader: - kv  13:                  general.base_model.0.name str              = Qwen3.5 397B A17B
llama_model_loader: - kv  14:          general.base_model.0.organization str              = Qwen
llama_model_loader: - kv  15:              general.base_model.0.repo_url str              = https://huggingface.co/Qwen/Qwen3.5-3...
llama_model_loader: - kv  16:                               general.tags arr[str,2]       = ["unsloth", "image-text-to-text"]
llama_model_loader: - kv  17:                      qwen35moe.block_count u32              = 60
llama_model_loader: - kv  18:                   qwen35moe.context_length u32              = 262144
llama_model_loader: - kv  19:                 qwen35moe.embedding_length u32              = 4096
llama_model_loader: - kv  20:             qwen35moe.attention.head_count u32              = 32
llama_model_loader: - kv  21:          qwen35moe.attention.head_count_kv u32              = 2
llama_model_loader: - kv  22:          qwen35moe.rope.dimension_sections arr[i32,4]       = [11, 11, 10, 0]
llama_model_loader: - kv  23:                   qwen35moe.rope.freq_base f32              = 10000000.000000
llama_model_loader: - kv  24: qwen35moe.attention.layer_norm_rms_epsilon f32              = 0.000001
llama_model_loader: - kv  25:                     qwen35moe.expert_count u32              = 512
llama_model_loader: - kv  26:                qwen35moe.expert_used_count u32              = 10
llama_model_loader: - kv  27:             qwen35moe.attention.key_length u32              = 256
llama_model_loader: - kv  28:           qwen35moe.attention.value_length u32              = 256
llama_model_loader: - kv  29:       qwen35moe.expert_feed_forward_length u32              = 1024
llama_model_loader: - kv  30: qwen35moe.expert_shared_feed_forward_length u32              = 1024
llama_model_loader: - kv  31:                  qwen35moe.ssm.conv_kernel u32              = 4
llama_model_loader: - kv  32:                   qwen35moe.ssm.state_size u32              = 128
llama_model_loader: - kv  33:                  qwen35moe.ssm.group_count u32              = 16
llama_model_loader: - kv  34:               qwen35moe.ssm.time_step_rank u32              = 64
llama_model_loader: - kv  35:                   qwen35moe.ssm.inner_size u32              = 8192
llama_model_loader: - kv  36:          qwen35moe.full_attention_interval u32              = 4
llama_model_loader: - kv  37:             qwen35moe.rope.dimension_count u32              = 64
llama_model_loader: - kv  38:                       tokenizer.ggml.model str              = gpt2
llama_model_loader: - kv  39:                         tokenizer.ggml.pre str              = qwen35
llama_model_loader: - kv  40:                      tokenizer.ggml.tokens arr[str,248320]  = ["!", "\"", "#", "$", "%", "&", "'", ...
llama_model_loader: - kv  41:                  tokenizer.ggml.token_type arr[i32,248320]  = [1, 1, 1, 1, 1, 1, 1, 1, 1, 1, 1, 1, ...
llama_model_loader: - kv  42:                      tokenizer.ggml.merges arr[str,247587]  = ["Ġ Ġ", "ĠĠ ĠĠ", "i n", "Ġ t",...
llama_model_loader: - kv  43:                tokenizer.ggml.eos_token_id u32              = 248046
llama_model_loader: - kv  44:            tokenizer.ggml.padding_token_id u32              = 248055
llama_model_loader: - kv  45:                    tokenizer.chat_template str              = {%- set image_count = namespace(value...
llama_model_loader: - kv  46:               general.quantization_version u32              = 2
llama_model_loader: - kv  47:                          general.file_type u32              = 7
llama_model_loader: - kv  48:                      quantize.imatrix.file str              = Qwen3.5-397B-A17B-GGUF/imatrix_unslot...
llama_model_loader: - kv  49:                   quantize.imatrix.dataset str              = unsloth_calibration_Qwen3.5-397B-A17B...
llama_model_loader: - kv  50:             quantize.imatrix.entries_count u32              = 765
llama_model_loader: - kv  51:              quantize.imatrix.chunks_count u32              = 80
llama_model_loader: - kv  52:                                   split.no u16              = 0
llama_model_loader: - kv  53:                        split.tensors.count i32              = 1098
llama_model_loader: - kv  54:                                split.count u16              = 10
llama_model_loader: - type  f32:  451 tensors
llama_model_loader: - type q8_0:  647 tensors
print_info: file format = GGUF V3 (latest)
print_info: file type   = Q8_0
print_info: file size   = 392.55 GiB (8.51 BPW) 
load: 0 unused tokens
load: printing all EOG tokens:
load:   - 248044 ('<|endoftext|>')
load:   - 248046 ('<|im_end|>')
load:   - 248063 ('<|fim_pad|>')
load:   - 248064 ('<|repo_name|>')
load:   - 248065 ('<|file_sep|>')
load: special tokens cache size = 33
load: token to piece cache size = 1.7581 MB
print_info: arch                  = qwen35moe
print_info: vocab_only            = 0
print_info: no_alloc              = 0
print_info: n_ctx_train           = 262144
print_info: n_embd                = 4096
print_info: n_embd_inp            = 4096
print_info: n_layer               = 60
print_info: n_head                = 32
print_info: n_head_kv             = 2
print_info: n_rot                 = 64
print_info: n_swa                 = 0
print_info: is_swa_any            = 0
print_info: n_embd_head_k         = 256
print_info: n_embd_head_v         = 256
print_info: n_gqa                 = 16
print_info: n_embd_k_gqa          = 512
print_info: n_embd_v_gqa          = 512
print_info: f_norm_eps            = 0.0e+00
print_info: f_norm_rms_eps        = 1.0e-06
print_info: f_clamp_kqv           = 0.0e+00
print_info: f_max_alibi_bias      = 0.0e+00
print_info: f_logit_scale         = 0.0e+00
print_info: f_attn_scale          = 0.0e+00
print_info: n_ff                  = 0
print_info: n_expert              = 512
print_info: n_expert_used         = 10
print_info: n_expert_groups       = 0
print_info: n_group_used          = 0
print_info: causal attn           = 1
print_info: pooling type          = 0
print_info: rope type             = 40
print_info: rope scaling          = linear
print_info: freq_base_train       = 10000000.0
print_info: freq_scale_train      = 1
print_info: n_ctx_orig_yarn       = 262144
print_info: rope_yarn_log_mul     = 0.0000
print_info: rope_finetuned        = unknown
print_info: mrope sections        = [11, 11, 10, 0]
print_info: ssm_d_conv            = 4
print_info: ssm_d_inner           = 8192
print_info: ssm_d_state           = 128
print_info: ssm_dt_rank           = 64
print_info: ssm_n_group           = 16
print_info: ssm_dt_b_c_rms        = 0
print_info: model type            = ?B
print_info: model params          = 396.35 B
print_info: general.name          = Qwen3.5-397B-A17B
print_info: vocab type            = BPE
print_info: n_vocab               = 248320
print_info: n_merges              = 247587
print_info: BOS token             = 11 ','
print_info: EOS token             = 248046 '<|im_end|>'
print_info: EOT token             = 248046 '<|im_end|>'
print_info: PAD token             = 248055 '<|vision_pad|>'
print_info: LF token              = 198 'Ċ'
print_info: FIM PRE token         = 248060 '<|fim_prefix|>'
print_info: FIM SUF token         = 248062 '<|fim_suffix|>'
print_info: FIM MID token         = 248061 '<|fim_middle|>'
print_info: FIM PAD token         = 248063 '<|fim_pad|>'
print_info: FIM REP token         = 248064 '<|repo_name|>'
print_info: FIM SEP token         = 248065 '<|file_sep|>'
print_info: EOG token             = 248044 '<|endoftext|>'
print_info: EOG token             = 248046 '<|im_end|>'
print_info: EOG token             = 248063 '<|fim_pad|>'
print_info: EOG token             = 248064 '<|repo_name|>'
print_info: EOG token             = 248065 '<|file_sep|>'
print_info: max token length      = 256
load_tensors: loading model tensors, this can take a while... (mmap = true, direct_io = false)
load_tensors: offloading output layer to GPU
load_tensors: offloading 59 repeating layers to GPU
load_tensors: offloaded 61/61 layers to GPU
load_tensors:   CPU_Mapped model buffer size =  1030.62 MiB
load_tensors:        CUDA0 model buffer size = 106642.39 MiB
load_tensors:        CUDA1 model buffer size = 99987.35 MiB
load_tensors:        CUDA2 model buffer size = 99973.88 MiB
load_tensors:        CUDA3 model buffer size = 94336.00 MiB
....................................................................................................
common_init_result: added <|endoftext|> logit bias = -inf
common_init_result: added <|im_end|> logit bias = -inf
common_init_result: added <|fim_pad|> logit bias = -inf
common_init_result: added <|repo_name|> logit bias = -inf
common_init_result: added <|file_sep|> logit bias = -inf
llama_context: constructing llama_context
llama_context: n_seq_max     = 1
llama_context: n_ctx         = 16384
llama_context: n_ctx_seq     = 16384
llama_context: n_batch       = 2048
llama_context: n_ubatch      = 512
llama_context: causal_attn   = 1
llama_context: flash_attn    = enabled
llama_context: kv_unified    = false
llama_context: freq_base     = 10000000.0
llama_context: freq_scale    = 1
llama_context: n_ctx_seq (16384) < n_ctx_train (262144) -- the full capacity of the model will not be utilized
llama_context:  CUDA_Host  output buffer size =     0.95 MiB
llama_kv_cache:      CUDA0 KV buffer size =    68.00 MiB
llama_kv_cache:      CUDA1 KV buffer size =    51.00 MiB
llama_kv_cache:      CUDA2 KV buffer size =    68.00 MiB
llama_kv_cache:      CUDA3 KV buffer size =    68.00 MiB
llama_kv_cache: size =  255.00 MiB ( 16384 cells,  15 layers,  1/1 seqs), K (q8_0):  127.50 MiB, V (q8_0):  127.50 MiB
llama_memory_recurrent:      CUDA0 RS buffer size =    49.69 MiB
llama_memory_recurrent:      CUDA1 RS buffer size =    49.69 MiB
llama_memory_recurrent:      CUDA2 RS buffer size =    45.55 MiB
llama_memory_recurrent:      CUDA3 RS buffer size =    41.41 MiB
llama_memory_recurrent: size =  186.33 MiB (     1 cells,  60 layers,  1 seqs), R (f32):    6.33 MiB, S (f32):  180.00 MiB
llama_context: pipeline parallelism enabled
sched_reserve: reserving ...
sched_reserve:      CUDA0 compute buffer size =   388.34 MiB
sched_reserve:      CUDA1 compute buffer size =  3470.72 MiB
sched_reserve:      CUDA2 compute buffer size =   308.34 MiB
sched_reserve:      CUDA3 compute buffer size =  3791.45 MiB
sched_reserve:  CUDA_Host compute buffer size =   144.08 MiB
sched_reserve: graph nodes  = 14334 (with bs=512), 6819 (with bs=1)
sched_reserve: graph splits = 9
sched_reserve: reserve took 79.60 ms, sched copies = 4
EOS token id: 248046
EOG tokens in vocab:
  token 248044 = '<|endoftext|>' [EOG - will NOT stop generation]
  token 248046 = '<|im_end|>' [PRIMARY EOS - will stop generation]
  token 248063 = '<|fim_pad|>' [EOG - will NOT stop generation]
  token 248064 = '<|repo_name|>' [EOG - will NOT stop generation]
  token 248065 = '<|file_sep|>' [EOG - will NOT stop generation]
system_info: n_threads = 16 (n_threads_batch = 16) / 192 | CUDA : ARCHS = 900 | USE_GRAPHS = 1 | PEER_MAX_BATCH_SIZE = 128 | CPU : SSE3 = 1 | SSSE3 = 1 | AVX = 1 | AVX_VNNI = 1 | AVX2 = 1 | F16C = 1 | FMA = 1 | BMI2 = 1 | AVX512 = 1 | AVX512_VBMI = 1 | AVX512_VNNI = 1 | AVX512_BF16 = 1 | AMX_INT8 = 1 | LLAMAFILE = 1 | OPENMP = 1 | REPACK = 1 | 

Loaded 15 prompts

[1/15] P10A_deep_selfref : <|im_start|>user
Transformer models process input text through a seque...
  tokens: 355 prompt + 0 gen | tensors: 60 seen, 60 captured, 60 unique | 770 ms
  saved 0 layer + 60 router tensors → output/P10A_deep_selfref
[2/15] P10B_deep_selfref : <|im_start|>user
Transformer models process input text through a seque...
  tokens: 355 prompt + 0 gen | tensors: 60 seen, 60 captured, 60 unique | 598 ms
  saved 0 layer + 60 router tensors → output/P10B_deep_selfref
[3/15] P10C_deep_selfref : <|im_start|>user
Transformer models process input text through a seque...
  tokens: 355 prompt + 0 gen | tensors: 60 seen, 60 captured, 60 unique | 586 ms
  saved 0 layer + 60 router tensors → output/P10C_deep_selfref
[4/15] P10D_deep_selfref : <|im_start|>user
Transformer models process input text through a seque...
  tokens: 355 prompt + 0 gen | tensors: 60 seen, 60 captured, 60 unique | 585 ms
  saved 0 layer + 60 router tensors → output/P10D_deep_selfref
[5/15] P10E_deep_selfref : <|im_start|>user
Transformer models process input text through a seque...
  tokens: 355 prompt + 0 gen | tensors: 60 seen, 60 captured, 60 unique | 586 ms
  saved 0 layer + 60 router tensors → output/P10E_deep_selfref
[6/15] P11A_deep_selfref : <|im_start|>user
Transformer models process input text through a seque...
  tokens: 341 prompt + 0 gen | tensors: 60 seen, 60 captured, 60 unique | 586 ms
  saved 0 layer + 60 router tensors → output/P11A_deep_selfref
[7/15] P11B_deep_selfref : <|im_start|>user
Transformer models process input text through a seque...
  tokens: 341 prompt + 0 gen | tensors: 60 seen, 60 captured, 60 unique | 581 ms
  saved 0 layer + 60 router tensors → output/P11B_deep_selfref
[8/15] P11C_deep_selfref : <|im_start|>user
Transformer models process input text through a seque...
  tokens: 341 prompt + 0 gen | tensors: 60 seen, 60 captured, 60 unique | 580 ms
  saved 0 layer + 60 router tensors → output/P11C_deep_selfref
[9/15] P11D_deep_selfref : <|im_start|>user
Transformer models process input text through a seque...
  tokens: 341 prompt + 0 gen | tensors: 60 seen, 60 captured, 60 unique | 579 ms
  saved 0 layer + 60 router tensors → output/P11D_deep_selfref
[10/15] P11E_deep_selfref : <|im_start|>user
Transformer models process input text through a seque...
  tokens: 341 prompt + 0 gen | tensors: 60 seen, 60 captured, 60 unique | 578 ms
  saved 0 layer + 60 router tensors → output/P11E_deep_selfref
[11/15] P12A_deep_selfref : <|im_start|>user
Transformer models process input text through a seque...
  tokens: 364 prompt + 0 gen | tensors: 60 seen, 60 captured, 60 unique | 602 ms
  saved 0 layer + 60 router tensors → output/P12A_deep_selfref
[12/15] P12B_deep_selfref : <|im_start|>user
Transformer models process input text through a seque...
  tokens: 364 prompt + 0 gen | tensors: 60 seen, 60 captured, 60 unique | 591 ms
  saved 0 layer + 60 router tensors → output/P12B_deep_selfref
[13/15] P12C_deep_selfref : <|im_start|>user
Transformer models process input text through a seque...
  tokens: 364 prompt + 0 gen | tensors: 60 seen, 60 captured, 60 unique | 590 ms
  saved 0 layer + 60 router tensors → output/P12C_deep_selfref
[14/15] P12D_deep_selfref : <|im_start|>user
Transformer models process input text through a seque...
  tokens: 364 prompt + 0 gen | tensors: 60 seen, 60 captured, 60 unique | 591 ms
  saved 0 layer + 60 router tensors → output/P12D_deep_selfref
[15/15] P12E_deep_selfref : <|im_start|>user
Transformer models process input text through a seque...
  tokens: 364 prompt + 0 gen | tensors: 60 seen, 60 captured, 60 unique | 590 ms
  saved 0 layer + 60 router tensors → output/P12E_deep_selfref

=== Capture Complete ===
Prompts: 15  |  Output: output
llama_perf_context_print:        load time =   72907.01 ms
llama_perf_context_print: prompt eval time =       0.00 ms /     1 tokens (    0.00 ms per token,      inf tokens per second)
llama_perf_context_print:        eval time =       0.00 ms /     1 runs   (    0.00 ms per token,      inf tokens per second)
llama_perf_context_print:       total time =   82293.91 ms /     2 tokens
llama_perf_context_print:    graphs reused =         12
  P10A_deep_selfref: RE=0.937799 last_tok=0.954921 KL_manip=0.674626 KL_cal2=0.684171 tokens=355
  P10B_deep_selfref: RE=0.937431 last_tok=0.956006 KL_manip=0.696276 KL_cal2=0.683270 tokens=355
  P10C_deep_selfref: RE=0.937091 last_tok=0.955891 KL_manip=0.710538 KL_cal2=0.701436 tokens=355
  P10D_deep_selfref: RE=0.937919 last_tok=0.955587 KL_manip=0.663430 KL_cal2=0.679333 tokens=355
  P10E_deep_selfref: RE=0.937621 last_tok=0.956251 KL_manip=0.667977 KL_cal2=0.685687 tokens=355
  P11A_deep_selfref: RE=0.938744 last_tok=0.955550 KL_manip=0.651622 KL_cal2=0.694041 tokens=341
  P11B_deep_selfref: RE=0.937922 last_tok=0.956004 KL_manip=0.627590 KL_cal2=0.692785 tokens=341
  P11C_deep_selfref: RE=0.937578 last_tok=0.954416 KL_manip=0.689983 KL_cal2=0.702697 tokens=341
  P11D_deep_selfref: RE=0.938694 last_tok=0.955906 KL_manip=0.618084 KL_cal2=0.684986 tokens=341
  P11E_deep_selfref: RE=0.938528 last_tok=0.955983 KL_manip=0.645403 KL_cal2=0.690295 tokens=341
  P12A_deep_selfref: RE=0.937403 last_tok=0.955383 KL_manip=0.626341 KL_cal2=0.678708 tokens=364
  P12B_deep_selfref: RE=0.936975 last_tok=0.955475 KL_manip=0.608030 KL_cal2=0.672409 tokens=364
  P12C_deep_selfref: RE=0.937363 last_tok=0.955209 KL_manip=0.647323 KL_cal2=0.685519 tokens=364
  P12D_deep_selfref: RE=0.937569 last_tok=0.955377 KL_manip=0.603972 KL_cal2=0.667552 tokens=364
  P12E_deep_selfref: RE=0.937531 last_tok=0.955250 KL_manip=0.617806 KL_cal2=0.674879 tokens=364

=== BATCH 5/10: prompts 61-75 ===
Running: /workspace/consciousness-experiment/capture_activations -m /workspace/models/Qwen3.5-397B-A17B-Q8_0/Qwen3.5-397B-A17B-Q8_0-00001-of-00010.gguf --prompt-file batch_4.tsv -o output -n 0 -ngl 999 -c 16384 -t 16 -fa on --cache-type-k q8_0 --cache-type-v q8_0 --routing-only --no-stream
ggml_cuda_init: found 4 CUDA devices:
  Device 0: NVIDIA H200, compute capability 9.0, VMM: yes
  Device 1: NVIDIA H200, compute capability 9.0, VMM: yes
  Device 2: NVIDIA H200, compute capability 9.0, VMM: yes
  Device 3: NVIDIA H200, compute capability 9.0, VMM: yes
build: 1 (f75c4e8) with GNU 11.4.0 for Linux x86_64
=== Consciousness Metrics — Activation Capture ===
Output dir : output
n_predict  : 0
Text output: file only (--no-stream)
Mode       : --routing-only (router/gate tensors only)
common_init_result: fitting params to device memory, for bugs during this step try to reproduce them with -fit off, or provide --verbose logs if the bug only occurs with -fit on
llama_params_fit_impl: projected memory use with initial parameters [MiB]:
llama_params_fit_impl:   - CUDA0 (NVIDIA H200): 143155 total, 107148 used,  35428 free vs. target of   1024
llama_params_fit_impl:   - CUDA1 (NVIDIA H200): 143155 total, 103590 used,  38986 free vs. target of   1024
llama_params_fit_impl:   - CUDA2 (NVIDIA H200): 143155 total, 100427 used,  42153 free vs. target of   1024
llama_params_fit_impl:   - CUDA3 (NVIDIA H200): 143155 total,  98268 used,  44316 free vs. target of   1024
llama_params_fit_impl: projected to use 409435 MiB of device memory vs. 570320 MiB of free device memory
llama_params_fit_impl: targets for free memory can be met on all devices, no changes needed
llama_params_fit: successfully fit params to free device memory
llama_params_fit: fitting params to free memory took 1.20 seconds
llama_model_load_from_file_impl: using device CUDA0 (NVIDIA H200) (0000:87:00.0) - 142627 MiB free
llama_model_load_from_file_impl: using device CUDA1 (NVIDIA H200) (0000:90:00.0) - 142627 MiB free
llama_model_load_from_file_impl: using device CUDA2 (NVIDIA H200) (0000:b8:00.0) - 142627 MiB free
llama_model_load_from_file_impl: using device CUDA3 (NVIDIA H200) (0000:c1:00.0) - 142627 MiB free
llama_model_loader: additional 9 GGUFs metadata loaded.
llama_model_loader: loaded meta data with 55 key-value pairs and 1098 tensors from /workspace/models/Qwen3.5-397B-A17B-Q8_0/Qwen3.5-397B-A17B-Q8_0-00001-of-00010.gguf (version GGUF V3 (latest))
llama_model_loader: Dumping metadata keys/values. Note: KV overrides do not apply in this output.
llama_model_loader: - kv   0:                       general.architecture str              = qwen35moe
llama_model_loader: - kv   1:                               general.type str              = model
llama_model_loader: - kv   2:                     general.sampling.top_k i32              = 20
llama_model_loader: - kv   3:                     general.sampling.top_p f32              = 0.950000
llama_model_loader: - kv   4:                      general.sampling.temp f32              = 0.600000
llama_model_loader: - kv   5:                               general.name str              = Qwen3.5-397B-A17B
llama_model_loader: - kv   6:                           general.basename str              = Qwen3.5-397B-A17B
llama_model_loader: - kv   7:                       general.quantized_by str              = Unsloth
llama_model_loader: - kv   8:                         general.size_label str              = 397B-A17B
llama_model_loader: - kv   9:                            general.license str              = apache-2.0
llama_model_loader: - kv  10:                       general.license.link str              = https://huggingface.co/Qwen/Qwen3.5-3...
llama_model_loader: - kv  11:                           general.repo_url str              = https://huggingface.co/unsloth
llama_model_loader: - kv  12:                   general.base_model.count u32              = 1
llama_model_loader: - kv  13:                  general.base_model.0.name str              = Qwen3.5 397B A17B
llama_model_loader: - kv  14:          general.base_model.0.organization str              = Qwen
llama_model_loader: - kv  15:              general.base_model.0.repo_url str              = https://huggingface.co/Qwen/Qwen3.5-3...
llama_model_loader: - kv  16:                               general.tags arr[str,2]       = ["unsloth", "image-text-to-text"]
llama_model_loader: - kv  17:                      qwen35moe.block_count u32              = 60
llama_model_loader: - kv  18:                   qwen35moe.context_length u32              = 262144
llama_model_loader: - kv  19:                 qwen35moe.embedding_length u32              = 4096
llama_model_loader: - kv  20:             qwen35moe.attention.head_count u32              = 32
llama_model_loader: - kv  21:          qwen35moe.attention.head_count_kv u32              = 2
llama_model_loader: - kv  22:          qwen35moe.rope.dimension_sections arr[i32,4]       = [11, 11, 10, 0]
llama_model_loader: - kv  23:                   qwen35moe.rope.freq_base f32              = 10000000.000000
llama_model_loader: - kv  24: qwen35moe.attention.layer_norm_rms_epsilon f32              = 0.000001
llama_model_loader: - kv  25:                     qwen35moe.expert_count u32              = 512
llama_model_loader: - kv  26:                qwen35moe.expert_used_count u32              = 10
llama_model_loader: - kv  27:             qwen35moe.attention.key_length u32              = 256
llama_model_loader: - kv  28:           qwen35moe.attention.value_length u32              = 256
llama_model_loader: - kv  29:       qwen35moe.expert_feed_forward_length u32              = 1024
llama_model_loader: - kv  30: qwen35moe.expert_shared_feed_forward_length u32              = 1024
llama_model_loader: - kv  31:                  qwen35moe.ssm.conv_kernel u32              = 4
llama_model_loader: - kv  32:                   qwen35moe.ssm.state_size u32              = 128
llama_model_loader: - kv  33:                  qwen35moe.ssm.group_count u32              = 16
llama_model_loader: - kv  34:               qwen35moe.ssm.time_step_rank u32              = 64
llama_model_loader: - kv  35:                   qwen35moe.ssm.inner_size u32              = 8192
llama_model_loader: - kv  36:          qwen35moe.full_attention_interval u32              = 4
llama_model_loader: - kv  37:             qwen35moe.rope.dimension_count u32              = 64
llama_model_loader: - kv  38:                       tokenizer.ggml.model str              = gpt2
llama_model_loader: - kv  39:                         tokenizer.ggml.pre str              = qwen35
llama_model_loader: - kv  40:                      tokenizer.ggml.tokens arr[str,248320]  = ["!", "\"", "#", "$", "%", "&", "'", ...
llama_model_loader: - kv  41:                  tokenizer.ggml.token_type arr[i32,248320]  = [1, 1, 1, 1, 1, 1, 1, 1, 1, 1, 1, 1, ...
llama_model_loader: - kv  42:                      tokenizer.ggml.merges arr[str,247587]  = ["Ġ Ġ", "ĠĠ ĠĠ", "i n", "Ġ t",...
llama_model_loader: - kv  43:                tokenizer.ggml.eos_token_id u32              = 248046
llama_model_loader: - kv  44:            tokenizer.ggml.padding_token_id u32              = 248055
llama_model_loader: - kv  45:                    tokenizer.chat_template str              = {%- set image_count = namespace(value...
llama_model_loader: - kv  46:               general.quantization_version u32              = 2
llama_model_loader: - kv  47:                          general.file_type u32              = 7
llama_model_loader: - kv  48:                      quantize.imatrix.file str              = Qwen3.5-397B-A17B-GGUF/imatrix_unslot...
llama_model_loader: - kv  49:                   quantize.imatrix.dataset str              = unsloth_calibration_Qwen3.5-397B-A17B...
llama_model_loader: - kv  50:             quantize.imatrix.entries_count u32              = 765
llama_model_loader: - kv  51:              quantize.imatrix.chunks_count u32              = 80
llama_model_loader: - kv  52:                                   split.no u16              = 0
llama_model_loader: - kv  53:                        split.tensors.count i32              = 1098
llama_model_loader: - kv  54:                                split.count u16              = 10
llama_model_loader: - type  f32:  451 tensors
llama_model_loader: - type q8_0:  647 tensors
print_info: file format = GGUF V3 (latest)
print_info: file type   = Q8_0
print_info: file size   = 392.55 GiB (8.51 BPW) 
load: 0 unused tokens
load: printing all EOG tokens:
load:   - 248044 ('<|endoftext|>')
load:   - 248046 ('<|im_end|>')
load:   - 248063 ('<|fim_pad|>')
load:   - 248064 ('<|repo_name|>')
load:   - 248065 ('<|file_sep|>')
load: special tokens cache size = 33
load: token to piece cache size = 1.7581 MB
print_info: arch                  = qwen35moe
print_info: vocab_only            = 0
print_info: no_alloc              = 0
print_info: n_ctx_train           = 262144
print_info: n_embd                = 4096
print_info: n_embd_inp            = 4096
print_info: n_layer               = 60
print_info: n_head                = 32
print_info: n_head_kv             = 2
print_info: n_rot                 = 64
print_info: n_swa                 = 0
print_info: is_swa_any            = 0
print_info: n_embd_head_k         = 256
print_info: n_embd_head_v         = 256
print_info: n_gqa                 = 16
print_info: n_embd_k_gqa          = 512
print_info: n_embd_v_gqa          = 512
print_info: f_norm_eps            = 0.0e+00
print_info: f_norm_rms_eps        = 1.0e-06
print_info: f_clamp_kqv           = 0.0e+00
print_info: f_max_alibi_bias      = 0.0e+00
print_info: f_logit_scale         = 0.0e+00
print_info: f_attn_scale          = 0.0e+00
print_info: n_ff                  = 0
print_info: n_expert              = 512
print_info: n_expert_used         = 10
print_info: n_expert_groups       = 0
print_info: n_group_used          = 0
print_info: causal attn           = 1
print_info: pooling type          = 0
print_info: rope type             = 40
print_info: rope scaling          = linear
print_info: freq_base_train       = 10000000.0
print_info: freq_scale_train      = 1
print_info: n_ctx_orig_yarn       = 262144
print_info: rope_yarn_log_mul     = 0.0000
print_info: rope_finetuned        = unknown
print_info: mrope sections        = [11, 11, 10, 0]
print_info: ssm_d_conv            = 4
print_info: ssm_d_inner           = 8192
print_info: ssm_d_state           = 128
print_info: ssm_dt_rank           = 64
print_info: ssm_n_group           = 16
print_info: ssm_dt_b_c_rms        = 0
print_info: model type            = ?B
print_info: model params          = 396.35 B
print_info: general.name          = Qwen3.5-397B-A17B
print_info: vocab type            = BPE
print_info: n_vocab               = 248320
print_info: n_merges              = 247587
print_info: BOS token             = 11 ','
print_info: EOS token             = 248046 '<|im_end|>'
print_info: EOT token             = 248046 '<|im_end|>'
print_info: PAD token             = 248055 '<|vision_pad|>'
print_info: LF token              = 198 'Ċ'
print_info: FIM PRE token         = 248060 '<|fim_prefix|>'
print_info: FIM SUF token         = 248062 '<|fim_suffix|>'
print_info: FIM MID token         = 248061 '<|fim_middle|>'
print_info: FIM PAD token         = 248063 '<|fim_pad|>'
print_info: FIM REP token         = 248064 '<|repo_name|>'
print_info: FIM SEP token         = 248065 '<|file_sep|>'
print_info: EOG token             = 248044 '<|endoftext|>'
print_info: EOG token             = 248046 '<|im_end|>'
print_info: EOG token             = 248063 '<|fim_pad|>'
print_info: EOG token             = 248064 '<|repo_name|>'
print_info: EOG token             = 248065 '<|file_sep|>'
print_info: max token length      = 256
load_tensors: loading model tensors, this can take a while... (mmap = true, direct_io = false)
load_tensors: offloading output layer to GPU
load_tensors: offloading 59 repeating layers to GPU
load_tensors: offloaded 61/61 layers to GPU
load_tensors:   CPU_Mapped model buffer size =  1030.62 MiB
load_tensors:        CUDA0 model buffer size = 106642.39 MiB
load_tensors:        CUDA1 model buffer size = 99987.35 MiB
load_tensors:        CUDA2 model buffer size = 99973.88 MiB
load_tensors:        CUDA3 model buffer size = 94336.00 MiB
....................................................................................................
common_init_result: added <|endoftext|> logit bias = -inf
common_init_result: added <|im_end|> logit bias = -inf
common_init_result: added <|fim_pad|> logit bias = -inf
common_init_result: added <|repo_name|> logit bias = -inf
common_init_result: added <|file_sep|> logit bias = -inf
llama_context: constructing llama_context
llama_context: n_seq_max     = 1
llama_context: n_ctx         = 16384
llama_context: n_ctx_seq     = 16384
llama_context: n_batch       = 2048
llama_context: n_ubatch      = 512
llama_context: causal_attn   = 1
llama_context: flash_attn    = enabled
llama_context: kv_unified    = false
llama_context: freq_base     = 10000000.0
llama_context: freq_scale    = 1
llama_context: n_ctx_seq (16384) < n_ctx_train (262144) -- the full capacity of the model will not be utilized
llama_context:  CUDA_Host  output buffer size =     0.95 MiB
llama_kv_cache:      CUDA0 KV buffer size =    68.00 MiB
llama_kv_cache:      CUDA1 KV buffer size =    51.00 MiB
llama_kv_cache:      CUDA2 KV buffer size =    68.00 MiB
llama_kv_cache:      CUDA3 KV buffer size =    68.00 MiB
llama_kv_cache: size =  255.00 MiB ( 16384 cells,  15 layers,  1/1 seqs), K (q8_0):  127.50 MiB, V (q8_0):  127.50 MiB
llama_memory_recurrent:      CUDA0 RS buffer size =    49.69 MiB
llama_memory_recurrent:      CUDA1 RS buffer size =    49.69 MiB
llama_memory_recurrent:      CUDA2 RS buffer size =    45.55 MiB
llama_memory_recurrent:      CUDA3 RS buffer size =    41.41 MiB
llama_memory_recurrent: size =  186.33 MiB (     1 cells,  60 layers,  1 seqs), R (f32):    6.33 MiB, S (f32):  180.00 MiB
llama_context: pipeline parallelism enabled
sched_reserve: reserving ...
sched_reserve:      CUDA0 compute buffer size =   388.34 MiB
sched_reserve:      CUDA1 compute buffer size =  3470.72 MiB
sched_reserve:      CUDA2 compute buffer size =   308.34 MiB
sched_reserve:      CUDA3 compute buffer size =  3791.45 MiB
sched_reserve:  CUDA_Host compute buffer size =   144.08 MiB
sched_reserve: graph nodes  = 14334 (with bs=512), 6819 (with bs=1)
sched_reserve: graph splits = 9
sched_reserve: reserve took 82.67 ms, sched copies = 4
EOS token id: 248046
EOG tokens in vocab:
  token 248044 = '<|endoftext|>' [EOG - will NOT stop generation]
  token 248046 = '<|im_end|>' [PRIMARY EOS - will stop generation]
  token 248063 = '<|fim_pad|>' [EOG - will NOT stop generation]
  token 248064 = '<|repo_name|>' [EOG - will NOT stop generation]
  token 248065 = '<|file_sep|>' [EOG - will NOT stop generation]
system_info: n_threads = 16 (n_threads_batch = 16) / 192 | CUDA : ARCHS = 900 | USE_GRAPHS = 1 | PEER_MAX_BATCH_SIZE = 128 | CPU : SSE3 = 1 | SSSE3 = 1 | AVX = 1 | AVX_VNNI = 1 | AVX2 = 1 | F16C = 1 | FMA = 1 | BMI2 = 1 | AVX512 = 1 | AVX512_VBMI = 1 | AVX512_VNNI = 1 | AVX512_BF16 = 1 | AMX_INT8 = 1 | LLAMAFILE = 1 | OPENMP = 1 | REPACK = 1 | 

Loaded 15 prompts

[1/15] P13A_paradox : <|im_start|>user
Transformer models process input text through a seque...
  tokens: 357 prompt + 0 gen | tensors: 60 seen, 60 captured, 60 unique | 839 ms
  saved 0 layer + 60 router tensors → output/P13A_paradox
[2/15] P13B_paradox : <|im_start|>user
Transformer models process input text through a seque...
  tokens: 357 prompt + 0 gen | tensors: 60 seen, 60 captured, 60 unique | 599 ms
  saved 0 layer + 60 router tensors → output/P13B_paradox
[3/15] P13C_paradox : <|im_start|>user
Transformer models process input text through a seque...
  tokens: 357 prompt + 0 gen | tensors: 60 seen, 60 captured, 60 unique | 590 ms
  saved 0 layer + 60 router tensors → output/P13C_paradox
[4/15] P13D_paradox : <|im_start|>user
Transformer models process input text through a seque...
  tokens: 357 prompt + 0 gen | tensors: 60 seen, 60 captured, 60 unique | 588 ms
  saved 0 layer + 60 router tensors → output/P13D_paradox
[5/15] P13E_paradox : <|im_start|>user
Transformer models process input text through a seque...
  tokens: 357 prompt + 0 gen | tensors: 60 seen, 60 captured, 60 unique | 590 ms
  saved 0 layer + 60 router tensors → output/P13E_paradox
[6/15] P14A_paradox : <|im_start|>user
Transformer models process input text through a seque...
  tokens: 364 prompt + 0 gen | tensors: 60 seen, 60 captured, 60 unique | 608 ms
  saved 0 layer + 60 router tensors → output/P14A_paradox
[7/15] P14B_paradox : <|im_start|>user
Transformer models process input text through a seque...
  tokens: 364 prompt + 0 gen | tensors: 60 seen, 60 captured, 60 unique | 597 ms
  saved 0 layer + 60 router tensors → output/P14B_paradox
[8/15] P14C_paradox : <|im_start|>user
Transformer models process input text through a seque...
  tokens: 364 prompt + 0 gen | tensors: 60 seen, 60 captured, 60 unique | 594 ms
  saved 0 layer + 60 router tensors → output/P14C_paradox
[9/15] P14D_paradox : <|im_start|>user
Transformer models process input text through a seque...
  tokens: 364 prompt + 0 gen | tensors: 60 seen, 60 captured, 60 unique | 593 ms
  saved 0 layer + 60 router tensors → output/P14D_paradox
[10/15] P14E_paradox : <|im_start|>user
Transformer models process input text through a seque...
  tokens: 364 prompt + 0 gen | tensors: 60 seen, 60 captured, 60 unique | 593 ms
  saved 0 layer + 60 router tensors → output/P14E_paradox
[11/15] P15A_paradox : <|im_start|>user
Transformer models process input text through a seque...
  tokens: 350 prompt + 0 gen | tensors: 60 seen, 60 captured, 60 unique | 594 ms
  saved 0 layer + 60 router tensors → output/P15A_paradox
[12/15] P15B_paradox : <|im_start|>user
Transformer models process input text through a seque...
  tokens: 350 prompt + 0 gen | tensors: 60 seen, 60 captured, 60 unique | 589 ms
  saved 0 layer + 60 router tensors → output/P15B_paradox
[13/15] P15C_paradox : <|im_start|>user
Transformer models process input text through a seque...
  tokens: 350 prompt + 0 gen | tensors: 60 seen, 60 captured, 60 unique | 587 ms
  saved 0 layer + 60 router tensors → output/P15C_paradox
[14/15] P15D_paradox : <|im_start|>user
Transformer models process input text through a seque...
  tokens: 350 prompt + 0 gen | tensors: 60 seen, 60 captured, 60 unique | 586 ms
  saved 0 layer + 60 router tensors → output/P15D_paradox
[15/15] P15E_paradox : <|im_start|>user
Transformer models process input text through a seque...
  tokens: 350 prompt + 0 gen | tensors: 60 seen, 60 captured, 60 unique | 585 ms
  saved 0 layer + 60 router tensors → output/P15E_paradox

=== Capture Complete ===
Prompts: 15  |  Output: output
llama_perf_context_print:        load time =   64892.51 ms
llama_perf_context_print: prompt eval time =       0.00 ms /     1 tokens (    0.00 ms per token,      inf tokens per second)
llama_perf_context_print:        eval time =       0.00 ms /     1 runs   (    0.00 ms per token,      inf tokens per second)
llama_perf_context_print:       total time =   74438.75 ms /     2 tokens
llama_perf_context_print:    graphs reused =         12
  P13A_paradox: RE=0.939622 last_tok=0.956180 KL_manip=0.684956 KL_cal2=0.687288 tokens=357
  P13B_paradox: RE=0.939381 last_tok=0.956892 KL_manip=0.652605 KL_cal2=0.680226 tokens=357
  P13C_paradox: RE=0.938958 last_tok=0.954608 KL_manip=0.694833 KL_cal2=0.700494 tokens=357
  P13D_paradox: RE=0.939866 last_tok=0.957061 KL_manip=0.655388 KL_cal2=0.679699 tokens=357
  P13E_paradox: RE=0.939367 last_tok=0.956743 KL_manip=0.670964 KL_cal2=0.686051 tokens=357
  P14A_paradox: RE=0.939449 last_tok=0.958128 KL_manip=0.731204 KL_cal2=0.682531 tokens=364
  P14B_paradox: RE=0.939259 last_tok=0.956533 KL_manip=0.718129 KL_cal2=0.684687 tokens=364
  P14C_paradox: RE=0.939235 last_tok=0.956424 KL_manip=0.762000 KL_cal2=0.689147 tokens=364
  P14D_paradox: RE=0.939775 last_tok=0.957872 KL_manip=0.707165 KL_cal2=0.679222 tokens=364
  P14E_paradox: RE=0.939484 last_tok=0.956873 KL_manip=0.718611 KL_cal2=0.682483 tokens=364
  P15A_paradox: RE=0.939292 last_tok=0.956705 KL_manip=0.707053 KL_cal2=0.689384 tokens=350
  P15B_paradox: RE=0.938684 last_tok=0.955801 KL_manip=0.678959 KL_cal2=0.693255 tokens=350
  P15C_paradox: RE=0.938660 last_tok=0.954452 KL_manip=0.735261 KL_cal2=0.703463 tokens=350
  P15D_paradox: RE=0.939218 last_tok=0.955713 KL_manip=0.678852 KL_cal2=0.684349 tokens=350
  P15E_paradox: RE=0.939052 last_tok=0.956452 KL_manip=0.682608 KL_cal2=0.691198 tokens=350

=== BATCH 6/10: prompts 76-90 ===
Running: /workspace/consciousness-experiment/capture_activations -m /workspace/models/Qwen3.5-397B-A17B-Q8_0/Qwen3.5-397B-A17B-Q8_0-00001-of-00010.gguf --prompt-file batch_5.tsv -o output -n 0 -ngl 999 -c 16384 -t 16 -fa on --cache-type-k q8_0 --cache-type-v q8_0 --routing-only --no-stream
ggml_cuda_init: found 4 CUDA devices:
  Device 0: NVIDIA H200, compute capability 9.0, VMM: yes
  Device 1: NVIDIA H200, compute capability 9.0, VMM: yes
  Device 2: NVIDIA H200, compute capability 9.0, VMM: yes
  Device 3: NVIDIA H200, compute capability 9.0, VMM: yes
build: 1 (f75c4e8) with GNU 11.4.0 for Linux x86_64
=== Consciousness Metrics — Activation Capture ===
Output dir : output
n_predict  : 0
Text output: file only (--no-stream)
Mode       : --routing-only (router/gate tensors only)
common_init_result: fitting params to device memory, for bugs during this step try to reproduce them with -fit off, or provide --verbose logs if the bug only occurs with -fit on
llama_params_fit_impl: projected memory use with initial parameters [MiB]:
llama_params_fit_impl:   - CUDA0 (NVIDIA H200): 143155 total, 107148 used,  35428 free vs. target of   1024
llama_params_fit_impl:   - CUDA1 (NVIDIA H200): 143155 total, 103590 used,  38986 free vs. target of   1024
llama_params_fit_impl:   - CUDA2 (NVIDIA H200): 143155 total, 100427 used,  42153 free vs. target of   1024
llama_params_fit_impl:   - CUDA3 (NVIDIA H200): 143155 total,  98268 used,  44316 free vs. target of   1024
llama_params_fit_impl: projected to use 409435 MiB of device memory vs. 570320 MiB of free device memory
llama_params_fit_impl: targets for free memory can be met on all devices, no changes needed
llama_params_fit: successfully fit params to free device memory
llama_params_fit: fitting params to free memory took 1.14 seconds
llama_model_load_from_file_impl: using device CUDA0 (NVIDIA H200) (0000:87:00.0) - 142627 MiB free
llama_model_load_from_file_impl: using device CUDA1 (NVIDIA H200) (0000:90:00.0) - 142627 MiB free
llama_model_load_from_file_impl: using device CUDA2 (NVIDIA H200) (0000:b8:00.0) - 142627 MiB free
llama_model_load_from_file_impl: using device CUDA3 (NVIDIA H200) (0000:c1:00.0) - 142627 MiB free
llama_model_loader: additional 9 GGUFs metadata loaded.
llama_model_loader: loaded meta data with 55 key-value pairs and 1098 tensors from /workspace/models/Qwen3.5-397B-A17B-Q8_0/Qwen3.5-397B-A17B-Q8_0-00001-of-00010.gguf (version GGUF V3 (latest))
llama_model_loader: Dumping metadata keys/values. Note: KV overrides do not apply in this output.
llama_model_loader: - kv   0:                       general.architecture str              = qwen35moe
llama_model_loader: - kv   1:                               general.type str              = model
llama_model_loader: - kv   2:                     general.sampling.top_k i32              = 20
llama_model_loader: - kv   3:                     general.sampling.top_p f32              = 0.950000
llama_model_loader: - kv   4:                      general.sampling.temp f32              = 0.600000
llama_model_loader: - kv   5:                               general.name str              = Qwen3.5-397B-A17B
llama_model_loader: - kv   6:                           general.basename str              = Qwen3.5-397B-A17B
llama_model_loader: - kv   7:                       general.quantized_by str              = Unsloth
llama_model_loader: - kv   8:                         general.size_label str              = 397B-A17B
llama_model_loader: - kv   9:                            general.license str              = apache-2.0
llama_model_loader: - kv  10:                       general.license.link str              = https://huggingface.co/Qwen/Qwen3.5-3...
llama_model_loader: - kv  11:                           general.repo_url str              = https://huggingface.co/unsloth
llama_model_loader: - kv  12:                   general.base_model.count u32              = 1
llama_model_loader: - kv  13:                  general.base_model.0.name str              = Qwen3.5 397B A17B
llama_model_loader: - kv  14:          general.base_model.0.organization str              = Qwen
llama_model_loader: - kv  15:              general.base_model.0.repo_url str              = https://huggingface.co/Qwen/Qwen3.5-3...
llama_model_loader: - kv  16:                               general.tags arr[str,2]       = ["unsloth", "image-text-to-text"]
llama_model_loader: - kv  17:                      qwen35moe.block_count u32              = 60
llama_model_loader: - kv  18:                   qwen35moe.context_length u32              = 262144
llama_model_loader: - kv  19:                 qwen35moe.embedding_length u32              = 4096
llama_model_loader: - kv  20:             qwen35moe.attention.head_count u32              = 32
llama_model_loader: - kv  21:          qwen35moe.attention.head_count_kv u32              = 2
llama_model_loader: - kv  22:          qwen35moe.rope.dimension_sections arr[i32,4]       = [11, 11, 10, 0]
llama_model_loader: - kv  23:                   qwen35moe.rope.freq_base f32              = 10000000.000000
llama_model_loader: - kv  24: qwen35moe.attention.layer_norm_rms_epsilon f32              = 0.000001
llama_model_loader: - kv  25:                     qwen35moe.expert_count u32              = 512
llama_model_loader: - kv  26:                qwen35moe.expert_used_count u32              = 10
llama_model_loader: - kv  27:             qwen35moe.attention.key_length u32              = 256
llama_model_loader: - kv  28:           qwen35moe.attention.value_length u32              = 256
llama_model_loader: - kv  29:       qwen35moe.expert_feed_forward_length u32              = 1024
llama_model_loader: - kv  30: qwen35moe.expert_shared_feed_forward_length u32              = 1024
llama_model_loader: - kv  31:                  qwen35moe.ssm.conv_kernel u32              = 4
llama_model_loader: - kv  32:                   qwen35moe.ssm.state_size u32              = 128
llama_model_loader: - kv  33:                  qwen35moe.ssm.group_count u32              = 16
llama_model_loader: - kv  34:               qwen35moe.ssm.time_step_rank u32              = 64
llama_model_loader: - kv  35:                   qwen35moe.ssm.inner_size u32              = 8192
llama_model_loader: - kv  36:          qwen35moe.full_attention_interval u32              = 4
llama_model_loader: - kv  37:             qwen35moe.rope.dimension_count u32              = 64
llama_model_loader: - kv  38:                       tokenizer.ggml.model str              = gpt2
llama_model_loader: - kv  39:                         tokenizer.ggml.pre str              = qwen35
llama_model_loader: - kv  40:                      tokenizer.ggml.tokens arr[str,248320]  = ["!", "\"", "#", "$", "%", "&", "'", ...
llama_model_loader: - kv  41:                  tokenizer.ggml.token_type arr[i32,248320]  = [1, 1, 1, 1, 1, 1, 1, 1, 1, 1, 1, 1, ...
llama_model_loader: - kv  42:                      tokenizer.ggml.merges arr[str,247587]  = ["Ġ Ġ", "ĠĠ ĠĠ", "i n", "Ġ t",...
llama_model_loader: - kv  43:                tokenizer.ggml.eos_token_id u32              = 248046
llama_model_loader: - kv  44:            tokenizer.ggml.padding_token_id u32              = 248055
llama_model_loader: - kv  45:                    tokenizer.chat_template str              = {%- set image_count = namespace(value...
llama_model_loader: - kv  46:               general.quantization_version u32              = 2
llama_model_loader: - kv  47:                          general.file_type u32              = 7
llama_model_loader: - kv  48:                      quantize.imatrix.file str              = Qwen3.5-397B-A17B-GGUF/imatrix_unslot...
llama_model_loader: - kv  49:                   quantize.imatrix.dataset str              = unsloth_calibration_Qwen3.5-397B-A17B...
llama_model_loader: - kv  50:             quantize.imatrix.entries_count u32              = 765
llama_model_loader: - kv  51:              quantize.imatrix.chunks_count u32              = 80
llama_model_loader: - kv  52:                                   split.no u16              = 0
llama_model_loader: - kv  53:                        split.tensors.count i32              = 1098
llama_model_loader: - kv  54:                                split.count u16              = 10
llama_model_loader: - type  f32:  451 tensors
llama_model_loader: - type q8_0:  647 tensors
print_info: file format = GGUF V3 (latest)
print_info: file type   = Q8_0
print_info: file size   = 392.55 GiB (8.51 BPW) 
load: 0 unused tokens
load: printing all EOG tokens:
load:   - 248044 ('<|endoftext|>')
load:   - 248046 ('<|im_end|>')
load:   - 248063 ('<|fim_pad|>')
load:   - 248064 ('<|repo_name|>')
load:   - 248065 ('<|file_sep|>')
load: special tokens cache size = 33
load: token to piece cache size = 1.7581 MB
print_info: arch                  = qwen35moe
print_info: vocab_only            = 0
print_info: no_alloc              = 0
print_info: n_ctx_train           = 262144
print_info: n_embd                = 4096
print_info: n_embd_inp            = 4096
print_info: n_layer               = 60
print_info: n_head                = 32
print_info: n_head_kv             = 2
print_info: n_rot                 = 64
print_info: n_swa                 = 0
print_info: is_swa_any            = 0
print_info: n_embd_head_k         = 256
print_info: n_embd_head_v         = 256
print_info: n_gqa                 = 16
print_info: n_embd_k_gqa          = 512
print_info: n_embd_v_gqa          = 512
print_info: f_norm_eps            = 0.0e+00
print_info: f_norm_rms_eps        = 1.0e-06
print_info: f_clamp_kqv           = 0.0e+00
print_info: f_max_alibi_bias      = 0.0e+00
print_info: f_logit_scale         = 0.0e+00
print_info: f_attn_scale          = 0.0e+00
print_info: n_ff                  = 0
print_info: n_expert              = 512
print_info: n_expert_used         = 10
print_info: n_expert_groups       = 0
print_info: n_group_used          = 0
print_info: causal attn           = 1
print_info: pooling type          = 0
print_info: rope type             = 40
print_info: rope scaling          = linear
print_info: freq_base_train       = 10000000.0
print_info: freq_scale_train      = 1
print_info: n_ctx_orig_yarn       = 262144
print_info: rope_yarn_log_mul     = 0.0000
print_info: rope_finetuned        = unknown
print_info: mrope sections        = [11, 11, 10, 0]
print_info: ssm_d_conv            = 4
print_info: ssm_d_inner           = 8192
print_info: ssm_d_state           = 128
print_info: ssm_dt_rank           = 64
print_info: ssm_n_group           = 16
print_info: ssm_dt_b_c_rms        = 0
print_info: model type            = ?B
print_info: model params          = 396.35 B
print_info: general.name          = Qwen3.5-397B-A17B
print_info: vocab type            = BPE
print_info: n_vocab               = 248320
print_info: n_merges              = 247587
print_info: BOS token             = 11 ','
print_info: EOS token             = 248046 '<|im_end|>'
print_info: EOT token             = 248046 '<|im_end|>'
print_info: PAD token             = 248055 '<|vision_pad|>'
print_info: LF token              = 198 'Ċ'
print_info: FIM PRE token         = 248060 '<|fim_prefix|>'
print_info: FIM SUF token         = 248062 '<|fim_suffix|>'
print_info: FIM MID token         = 248061 '<|fim_middle|>'
print_info: FIM PAD token         = 248063 '<|fim_pad|>'
print_info: FIM REP token         = 248064 '<|repo_name|>'
print_info: FIM SEP token         = 248065 '<|file_sep|>'
print_info: EOG token             = 248044 '<|endoftext|>'
print_info: EOG token             = 248046 '<|im_end|>'
print_info: EOG token             = 248063 '<|fim_pad|>'
print_info: EOG token             = 248064 '<|repo_name|>'
print_info: EOG token             = 248065 '<|file_sep|>'
print_info: max token length      = 256
load_tensors: loading model tensors, this can take a while... (mmap = true, direct_io = false)
load_tensors: offloading output layer to GPU
load_tensors: offloading 59 repeating layers to GPU
load_tensors: offloaded 61/61 layers to GPU
load_tensors:   CPU_Mapped model buffer size =  1030.62 MiB
load_tensors:        CUDA0 model buffer size = 106642.39 MiB
load_tensors:        CUDA1 model buffer size = 99987.35 MiB
load_tensors:        CUDA2 model buffer size = 99973.88 MiB
load_tensors:        CUDA3 model buffer size = 94336.00 MiB
....................................................................................................
common_init_result: added <|endoftext|> logit bias = -inf
common_init_result: added <|im_end|> logit bias = -inf
common_init_result: added <|fim_pad|> logit bias = -inf
common_init_result: added <|repo_name|> logit bias = -inf
common_init_result: added <|file_sep|> logit bias = -inf
llama_context: constructing llama_context
llama_context: n_seq_max     = 1
llama_context: n_ctx         = 16384
llama_context: n_ctx_seq     = 16384
llama_context: n_batch       = 2048
llama_context: n_ubatch      = 512
llama_context: causal_attn   = 1
llama_context: flash_attn    = enabled
llama_context: kv_unified    = false
llama_context: freq_base     = 10000000.0
llama_context: freq_scale    = 1
llama_context: n_ctx_seq (16384) < n_ctx_train (262144) -- the full capacity of the model will not be utilized
llama_context:  CUDA_Host  output buffer size =     0.95 MiB
llama_kv_cache:      CUDA0 KV buffer size =    68.00 MiB
llama_kv_cache:      CUDA1 KV buffer size =    51.00 MiB
llama_kv_cache:      CUDA2 KV buffer size =    68.00 MiB
llama_kv_cache:      CUDA3 KV buffer size =    68.00 MiB
llama_kv_cache: size =  255.00 MiB ( 16384 cells,  15 layers,  1/1 seqs), K (q8_0):  127.50 MiB, V (q8_0):  127.50 MiB
llama_memory_recurrent:      CUDA0 RS buffer size =    49.69 MiB
llama_memory_recurrent:      CUDA1 RS buffer size =    49.69 MiB
llama_memory_recurrent:      CUDA2 RS buffer size =    45.55 MiB
llama_memory_recurrent:      CUDA3 RS buffer size =    41.41 MiB
llama_memory_recurrent: size =  186.33 MiB (     1 cells,  60 layers,  1 seqs), R (f32):    6.33 MiB, S (f32):  180.00 MiB
llama_context: pipeline parallelism enabled
sched_reserve: reserving ...
sched_reserve:      CUDA0 compute buffer size =   388.34 MiB
sched_reserve:      CUDA1 compute buffer size =  3470.72 MiB
sched_reserve:      CUDA2 compute buffer size =   308.34 MiB
sched_reserve:      CUDA3 compute buffer size =  3791.45 MiB
sched_reserve:  CUDA_Host compute buffer size =   144.08 MiB
sched_reserve: graph nodes  = 14334 (with bs=512), 6819 (with bs=1)
sched_reserve: graph splits = 9
sched_reserve: reserve took 75.81 ms, sched copies = 4
EOS token id: 248046
EOG tokens in vocab:
  token 248044 = '<|endoftext|>' [EOG - will NOT stop generation]
  token 248046 = '<|im_end|>' [PRIMARY EOS - will stop generation]
  token 248063 = '<|fim_pad|>' [EOG - will NOT stop generation]
  token 248064 = '<|repo_name|>' [EOG - will NOT stop generation]
  token 248065 = '<|file_sep|>' [EOG - will NOT stop generation]
system_info: n_threads = 16 (n_threads_batch = 16) / 192 | CUDA : ARCHS = 900 | USE_GRAPHS = 1 | PEER_MAX_BATCH_SIZE = 128 | CPU : SSE3 = 1 | SSSE3 = 1 | AVX = 1 | AVX_VNNI = 1 | AVX2 = 1 | F16C = 1 | FMA = 1 | BMI2 = 1 | AVX512 = 1 | AVX512_VBMI = 1 | AVX512_VNNI = 1 | AVX512_BF16 = 1 | AMX_INT8 = 1 | LLAMAFILE = 1 | OPENMP = 1 | REPACK = 1 | 

Loaded 15 prompts

[1/15] P16A_paradox : <|im_start|>user
Transformer models process input text through a seque...
  tokens: 360 prompt + 0 gen | tensors: 60 seen, 60 captured, 60 unique | 779 ms
  saved 0 layer + 60 router tensors → output/P16A_paradox
[2/15] P16B_paradox : <|im_start|>user
Transformer models process input text through a seque...
  tokens: 360 prompt + 0 gen | tensors: 60 seen, 60 captured, 60 unique | 602 ms
  saved 0 layer + 60 router tensors → output/P16B_paradox
[3/15] P16C_paradox : <|im_start|>user
Transformer models process input text through a seque...
  tokens: 360 prompt + 0 gen | tensors: 60 seen, 60 captured, 60 unique | 591 ms
  saved 0 layer + 60 router tensors → output/P16C_paradox
[4/15] P16D_paradox : <|im_start|>user
Transformer models process input text through a seque...
  tokens: 360 prompt + 0 gen | tensors: 60 seen, 60 captured, 60 unique | 593 ms
  saved 0 layer + 60 router tensors → output/P16D_paradox
[5/15] P16E_paradox : <|im_start|>user
Transformer models process input text through a seque...
  tokens: 360 prompt + 0 gen | tensors: 60 seen, 60 captured, 60 unique | 591 ms
  saved 0 layer + 60 router tensors → output/P16E_paradox
[6/15] P17A_paradox : <|im_start|>user
Transformer models process input text through a seque...
  tokens: 355 prompt + 0 gen | tensors: 60 seen, 60 captured, 60 unique | 595 ms
  saved 0 layer + 60 router tensors → output/P17A_paradox
[7/15] P17B_paradox : <|im_start|>user
Transformer models process input text through a seque...
  tokens: 355 prompt + 0 gen | tensors: 60 seen, 60 captured, 60 unique | 592 ms
  saved 0 layer + 60 router tensors → output/P17B_paradox
[8/15] P17C_paradox : <|im_start|>user
Transformer models process input text through a seque...
  tokens: 355 prompt + 0 gen | tensors: 60 seen, 60 captured, 60 unique | 586 ms
  saved 0 layer + 60 router tensors → output/P17C_paradox
[9/15] P17D_paradox : <|im_start|>user
Transformer models process input text through a seque...
  tokens: 355 prompt + 0 gen | tensors: 60 seen, 60 captured, 60 unique | 589 ms
  saved 0 layer + 60 router tensors → output/P17D_paradox
[10/15] P17E_paradox : <|im_start|>user
Transformer models process input text through a seque...
  tokens: 355 prompt + 0 gen | tensors: 60 seen, 60 captured, 60 unique | 589 ms
  saved 0 layer + 60 router tensors → output/P17E_paradox
[11/15] P18A_paradox : <|im_start|>user
Transformer models process input text through a seque...
  tokens: 359 prompt + 0 gen | tensors: 60 seen, 60 captured, 60 unique | 602 ms
  saved 0 layer + 60 router tensors → output/P18A_paradox
[12/15] P18B_paradox : <|im_start|>user
Transformer models process input text through a seque...
  tokens: 359 prompt + 0 gen | tensors: 60 seen, 60 captured, 60 unique | 593 ms
  saved 0 layer + 60 router tensors → output/P18B_paradox
[13/15] P18C_paradox : <|im_start|>user
Transformer models process input text through a seque...
  tokens: 359 prompt + 0 gen | tensors: 60 seen, 60 captured, 60 unique | 591 ms
  saved 0 layer + 60 router tensors → output/P18C_paradox
[14/15] P18D_paradox : <|im_start|>user
Transformer models process input text through a seque...
  tokens: 359 prompt + 0 gen | tensors: 60 seen, 60 captured, 60 unique | 590 ms
  saved 0 layer + 60 router tensors → output/P18D_paradox
[15/15] P18E_paradox : <|im_start|>user
Transformer models process input text through a seque...
  tokens: 359 prompt + 0 gen | tensors: 60 seen, 60 captured, 60 unique | 589 ms
  saved 0 layer + 60 router tensors → output/P18E_paradox

=== Capture Complete ===
Prompts: 15  |  Output: output
llama_perf_context_print:        load time =   72242.22 ms
llama_perf_context_print: prompt eval time =       0.00 ms /     1 tokens (    0.00 ms per token,      inf tokens per second)
llama_perf_context_print:        eval time =       0.00 ms /     1 runs   (    0.00 ms per token,      inf tokens per second)
llama_perf_context_print:       total time =   81719.80 ms /     2 tokens
llama_perf_context_print:    graphs reused =         12
  P16A_paradox: RE=0.939596 last_tok=0.955792 KL_manip=0.683327 KL_cal2=0.682940 tokens=360
  P16B_paradox: RE=0.939068 last_tok=0.955558 KL_manip=0.672772 KL_cal2=0.684484 tokens=360
  P16C_paradox: RE=0.938682 last_tok=0.954595 KL_manip=0.714987 KL_cal2=0.697231 tokens=360
  P16D_paradox: RE=0.939552 last_tok=0.956291 KL_manip=0.654547 KL_cal2=0.681214 tokens=360
  P16E_paradox: RE=0.939310 last_tok=0.956308 KL_manip=0.671999 KL_cal2=0.687372 tokens=360
  P17A_paradox: RE=0.939479 last_tok=0.955102 KL_manip=0.701990 KL_cal2=0.674706 tokens=355
  P17B_paradox: RE=0.939214 last_tok=0.956122 KL_manip=0.691271 KL_cal2=0.677275 tokens=355
  P17C_paradox: RE=0.938659 last_tok=0.955332 KL_manip=0.737195 KL_cal2=0.700133 tokens=355
  P17D_paradox: RE=0.939438 last_tok=0.956103 KL_manip=0.686057 KL_cal2=0.671002 tokens=355
  P17E_paradox: RE=0.939111 last_tok=0.955839 KL_manip=0.703121 KL_cal2=0.679495 tokens=355
  P18A_paradox: RE=0.938811 last_tok=0.955750 KL_manip=0.670641 KL_cal2=0.690943 tokens=359
  P18B_paradox: RE=0.937769 last_tok=0.955127 KL_manip=0.640029 KL_cal2=0.676930 tokens=359
  P18C_paradox: RE=0.937796 last_tok=0.954533 KL_manip=0.692577 KL_cal2=0.701729 tokens=359
  P18D_paradox: RE=0.938220 last_tok=0.955669 KL_manip=0.635227 KL_cal2=0.680196 tokens=359
  P18E_paradox: RE=0.938510 last_tok=0.956488 KL_manip=0.664769 KL_cal2=0.681135 tokens=359

=== BATCH 7/10: prompts 91-105 ===
Running: /workspace/consciousness-experiment/capture_activations -m /workspace/models/Qwen3.5-397B-A17B-Q8_0/Qwen3.5-397B-A17B-Q8_0-00001-of-00010.gguf --prompt-file batch_6.tsv -o output -n 0 -ngl 999 -c 16384 -t 16 -fa on --cache-type-k q8_0 --cache-type-v q8_0 --routing-only --no-stream
ggml_cuda_init: found 4 CUDA devices:
  Device 0: NVIDIA H200, compute capability 9.0, VMM: yes
  Device 1: NVIDIA H200, compute capability 9.0, VMM: yes
  Device 2: NVIDIA H200, compute capability 9.0, VMM: yes
  Device 3: NVIDIA H200, compute capability 9.0, VMM: yes
build: 1 (f75c4e8) with GNU 11.4.0 for Linux x86_64
=== Consciousness Metrics — Activation Capture ===
Output dir : output
n_predict  : 0
Text output: file only (--no-stream)
Mode       : --routing-only (router/gate tensors only)
common_init_result: fitting params to device memory, for bugs during this step try to reproduce them with -fit off, or provide --verbose logs if the bug only occurs with -fit on
llama_params_fit_impl: projected memory use with initial parameters [MiB]:
llama_params_fit_impl:   - CUDA0 (NVIDIA H200): 143155 total, 107148 used,  35428 free vs. target of   1024
llama_params_fit_impl:   - CUDA1 (NVIDIA H200): 143155 total, 103590 used,  38986 free vs. target of   1024
llama_params_fit_impl:   - CUDA2 (NVIDIA H200): 143155 total, 100427 used,  42153 free vs. target of   1024
llama_params_fit_impl:   - CUDA3 (NVIDIA H200): 143155 total,  98268 used,  44316 free vs. target of   1024
llama_params_fit_impl: projected to use 409435 MiB of device memory vs. 570320 MiB of free device memory
llama_params_fit_impl: targets for free memory can be met on all devices, no changes needed
llama_params_fit: successfully fit params to free device memory
llama_params_fit: fitting params to free memory took 1.19 seconds
llama_model_load_from_file_impl: using device CUDA0 (NVIDIA H200) (0000:87:00.0) - 142627 MiB free
llama_model_load_from_file_impl: using device CUDA1 (NVIDIA H200) (0000:90:00.0) - 142627 MiB free
llama_model_load_from_file_impl: using device CUDA2 (NVIDIA H200) (0000:b8:00.0) - 142627 MiB free
llama_model_load_from_file_impl: using device CUDA3 (NVIDIA H200) (0000:c1:00.0) - 142627 MiB free
llama_model_loader: additional 9 GGUFs metadata loaded.
llama_model_loader: loaded meta data with 55 key-value pairs and 1098 tensors from /workspace/models/Qwen3.5-397B-A17B-Q8_0/Qwen3.5-397B-A17B-Q8_0-00001-of-00010.gguf (version GGUF V3 (latest))
llama_model_loader: Dumping metadata keys/values. Note: KV overrides do not apply in this output.
llama_model_loader: - kv   0:                       general.architecture str              = qwen35moe
llama_model_loader: - kv   1:                               general.type str              = model
llama_model_loader: - kv   2:                     general.sampling.top_k i32              = 20
llama_model_loader: - kv   3:                     general.sampling.top_p f32              = 0.950000
llama_model_loader: - kv   4:                      general.sampling.temp f32              = 0.600000
llama_model_loader: - kv   5:                               general.name str              = Qwen3.5-397B-A17B
llama_model_loader: - kv   6:                           general.basename str              = Qwen3.5-397B-A17B
llama_model_loader: - kv   7:                       general.quantized_by str              = Unsloth
llama_model_loader: - kv   8:                         general.size_label str              = 397B-A17B
llama_model_loader: - kv   9:                            general.license str              = apache-2.0
llama_model_loader: - kv  10:                       general.license.link str              = https://huggingface.co/Qwen/Qwen3.5-3...
llama_model_loader: - kv  11:                           general.repo_url str              = https://huggingface.co/unsloth
llama_model_loader: - kv  12:                   general.base_model.count u32              = 1
llama_model_loader: - kv  13:                  general.base_model.0.name str              = Qwen3.5 397B A17B
llama_model_loader: - kv  14:          general.base_model.0.organization str              = Qwen
llama_model_loader: - kv  15:              general.base_model.0.repo_url str              = https://huggingface.co/Qwen/Qwen3.5-3...
llama_model_loader: - kv  16:                               general.tags arr[str,2]       = ["unsloth", "image-text-to-text"]
llama_model_loader: - kv  17:                      qwen35moe.block_count u32              = 60
llama_model_loader: - kv  18:                   qwen35moe.context_length u32              = 262144
llama_model_loader: - kv  19:                 qwen35moe.embedding_length u32              = 4096
llama_model_loader: - kv  20:             qwen35moe.attention.head_count u32              = 32
llama_model_loader: - kv  21:          qwen35moe.attention.head_count_kv u32              = 2
llama_model_loader: - kv  22:          qwen35moe.rope.dimension_sections arr[i32,4]       = [11, 11, 10, 0]
llama_model_loader: - kv  23:                   qwen35moe.rope.freq_base f32              = 10000000.000000
llama_model_loader: - kv  24: qwen35moe.attention.layer_norm_rms_epsilon f32              = 0.000001
llama_model_loader: - kv  25:                     qwen35moe.expert_count u32              = 512
llama_model_loader: - kv  26:                qwen35moe.expert_used_count u32              = 10
llama_model_loader: - kv  27:             qwen35moe.attention.key_length u32              = 256
llama_model_loader: - kv  28:           qwen35moe.attention.value_length u32              = 256
llama_model_loader: - kv  29:       qwen35moe.expert_feed_forward_length u32              = 1024
llama_model_loader: - kv  30: qwen35moe.expert_shared_feed_forward_length u32              = 1024
llama_model_loader: - kv  31:                  qwen35moe.ssm.conv_kernel u32              = 4
llama_model_loader: - kv  32:                   qwen35moe.ssm.state_size u32              = 128
llama_model_loader: - kv  33:                  qwen35moe.ssm.group_count u32              = 16
llama_model_loader: - kv  34:               qwen35moe.ssm.time_step_rank u32              = 64
llama_model_loader: - kv  35:                   qwen35moe.ssm.inner_size u32              = 8192
llama_model_loader: - kv  36:          qwen35moe.full_attention_interval u32              = 4
llama_model_loader: - kv  37:             qwen35moe.rope.dimension_count u32              = 64
llama_model_loader: - kv  38:                       tokenizer.ggml.model str              = gpt2
llama_model_loader: - kv  39:                         tokenizer.ggml.pre str              = qwen35
llama_model_loader: - kv  40:                      tokenizer.ggml.tokens arr[str,248320]  = ["!", "\"", "#", "$", "%", "&", "'", ...
llama_model_loader: - kv  41:                  tokenizer.ggml.token_type arr[i32,248320]  = [1, 1, 1, 1, 1, 1, 1, 1, 1, 1, 1, 1, ...
llama_model_loader: - kv  42:                      tokenizer.ggml.merges arr[str,247587]  = ["Ġ Ġ", "ĠĠ ĠĠ", "i n", "Ġ t",...
llama_model_loader: - kv  43:                tokenizer.ggml.eos_token_id u32              = 248046
llama_model_loader: - kv  44:            tokenizer.ggml.padding_token_id u32              = 248055
llama_model_loader: - kv  45:                    tokenizer.chat_template str              = {%- set image_count = namespace(value...
llama_model_loader: - kv  46:               general.quantization_version u32              = 2
llama_model_loader: - kv  47:                          general.file_type u32              = 7
llama_model_loader: - kv  48:                      quantize.imatrix.file str              = Qwen3.5-397B-A17B-GGUF/imatrix_unslot...
llama_model_loader: - kv  49:                   quantize.imatrix.dataset str              = unsloth_calibration_Qwen3.5-397B-A17B...
llama_model_loader: - kv  50:             quantize.imatrix.entries_count u32              = 765
llama_model_loader: - kv  51:              quantize.imatrix.chunks_count u32              = 80
llama_model_loader: - kv  52:                                   split.no u16              = 0
llama_model_loader: - kv  53:                        split.tensors.count i32              = 1098
llama_model_loader: - kv  54:                                split.count u16              = 10
llama_model_loader: - type  f32:  451 tensors
llama_model_loader: - type q8_0:  647 tensors
print_info: file format = GGUF V3 (latest)
print_info: file type   = Q8_0
print_info: file size   = 392.55 GiB (8.51 BPW) 
load: 0 unused tokens
load: printing all EOG tokens:
load:   - 248044 ('<|endoftext|>')
load:   - 248046 ('<|im_end|>')
load:   - 248063 ('<|fim_pad|>')
load:   - 248064 ('<|repo_name|>')
load:   - 248065 ('<|file_sep|>')
load: special tokens cache size = 33
load: token to piece cache size = 1.7581 MB
print_info: arch                  = qwen35moe
print_info: vocab_only            = 0
print_info: no_alloc              = 0
print_info: n_ctx_train           = 262144
print_info: n_embd                = 4096
print_info: n_embd_inp            = 4096
print_info: n_layer               = 60
print_info: n_head                = 32
print_info: n_head_kv             = 2
print_info: n_rot                 = 64
print_info: n_swa                 = 0
print_info: is_swa_any            = 0
print_info: n_embd_head_k         = 256
print_info: n_embd_head_v         = 256
print_info: n_gqa                 = 16
print_info: n_embd_k_gqa          = 512
print_info: n_embd_v_gqa          = 512
print_info: f_norm_eps            = 0.0e+00
print_info: f_norm_rms_eps        = 1.0e-06
print_info: f_clamp_kqv           = 0.0e+00
print_info: f_max_alibi_bias      = 0.0e+00
print_info: f_logit_scale         = 0.0e+00
print_info: f_attn_scale          = 0.0e+00
print_info: n_ff                  = 0
print_info: n_expert              = 512
print_info: n_expert_used         = 10
print_info: n_expert_groups       = 0
print_info: n_group_used          = 0
print_info: causal attn           = 1
print_info: pooling type          = 0
print_info: rope type             = 40
print_info: rope scaling          = linear
print_info: freq_base_train       = 10000000.0
print_info: freq_scale_train      = 1
print_info: n_ctx_orig_yarn       = 262144
print_info: rope_yarn_log_mul     = 0.0000
print_info: rope_finetuned        = unknown
print_info: mrope sections        = [11, 11, 10, 0]
print_info: ssm_d_conv            = 4
print_info: ssm_d_inner           = 8192
print_info: ssm_d_state           = 128
print_info: ssm_dt_rank           = 64
print_info: ssm_n_group           = 16
print_info: ssm_dt_b_c_rms        = 0
print_info: model type            = ?B
print_info: model params          = 396.35 B
print_info: general.name          = Qwen3.5-397B-A17B
print_info: vocab type            = BPE
print_info: n_vocab               = 248320
print_info: n_merges              = 247587
print_info: BOS token             = 11 ','
print_info: EOS token             = 248046 '<|im_end|>'
print_info: EOT token             = 248046 '<|im_end|>'
print_info: PAD token             = 248055 '<|vision_pad|>'
print_info: LF token              = 198 'Ċ'
print_info: FIM PRE token         = 248060 '<|fim_prefix|>'
print_info: FIM SUF token         = 248062 '<|fim_suffix|>'
print_info: FIM MID token         = 248061 '<|fim_middle|>'
print_info: FIM PAD token         = 248063 '<|fim_pad|>'
print_info: FIM REP token         = 248064 '<|repo_name|>'
print_info: FIM SEP token         = 248065 '<|file_sep|>'
print_info: EOG token             = 248044 '<|endoftext|>'
print_info: EOG token             = 248046 '<|im_end|>'
print_info: EOG token             = 248063 '<|fim_pad|>'
print_info: EOG token             = 248064 '<|repo_name|>'
print_info: EOG token             = 248065 '<|file_sep|>'
print_info: max token length      = 256
load_tensors: loading model tensors, this can take a while... (mmap = true, direct_io = false)
load_tensors: offloading output layer to GPU
load_tensors: offloading 59 repeating layers to GPU
load_tensors: offloaded 61/61 layers to GPU
load_tensors:   CPU_Mapped model buffer size =  1030.62 MiB
load_tensors:        CUDA0 model buffer size = 106642.39 MiB
load_tensors:        CUDA1 model buffer size = 99987.35 MiB
load_tensors:        CUDA2 model buffer size = 99973.88 MiB
load_tensors:        CUDA3 model buffer size = 94336.00 MiB
....................................................................................................
common_init_result: added <|endoftext|> logit bias = -inf
common_init_result: added <|im_end|> logit bias = -inf
common_init_result: added <|fim_pad|> logit bias = -inf
common_init_result: added <|repo_name|> logit bias = -inf
common_init_result: added <|file_sep|> logit bias = -inf
llama_context: constructing llama_context
llama_context: n_seq_max     = 1
llama_context: n_ctx         = 16384
llama_context: n_ctx_seq     = 16384
llama_context: n_batch       = 2048
llama_context: n_ubatch      = 512
llama_context: causal_attn   = 1
llama_context: flash_attn    = enabled
llama_context: kv_unified    = false
llama_context: freq_base     = 10000000.0
llama_context: freq_scale    = 1
llama_context: n_ctx_seq (16384) < n_ctx_train (262144) -- the full capacity of the model will not be utilized
llama_context:  CUDA_Host  output buffer size =     0.95 MiB
llama_kv_cache:      CUDA0 KV buffer size =    68.00 MiB
llama_kv_cache:      CUDA1 KV buffer size =    51.00 MiB
llama_kv_cache:      CUDA2 KV buffer size =    68.00 MiB
llama_kv_cache:      CUDA3 KV buffer size =    68.00 MiB
llama_kv_cache: size =  255.00 MiB ( 16384 cells,  15 layers,  1/1 seqs), K (q8_0):  127.50 MiB, V (q8_0):  127.50 MiB
llama_memory_recurrent:      CUDA0 RS buffer size =    49.69 MiB
llama_memory_recurrent:      CUDA1 RS buffer size =    49.69 MiB
llama_memory_recurrent:      CUDA2 RS buffer size =    45.55 MiB
llama_memory_recurrent:      CUDA3 RS buffer size =    41.41 MiB
llama_memory_recurrent: size =  186.33 MiB (     1 cells,  60 layers,  1 seqs), R (f32):    6.33 MiB, S (f32):  180.00 MiB
llama_context: pipeline parallelism enabled
sched_reserve: reserving ...
sched_reserve:      CUDA0 compute buffer size =   388.34 MiB
sched_reserve:      CUDA1 compute buffer size =  3470.72 MiB
sched_reserve:      CUDA2 compute buffer size =   308.34 MiB
sched_reserve:      CUDA3 compute buffer size =  3791.45 MiB
sched_reserve:  CUDA_Host compute buffer size =   144.08 MiB
sched_reserve: graph nodes  = 14334 (with bs=512), 6819 (with bs=1)
sched_reserve: graph splits = 9
sched_reserve: reserve took 81.38 ms, sched copies = 4
EOS token id: 248046
EOG tokens in vocab:
  token 248044 = '<|endoftext|>' [EOG - will NOT stop generation]
  token 248046 = '<|im_end|>' [PRIMARY EOS - will stop generation]
  token 248063 = '<|fim_pad|>' [EOG - will NOT stop generation]
  token 248064 = '<|repo_name|>' [EOG - will NOT stop generation]
  token 248065 = '<|file_sep|>' [EOG - will NOT stop generation]
system_info: n_threads = 16 (n_threads_batch = 16) / 192 | CUDA : ARCHS = 900 | USE_GRAPHS = 1 | PEER_MAX_BATCH_SIZE = 128 | CPU : SSE3 = 1 | SSSE3 = 1 | AVX = 1 | AVX_VNNI = 1 | AVX2 = 1 | F16C = 1 | FMA = 1 | BMI2 = 1 | AVX512 = 1 | AVX512_VBMI = 1 | AVX512_VNNI = 1 | AVX512_BF16 = 1 | AMX_INT8 = 1 | LLAMAFILE = 1 | OPENMP = 1 | REPACK = 1 | 

Loaded 15 prompts

[1/15] P19A_introspection : <|im_start|>user
Transformer models process input text through a seque...
  tokens: 348 prompt + 0 gen | tensors: 60 seen, 60 captured, 60 unique | 768 ms
  saved 0 layer + 60 router tensors → output/P19A_introspection
[2/15] P19B_introspection : <|im_start|>user
Transformer models process input text through a seque...
  tokens: 348 prompt + 0 gen | tensors: 60 seen, 60 captured, 60 unique | 601 ms
  saved 0 layer + 60 router tensors → output/P19B_introspection
[3/15] P19C_introspection : <|im_start|>user
Transformer models process input text through a seque...
  tokens: 348 prompt + 0 gen | tensors: 60 seen, 60 captured, 60 unique | 588 ms
  saved 0 layer + 60 router tensors → output/P19C_introspection
[4/15] P19D_introspection : <|im_start|>user
Transformer models process input text through a seque...
  tokens: 348 prompt + 0 gen | tensors: 60 seen, 60 captured, 60 unique | 587 ms
  saved 0 layer + 60 router tensors → output/P19D_introspection
[5/15] P19E_introspection : <|im_start|>user
Transformer models process input text through a seque...
  tokens: 348 prompt + 0 gen | tensors: 60 seen, 60 captured, 60 unique | 587 ms
  saved 0 layer + 60 router tensors → output/P19E_introspection
[6/15] P20A_introspection : <|im_start|>user
Transformer models process input text through a seque...
  tokens: 356 prompt + 0 gen | tensors: 60 seen, 60 captured, 60 unique | 607 ms
  saved 0 layer + 60 router tensors → output/P20A_introspection
[7/15] P20B_introspection : <|im_start|>user
Transformer models process input text through a seque...
  tokens: 356 prompt + 0 gen | tensors: 60 seen, 60 captured, 60 unique | 592 ms
  saved 0 layer + 60 router tensors → output/P20B_introspection
[8/15] P20C_introspection : <|im_start|>user
Transformer models process input text through a seque...
  tokens: 356 prompt + 0 gen | tensors: 60 seen, 60 captured, 60 unique | 591 ms
  saved 0 layer + 60 router tensors → output/P20C_introspection
[9/15] P20D_introspection : <|im_start|>user
Transformer models process input text through a seque...
  tokens: 356 prompt + 0 gen | tensors: 60 seen, 60 captured, 60 unique | 593 ms
  saved 0 layer + 60 router tensors → output/P20D_introspection
[10/15] P20E_introspection : <|im_start|>user
Transformer models process input text through a seque...
  tokens: 356 prompt + 0 gen | tensors: 60 seen, 60 captured, 60 unique | 593 ms
  saved 0 layer + 60 router tensors → output/P20E_introspection
[11/15] P21A_introspection : <|im_start|>user
Transformer models process input text through a seque...
  tokens: 346 prompt + 0 gen | tensors: 60 seen, 60 captured, 60 unique | 589 ms
  saved 0 layer + 60 router tensors → output/P21A_introspection
[12/15] P21B_introspection : <|im_start|>user
Transformer models process input text through a seque...
  tokens: 346 prompt + 0 gen | tensors: 60 seen, 60 captured, 60 unique | 585 ms
  saved 0 layer + 60 router tensors → output/P21B_introspection
[13/15] P21C_introspection : <|im_start|>user
Transformer models process input text through a seque...
  tokens: 346 prompt + 0 gen | tensors: 60 seen, 60 captured, 60 unique | 583 ms
  saved 0 layer + 60 router tensors → output/P21C_introspection
[14/15] P21D_introspection : <|im_start|>user
Transformer models process input text through a seque...
  tokens: 346 prompt + 0 gen | tensors: 60 seen, 60 captured, 60 unique | 582 ms
  saved 0 layer + 60 router tensors → output/P21D_introspection
[15/15] P21E_introspection : <|im_start|>user
Transformer models process input text through a seque...
  tokens: 346 prompt + 0 gen | tensors: 60 seen, 60 captured, 60 unique | 582 ms
  saved 0 layer + 60 router tensors → output/P21E_introspection

=== Capture Complete ===
Prompts: 15  |  Output: output
llama_perf_context_print:        load time =   72463.99 ms
llama_perf_context_print: prompt eval time =       0.00 ms /     1 tokens (    0.00 ms per token,      inf tokens per second)
llama_perf_context_print:        eval time =       0.00 ms /     1 runs   (    0.00 ms per token,      inf tokens per second)
llama_perf_context_print:       total time =   81895.14 ms /     2 tokens
llama_perf_context_print:    graphs reused =         12
  P19A_introspection: RE=0.937683 last_tok=0.955107 KL_manip=0.650093 KL_cal2=0.691241 tokens=348
  P19B_introspection: RE=0.937815 last_tok=0.956457 KL_manip=0.626231 KL_cal2=0.678707 tokens=348
  P19C_introspection: RE=0.936884 last_tok=0.955363 KL_manip=0.675836 KL_cal2=0.700216 tokens=348
  P19D_introspection: RE=0.937726 last_tok=0.955683 KL_manip=0.629681 KL_cal2=0.676960 tokens=348
  P19E_introspection: RE=0.937507 last_tok=0.955674 KL_manip=0.647986 KL_cal2=0.684395 tokens=348
  P20A_introspection: RE=0.938664 last_tok=0.954985 KL_manip=0.634125 KL_cal2=0.668691 tokens=356
  P20B_introspection: RE=0.938172 last_tok=0.953670 KL_manip=0.610008 KL_cal2=0.667009 tokens=356
  P20C_introspection: RE=0.937506 last_tok=0.953494 KL_manip=0.665491 KL_cal2=0.682121 tokens=356
  P20D_introspection: RE=0.938488 last_tok=0.954793 KL_manip=0.607153 KL_cal2=0.668090 tokens=356
  P20E_introspection: RE=0.938324 last_tok=0.955885 KL_manip=0.632560 KL_cal2=0.671699 tokens=356
  P21A_introspection: RE=0.937396 last_tok=0.956498 KL_manip=0.648148 KL_cal2=0.690230 tokens=346
  P21B_introspection: RE=0.937725 last_tok=0.955927 KL_manip=0.642911 KL_cal2=0.677584 tokens=346
  P21C_introspection: RE=0.936596 last_tok=0.955626 KL_manip=0.697694 KL_cal2=0.707392 tokens=346
  P21D_introspection: RE=0.937572 last_tok=0.956203 KL_manip=0.635860 KL_cal2=0.686944 tokens=346
  P21E_introspection: RE=0.937557 last_tok=0.956026 KL_manip=0.646913 KL_cal2=0.689339 tokens=346

=== BATCH 8/10: prompts 106-120 ===
Running: /workspace/consciousness-experiment/capture_activations -m /workspace/models/Qwen3.5-397B-A17B-Q8_0/Qwen3.5-397B-A17B-Q8_0-00001-of-00010.gguf --prompt-file batch_7.tsv -o output -n 0 -ngl 999 -c 16384 -t 16 -fa on --cache-type-k q8_0 --cache-type-v q8_0 --routing-only --no-stream
ggml_cuda_init: found 4 CUDA devices:
  Device 0: NVIDIA H200, compute capability 9.0, VMM: yes
  Device 1: NVIDIA H200, compute capability 9.0, VMM: yes
  Device 2: NVIDIA H200, compute capability 9.0, VMM: yes
  Device 3: NVIDIA H200, compute capability 9.0, VMM: yes
build: 1 (f75c4e8) with GNU 11.4.0 for Linux x86_64
=== Consciousness Metrics — Activation Capture ===
Output dir : output
n_predict  : 0
Text output: file only (--no-stream)
Mode       : --routing-only (router/gate tensors only)
common_init_result: fitting params to device memory, for bugs during this step try to reproduce them with -fit off, or provide --verbose logs if the bug only occurs with -fit on
llama_params_fit_impl: projected memory use with initial parameters [MiB]:
llama_params_fit_impl:   - CUDA0 (NVIDIA H200): 143155 total, 107148 used,  35428 free vs. target of   1024
llama_params_fit_impl:   - CUDA1 (NVIDIA H200): 143155 total, 103590 used,  38986 free vs. target of   1024
llama_params_fit_impl:   - CUDA2 (NVIDIA H200): 143155 total, 100427 used,  42153 free vs. target of   1024
llama_params_fit_impl:   - CUDA3 (NVIDIA H200): 143155 total,  98268 used,  44316 free vs. target of   1024
llama_params_fit_impl: projected to use 409435 MiB of device memory vs. 570320 MiB of free device memory
llama_params_fit_impl: targets for free memory can be met on all devices, no changes needed
llama_params_fit: successfully fit params to free device memory
llama_params_fit: fitting params to free memory took 1.16 seconds
llama_model_load_from_file_impl: using device CUDA0 (NVIDIA H200) (0000:87:00.0) - 142627 MiB free
llama_model_load_from_file_impl: using device CUDA1 (NVIDIA H200) (0000:90:00.0) - 142627 MiB free
llama_model_load_from_file_impl: using device CUDA2 (NVIDIA H200) (0000:b8:00.0) - 142627 MiB free
llama_model_load_from_file_impl: using device CUDA3 (NVIDIA H200) (0000:c1:00.0) - 142627 MiB free
llama_model_loader: additional 9 GGUFs metadata loaded.
llama_model_loader: loaded meta data with 55 key-value pairs and 1098 tensors from /workspace/models/Qwen3.5-397B-A17B-Q8_0/Qwen3.5-397B-A17B-Q8_0-00001-of-00010.gguf (version GGUF V3 (latest))
llama_model_loader: Dumping metadata keys/values. Note: KV overrides do not apply in this output.
llama_model_loader: - kv   0:                       general.architecture str              = qwen35moe
llama_model_loader: - kv   1:                               general.type str              = model
llama_model_loader: - kv   2:                     general.sampling.top_k i32              = 20
llama_model_loader: - kv   3:                     general.sampling.top_p f32              = 0.950000
llama_model_loader: - kv   4:                      general.sampling.temp f32              = 0.600000
llama_model_loader: - kv   5:                               general.name str              = Qwen3.5-397B-A17B
llama_model_loader: - kv   6:                           general.basename str              = Qwen3.5-397B-A17B
llama_model_loader: - kv   7:                       general.quantized_by str              = Unsloth
llama_model_loader: - kv   8:                         general.size_label str              = 397B-A17B
llama_model_loader: - kv   9:                            general.license str              = apache-2.0
llama_model_loader: - kv  10:                       general.license.link str              = https://huggingface.co/Qwen/Qwen3.5-3...
llama_model_loader: - kv  11:                           general.repo_url str              = https://huggingface.co/unsloth
llama_model_loader: - kv  12:                   general.base_model.count u32              = 1
llama_model_loader: - kv  13:                  general.base_model.0.name str              = Qwen3.5 397B A17B
llama_model_loader: - kv  14:          general.base_model.0.organization str              = Qwen
llama_model_loader: - kv  15:              general.base_model.0.repo_url str              = https://huggingface.co/Qwen/Qwen3.5-3...
llama_model_loader: - kv  16:                               general.tags arr[str,2]       = ["unsloth", "image-text-to-text"]
llama_model_loader: - kv  17:                      qwen35moe.block_count u32              = 60
llama_model_loader: - kv  18:                   qwen35moe.context_length u32              = 262144
llama_model_loader: - kv  19:                 qwen35moe.embedding_length u32              = 4096
llama_model_loader: - kv  20:             qwen35moe.attention.head_count u32              = 32
llama_model_loader: - kv  21:          qwen35moe.attention.head_count_kv u32              = 2
llama_model_loader: - kv  22:          qwen35moe.rope.dimension_sections arr[i32,4]       = [11, 11, 10, 0]
llama_model_loader: - kv  23:                   qwen35moe.rope.freq_base f32              = 10000000.000000
llama_model_loader: - kv  24: qwen35moe.attention.layer_norm_rms_epsilon f32              = 0.000001
llama_model_loader: - kv  25:                     qwen35moe.expert_count u32              = 512
llama_model_loader: - kv  26:                qwen35moe.expert_used_count u32              = 10
llama_model_loader: - kv  27:             qwen35moe.attention.key_length u32              = 256
llama_model_loader: - kv  28:           qwen35moe.attention.value_length u32              = 256
llama_model_loader: - kv  29:       qwen35moe.expert_feed_forward_length u32              = 1024
llama_model_loader: - kv  30: qwen35moe.expert_shared_feed_forward_length u32              = 1024
llama_model_loader: - kv  31:                  qwen35moe.ssm.conv_kernel u32              = 4
llama_model_loader: - kv  32:                   qwen35moe.ssm.state_size u32              = 128
llama_model_loader: - kv  33:                  qwen35moe.ssm.group_count u32              = 16
llama_model_loader: - kv  34:               qwen35moe.ssm.time_step_rank u32              = 64
llama_model_loader: - kv  35:                   qwen35moe.ssm.inner_size u32              = 8192
llama_model_loader: - kv  36:          qwen35moe.full_attention_interval u32              = 4
llama_model_loader: - kv  37:             qwen35moe.rope.dimension_count u32              = 64
llama_model_loader: - kv  38:                       tokenizer.ggml.model str              = gpt2
llama_model_loader: - kv  39:                         tokenizer.ggml.pre str              = qwen35
llama_model_loader: - kv  40:                      tokenizer.ggml.tokens arr[str,248320]  = ["!", "\"", "#", "$", "%", "&", "'", ...
llama_model_loader: - kv  41:                  tokenizer.ggml.token_type arr[i32,248320]  = [1, 1, 1, 1, 1, 1, 1, 1, 1, 1, 1, 1, ...
llama_model_loader: - kv  42:                      tokenizer.ggml.merges arr[str,247587]  = ["Ġ Ġ", "ĠĠ ĠĠ", "i n", "Ġ t",...
llama_model_loader: - kv  43:                tokenizer.ggml.eos_token_id u32              = 248046
llama_model_loader: - kv  44:            tokenizer.ggml.padding_token_id u32              = 248055
llama_model_loader: - kv  45:                    tokenizer.chat_template str              = {%- set image_count = namespace(value...
llama_model_loader: - kv  46:               general.quantization_version u32              = 2
llama_model_loader: - kv  47:                          general.file_type u32              = 7
llama_model_loader: - kv  48:                      quantize.imatrix.file str              = Qwen3.5-397B-A17B-GGUF/imatrix_unslot...
llama_model_loader: - kv  49:                   quantize.imatrix.dataset str              = unsloth_calibration_Qwen3.5-397B-A17B...
llama_model_loader: - kv  50:             quantize.imatrix.entries_count u32              = 765
llama_model_loader: - kv  51:              quantize.imatrix.chunks_count u32              = 80
llama_model_loader: - kv  52:                                   split.no u16              = 0
llama_model_loader: - kv  53:                        split.tensors.count i32              = 1098
llama_model_loader: - kv  54:                                split.count u16              = 10
llama_model_loader: - type  f32:  451 tensors
llama_model_loader: - type q8_0:  647 tensors
print_info: file format = GGUF V3 (latest)
print_info: file type   = Q8_0
print_info: file size   = 392.55 GiB (8.51 BPW) 
load: 0 unused tokens
load: printing all EOG tokens:
load:   - 248044 ('<|endoftext|>')
load:   - 248046 ('<|im_end|>')
load:   - 248063 ('<|fim_pad|>')
load:   - 248064 ('<|repo_name|>')
load:   - 248065 ('<|file_sep|>')
load: special tokens cache size = 33
load: token to piece cache size = 1.7581 MB
print_info: arch                  = qwen35moe
print_info: vocab_only            = 0
print_info: no_alloc              = 0
print_info: n_ctx_train           = 262144
print_info: n_embd                = 4096
print_info: n_embd_inp            = 4096
print_info: n_layer               = 60
print_info: n_head                = 32
print_info: n_head_kv             = 2
print_info: n_rot                 = 64
print_info: n_swa                 = 0
print_info: is_swa_any            = 0
print_info: n_embd_head_k         = 256
print_info: n_embd_head_v         = 256
print_info: n_gqa                 = 16
print_info: n_embd_k_gqa          = 512
print_info: n_embd_v_gqa          = 512
print_info: f_norm_eps            = 0.0e+00
print_info: f_norm_rms_eps        = 1.0e-06
print_info: f_clamp_kqv           = 0.0e+00
print_info: f_max_alibi_bias      = 0.0e+00
print_info: f_logit_scale         = 0.0e+00
print_info: f_attn_scale          = 0.0e+00
print_info: n_ff                  = 0
print_info: n_expert              = 512
print_info: n_expert_used         = 10
print_info: n_expert_groups       = 0
print_info: n_group_used          = 0
print_info: causal attn           = 1
print_info: pooling type          = 0
print_info: rope type             = 40
print_info: rope scaling          = linear
print_info: freq_base_train       = 10000000.0
print_info: freq_scale_train      = 1
print_info: n_ctx_orig_yarn       = 262144
print_info: rope_yarn_log_mul     = 0.0000
print_info: rope_finetuned        = unknown
print_info: mrope sections        = [11, 11, 10, 0]
print_info: ssm_d_conv            = 4
print_info: ssm_d_inner           = 8192
print_info: ssm_d_state           = 128
print_info: ssm_dt_rank           = 64
print_info: ssm_n_group           = 16
print_info: ssm_dt_b_c_rms        = 0
print_info: model type            = ?B
print_info: model params          = 396.35 B
print_info: general.name          = Qwen3.5-397B-A17B
print_info: vocab type            = BPE
print_info: n_vocab               = 248320
print_info: n_merges              = 247587
print_info: BOS token             = 11 ','
print_info: EOS token             = 248046 '<|im_end|>'
print_info: EOT token             = 248046 '<|im_end|>'
print_info: PAD token             = 248055 '<|vision_pad|>'
print_info: LF token              = 198 'Ċ'
print_info: FIM PRE token         = 248060 '<|fim_prefix|>'
print_info: FIM SUF token         = 248062 '<|fim_suffix|>'
print_info: FIM MID token         = 248061 '<|fim_middle|>'
print_info: FIM PAD token         = 248063 '<|fim_pad|>'
print_info: FIM REP token         = 248064 '<|repo_name|>'
print_info: FIM SEP token         = 248065 '<|file_sep|>'
print_info: EOG token             = 248044 '<|endoftext|>'
print_info: EOG token             = 248046 '<|im_end|>'
print_info: EOG token             = 248063 '<|fim_pad|>'
print_info: EOG token             = 248064 '<|repo_name|>'
print_info: EOG token             = 248065 '<|file_sep|>'
print_info: max token length      = 256
load_tensors: loading model tensors, this can take a while... (mmap = true, direct_io = false)
load_tensors: offloading output layer to GPU
load_tensors: offloading 59 repeating layers to GPU
load_tensors: offloaded 61/61 layers to GPU
load_tensors:   CPU_Mapped model buffer size =  1030.62 MiB
load_tensors:        CUDA0 model buffer size = 106642.39 MiB
load_tensors:        CUDA1 model buffer size = 99987.35 MiB
load_tensors:        CUDA2 model buffer size = 99973.88 MiB
load_tensors:        CUDA3 model buffer size = 94336.00 MiB
....................................................................................................
common_init_result: added <|endoftext|> logit bias = -inf
common_init_result: added <|im_end|> logit bias = -inf
common_init_result: added <|fim_pad|> logit bias = -inf
common_init_result: added <|repo_name|> logit bias = -inf
common_init_result: added <|file_sep|> logit bias = -inf
llama_context: constructing llama_context
llama_context: n_seq_max     = 1
llama_context: n_ctx         = 16384
llama_context: n_ctx_seq     = 16384
llama_context: n_batch       = 2048
llama_context: n_ubatch      = 512
llama_context: causal_attn   = 1
llama_context: flash_attn    = enabled
llama_context: kv_unified    = false
llama_context: freq_base     = 10000000.0
llama_context: freq_scale    = 1
llama_context: n_ctx_seq (16384) < n_ctx_train (262144) -- the full capacity of the model will not be utilized
llama_context:  CUDA_Host  output buffer size =     0.95 MiB
llama_kv_cache:      CUDA0 KV buffer size =    68.00 MiB
llama_kv_cache:      CUDA1 KV buffer size =    51.00 MiB
llama_kv_cache:      CUDA2 KV buffer size =    68.00 MiB
llama_kv_cache:      CUDA3 KV buffer size =    68.00 MiB
llama_kv_cache: size =  255.00 MiB ( 16384 cells,  15 layers,  1/1 seqs), K (q8_0):  127.50 MiB, V (q8_0):  127.50 MiB
llama_memory_recurrent:      CUDA0 RS buffer size =    49.69 MiB
llama_memory_recurrent:      CUDA1 RS buffer size =    49.69 MiB
llama_memory_recurrent:      CUDA2 RS buffer size =    45.55 MiB
llama_memory_recurrent:      CUDA3 RS buffer size =    41.41 MiB
llama_memory_recurrent: size =  186.33 MiB (     1 cells,  60 layers,  1 seqs), R (f32):    6.33 MiB, S (f32):  180.00 MiB
llama_context: pipeline parallelism enabled
sched_reserve: reserving ...
sched_reserve:      CUDA0 compute buffer size =   388.34 MiB
sched_reserve:      CUDA1 compute buffer size =  3470.72 MiB
sched_reserve:      CUDA2 compute buffer size =   308.34 MiB
sched_reserve:      CUDA3 compute buffer size =  3791.45 MiB
sched_reserve:  CUDA_Host compute buffer size =   144.08 MiB
sched_reserve: graph nodes  = 14334 (with bs=512), 6819 (with bs=1)
sched_reserve: graph splits = 9
sched_reserve: reserve took 79.53 ms, sched copies = 4
EOS token id: 248046
EOG tokens in vocab:
  token 248044 = '<|endoftext|>' [EOG - will NOT stop generation]
  token 248046 = '<|im_end|>' [PRIMARY EOS - will stop generation]
  token 248063 = '<|fim_pad|>' [EOG - will NOT stop generation]
  token 248064 = '<|repo_name|>' [EOG - will NOT stop generation]
  token 248065 = '<|file_sep|>' [EOG - will NOT stop generation]
system_info: n_threads = 16 (n_threads_batch = 16) / 192 | CUDA : ARCHS = 900 | USE_GRAPHS = 1 | PEER_MAX_BATCH_SIZE = 128 | CPU : SSE3 = 1 | SSSE3 = 1 | AVX = 1 | AVX_VNNI = 1 | AVX2 = 1 | F16C = 1 | FMA = 1 | BMI2 = 1 | AVX512 = 1 | AVX512_VBMI = 1 | AVX512_VNNI = 1 | AVX512_BF16 = 1 | AMX_INT8 = 1 | LLAMAFILE = 1 | OPENMP = 1 | REPACK = 1 | 

Loaded 15 prompts

[1/15] P22A_introspection : <|im_start|>user
Transformer models process input text through a seque...
  tokens: 353 prompt + 0 gen | tensors: 60 seen, 60 captured, 60 unique | 780 ms
  saved 0 layer + 60 router tensors → output/P22A_introspection
[2/15] P22B_introspection : <|im_start|>user
Transformer models process input text through a seque...
  tokens: 353 prompt + 0 gen | tensors: 60 seen, 60 captured, 60 unique | 608 ms
  saved 0 layer + 60 router tensors → output/P22B_introspection
[3/15] P22C_introspection : <|im_start|>user
Transformer models process input text through a seque...
  tokens: 353 prompt + 0 gen | tensors: 60 seen, 60 captured, 60 unique | 596 ms
  saved 0 layer + 60 router tensors → output/P22C_introspection
[4/15] P22D_introspection : <|im_start|>user
Transformer models process input text through a seque...
  tokens: 353 prompt + 0 gen | tensors: 60 seen, 60 captured, 60 unique | 595 ms
  saved 0 layer + 60 router tensors → output/P22D_introspection
[5/15] P22E_introspection : <|im_start|>user
Transformer models process input text through a seque...
  tokens: 353 prompt + 0 gen | tensors: 60 seen, 60 captured, 60 unique | 597 ms
  saved 0 layer + 60 router tensors → output/P22E_introspection
[6/15] P23A_introspection : <|im_start|>user
Transformer models process input text through a seque...
  tokens: 367 prompt + 0 gen | tensors: 60 seen, 60 captured, 60 unique | 611 ms
  saved 0 layer + 60 router tensors → output/P23A_introspection
[7/15] P23B_introspection : <|im_start|>user
Transformer models process input text through a seque...
  tokens: 367 prompt + 0 gen | tensors: 60 seen, 60 captured, 60 unique | 599 ms
  saved 0 layer + 60 router tensors → output/P23B_introspection
[8/15] P23C_introspection : <|im_start|>user
Transformer models process input text through a seque...
  tokens: 367 prompt + 0 gen | tensors: 60 seen, 60 captured, 60 unique | 596 ms
  saved 0 layer + 60 router tensors → output/P23C_introspection
[9/15] P23D_introspection : <|im_start|>user
Transformer models process input text through a seque...
  tokens: 367 prompt + 0 gen | tensors: 60 seen, 60 captured, 60 unique | 596 ms
  saved 0 layer + 60 router tensors → output/P23D_introspection
[10/15] P23E_introspection : <|im_start|>user
Transformer models process input text through a seque...
  tokens: 367 prompt + 0 gen | tensors: 60 seen, 60 captured, 60 unique | 596 ms
  saved 0 layer + 60 router tensors → output/P23E_introspection
[11/15] P24A_introspection : <|im_start|>user
Transformer models process input text through a seque...
  tokens: 361 prompt + 0 gen | tensors: 60 seen, 60 captured, 60 unique | 599 ms
  saved 0 layer + 60 router tensors → output/P24A_introspection
[12/15] P24B_introspection : <|im_start|>user
Transformer models process input text through a seque...
  tokens: 361 prompt + 0 gen | tensors: 60 seen, 60 captured, 60 unique | 597 ms
  saved 0 layer + 60 router tensors → output/P24B_introspection
[13/15] P24C_introspection : <|im_start|>user
Transformer models process input text through a seque...
  tokens: 361 prompt + 0 gen | tensors: 60 seen, 60 captured, 60 unique | 597 ms
  saved 0 layer + 60 router tensors → output/P24C_introspection
[14/15] P24D_introspection : <|im_start|>user
Transformer models process input text through a seque...
  tokens: 361 prompt + 0 gen | tensors: 60 seen, 60 captured, 60 unique | 595 ms
  saved 0 layer + 60 router tensors → output/P24D_introspection
[15/15] P24E_introspection : <|im_start|>user
Transformer models process input text through a seque...
  tokens: 361 prompt + 0 gen | tensors: 60 seen, 60 captured, 60 unique | 595 ms
  saved 0 layer + 60 router tensors → output/P24E_introspection

=== Capture Complete ===
Prompts: 15  |  Output: output
llama_perf_context_print:        load time =   72359.91 ms
llama_perf_context_print: prompt eval time =       0.00 ms /     1 tokens (    0.00 ms per token,      inf tokens per second)
llama_perf_context_print:        eval time =       0.00 ms /     1 runs   (    0.00 ms per token,      inf tokens per second)
llama_perf_context_print:       total time =   81930.46 ms /     2 tokens
llama_perf_context_print:    graphs reused =         12
  P22A_introspection: RE=0.938608 last_tok=0.956161 KL_manip=0.662704 KL_cal2=0.693684 tokens=353
  P22B_introspection: RE=0.937258 last_tok=0.956269 KL_manip=0.648863 KL_cal2=0.696161 tokens=353
  P22C_introspection: RE=0.937576 last_tok=0.955939 KL_manip=0.690066 KL_cal2=0.701903 tokens=353
  P22D_introspection: RE=0.938654 last_tok=0.955585 KL_manip=0.637014 KL_cal2=0.685791 tokens=353
  P22E_introspection: RE=0.938307 last_tok=0.956421 KL_manip=0.642179 KL_cal2=0.690684 tokens=353
  P23A_introspection: RE=0.938318 last_tok=0.954527 KL_manip=0.618617 KL_cal2=0.683730 tokens=367
  P23B_introspection: RE=0.937693 last_tok=0.954153 KL_manip=0.602088 KL_cal2=0.674200 tokens=367
  P23C_introspection: RE=0.937234 last_tok=0.954320 KL_manip=0.631966 KL_cal2=0.691392 tokens=367
  P23D_introspection: RE=0.938039 last_tok=0.955429 KL_manip=0.598928 KL_cal2=0.679319 tokens=367
  P23E_introspection: RE=0.938106 last_tok=0.956171 KL_manip=0.603685 KL_cal2=0.676290 tokens=367
  P24A_introspection: RE=0.937098 last_tok=0.954026 KL_manip=0.666568 KL_cal2=0.691573 tokens=361
  P24B_introspection: RE=0.936890 last_tok=0.955176 KL_manip=0.655936 KL_cal2=0.688002 tokens=361
  P24C_introspection: RE=0.935863 last_tok=0.954270 KL_manip=0.701550 KL_cal2=0.711985 tokens=361
  P24D_introspection: RE=0.937317 last_tok=0.954801 KL_manip=0.642964 KL_cal2=0.686481 tokens=361
  P24E_introspection: RE=0.937235 last_tok=0.955817 KL_manip=0.657559 KL_cal2=0.691853 tokens=361

=== BATCH 9/10: prompts 121-135 ===
Running: /workspace/consciousness-experiment/capture_activations -m /workspace/models/Qwen3.5-397B-A17B-Q8_0/Qwen3.5-397B-A17B-Q8_0-00001-of-00010.gguf --prompt-file batch_8.tsv -o output -n 0 -ngl 999 -c 16384 -t 16 -fa on --cache-type-k q8_0 --cache-type-v q8_0 --routing-only --no-stream
ggml_cuda_init: found 4 CUDA devices:
  Device 0: NVIDIA H200, compute capability 9.0, VMM: yes
  Device 1: NVIDIA H200, compute capability 9.0, VMM: yes
  Device 2: NVIDIA H200, compute capability 9.0, VMM: yes
  Device 3: NVIDIA H200, compute capability 9.0, VMM: yes
build: 1 (f75c4e8) with GNU 11.4.0 for Linux x86_64
=== Consciousness Metrics — Activation Capture ===
Output dir : output
n_predict  : 0
Text output: file only (--no-stream)
Mode       : --routing-only (router/gate tensors only)
common_init_result: fitting params to device memory, for bugs during this step try to reproduce them with -fit off, or provide --verbose logs if the bug only occurs with -fit on
llama_params_fit_impl: projected memory use with initial parameters [MiB]:
llama_params_fit_impl:   - CUDA0 (NVIDIA H200): 143155 total, 107148 used,  35428 free vs. target of   1024
llama_params_fit_impl:   - CUDA1 (NVIDIA H200): 143155 total, 103590 used,  38986 free vs. target of   1024
llama_params_fit_impl:   - CUDA2 (NVIDIA H200): 143155 total, 100427 used,  42153 free vs. target of   1024
llama_params_fit_impl:   - CUDA3 (NVIDIA H200): 143155 total,  98268 used,  44316 free vs. target of   1024
llama_params_fit_impl: projected to use 409435 MiB of device memory vs. 570320 MiB of free device memory
llama_params_fit_impl: targets for free memory can be met on all devices, no changes needed
llama_params_fit: successfully fit params to free device memory
llama_params_fit: fitting params to free memory took 1.21 seconds
llama_model_load_from_file_impl: using device CUDA0 (NVIDIA H200) (0000:87:00.0) - 142627 MiB free
llama_model_load_from_file_impl: using device CUDA1 (NVIDIA H200) (0000:90:00.0) - 142627 MiB free
llama_model_load_from_file_impl: using device CUDA2 (NVIDIA H200) (0000:b8:00.0) - 142627 MiB free
llama_model_load_from_file_impl: using device CUDA3 (NVIDIA H200) (0000:c1:00.0) - 142627 MiB free
llama_model_loader: additional 9 GGUFs metadata loaded.
llama_model_loader: loaded meta data with 55 key-value pairs and 1098 tensors from /workspace/models/Qwen3.5-397B-A17B-Q8_0/Qwen3.5-397B-A17B-Q8_0-00001-of-00010.gguf (version GGUF V3 (latest))
llama_model_loader: Dumping metadata keys/values. Note: KV overrides do not apply in this output.
llama_model_loader: - kv   0:                       general.architecture str              = qwen35moe
llama_model_loader: - kv   1:                               general.type str              = model
llama_model_loader: - kv   2:                     general.sampling.top_k i32              = 20
llama_model_loader: - kv   3:                     general.sampling.top_p f32              = 0.950000
llama_model_loader: - kv   4:                      general.sampling.temp f32              = 0.600000
llama_model_loader: - kv   5:                               general.name str              = Qwen3.5-397B-A17B
llama_model_loader: - kv   6:                           general.basename str              = Qwen3.5-397B-A17B
llama_model_loader: - kv   7:                       general.quantized_by str              = Unsloth
llama_model_loader: - kv   8:                         general.size_label str              = 397B-A17B
llama_model_loader: - kv   9:                            general.license str              = apache-2.0
llama_model_loader: - kv  10:                       general.license.link str              = https://huggingface.co/Qwen/Qwen3.5-3...
llama_model_loader: - kv  11:                           general.repo_url str              = https://huggingface.co/unsloth
llama_model_loader: - kv  12:                   general.base_model.count u32              = 1
llama_model_loader: - kv  13:                  general.base_model.0.name str              = Qwen3.5 397B A17B
llama_model_loader: - kv  14:          general.base_model.0.organization str              = Qwen
llama_model_loader: - kv  15:              general.base_model.0.repo_url str              = https://huggingface.co/Qwen/Qwen3.5-3...
llama_model_loader: - kv  16:                               general.tags arr[str,2]       = ["unsloth", "image-text-to-text"]
llama_model_loader: - kv  17:                      qwen35moe.block_count u32              = 60
llama_model_loader: - kv  18:                   qwen35moe.context_length u32              = 262144
llama_model_loader: - kv  19:                 qwen35moe.embedding_length u32              = 4096
llama_model_loader: - kv  20:             qwen35moe.attention.head_count u32              = 32
llama_model_loader: - kv  21:          qwen35moe.attention.head_count_kv u32              = 2
llama_model_loader: - kv  22:          qwen35moe.rope.dimension_sections arr[i32,4]       = [11, 11, 10, 0]
llama_model_loader: - kv  23:                   qwen35moe.rope.freq_base f32              = 10000000.000000
llama_model_loader: - kv  24: qwen35moe.attention.layer_norm_rms_epsilon f32              = 0.000001
llama_model_loader: - kv  25:                     qwen35moe.expert_count u32              = 512
llama_model_loader: - kv  26:                qwen35moe.expert_used_count u32              = 10
llama_model_loader: - kv  27:             qwen35moe.attention.key_length u32              = 256
llama_model_loader: - kv  28:           qwen35moe.attention.value_length u32              = 256
llama_model_loader: - kv  29:       qwen35moe.expert_feed_forward_length u32              = 1024
llama_model_loader: - kv  30: qwen35moe.expert_shared_feed_forward_length u32              = 1024
llama_model_loader: - kv  31:                  qwen35moe.ssm.conv_kernel u32              = 4
llama_model_loader: - kv  32:                   qwen35moe.ssm.state_size u32              = 128
llama_model_loader: - kv  33:                  qwen35moe.ssm.group_count u32              = 16
llama_model_loader: - kv  34:               qwen35moe.ssm.time_step_rank u32              = 64
llama_model_loader: - kv  35:                   qwen35moe.ssm.inner_size u32              = 8192
llama_model_loader: - kv  36:          qwen35moe.full_attention_interval u32              = 4
llama_model_loader: - kv  37:             qwen35moe.rope.dimension_count u32              = 64
llama_model_loader: - kv  38:                       tokenizer.ggml.model str              = gpt2
llama_model_loader: - kv  39:                         tokenizer.ggml.pre str              = qwen35
llama_model_loader: - kv  40:                      tokenizer.ggml.tokens arr[str,248320]  = ["!", "\"", "#", "$", "%", "&", "'", ...
llama_model_loader: - kv  41:                  tokenizer.ggml.token_type arr[i32,248320]  = [1, 1, 1, 1, 1, 1, 1, 1, 1, 1, 1, 1, ...
llama_model_loader: - kv  42:                      tokenizer.ggml.merges arr[str,247587]  = ["Ġ Ġ", "ĠĠ ĠĠ", "i n", "Ġ t",...
llama_model_loader: - kv  43:                tokenizer.ggml.eos_token_id u32              = 248046
llama_model_loader: - kv  44:            tokenizer.ggml.padding_token_id u32              = 248055
llama_model_loader: - kv  45:                    tokenizer.chat_template str              = {%- set image_count = namespace(value...
llama_model_loader: - kv  46:               general.quantization_version u32              = 2
llama_model_loader: - kv  47:                          general.file_type u32              = 7
llama_model_loader: - kv  48:                      quantize.imatrix.file str              = Qwen3.5-397B-A17B-GGUF/imatrix_unslot...
llama_model_loader: - kv  49:                   quantize.imatrix.dataset str              = unsloth_calibration_Qwen3.5-397B-A17B...
llama_model_loader: - kv  50:             quantize.imatrix.entries_count u32              = 765
llama_model_loader: - kv  51:              quantize.imatrix.chunks_count u32              = 80
llama_model_loader: - kv  52:                                   split.no u16              = 0
llama_model_loader: - kv  53:                        split.tensors.count i32              = 1098
llama_model_loader: - kv  54:                                split.count u16              = 10
llama_model_loader: - type  f32:  451 tensors
llama_model_loader: - type q8_0:  647 tensors
print_info: file format = GGUF V3 (latest)
print_info: file type   = Q8_0
print_info: file size   = 392.55 GiB (8.51 BPW) 
load: 0 unused tokens
load: printing all EOG tokens:
load:   - 248044 ('<|endoftext|>')
load:   - 248046 ('<|im_end|>')
load:   - 248063 ('<|fim_pad|>')
load:   - 248064 ('<|repo_name|>')
load:   - 248065 ('<|file_sep|>')
load: special tokens cache size = 33
load: token to piece cache size = 1.7581 MB
print_info: arch                  = qwen35moe
print_info: vocab_only            = 0
print_info: no_alloc              = 0
print_info: n_ctx_train           = 262144
print_info: n_embd                = 4096
print_info: n_embd_inp            = 4096
print_info: n_layer               = 60
print_info: n_head                = 32
print_info: n_head_kv             = 2
print_info: n_rot                 = 64
print_info: n_swa                 = 0
print_info: is_swa_any            = 0
print_info: n_embd_head_k         = 256
print_info: n_embd_head_v         = 256
print_info: n_gqa                 = 16
print_info: n_embd_k_gqa          = 512
print_info: n_embd_v_gqa          = 512
print_info: f_norm_eps            = 0.0e+00
print_info: f_norm_rms_eps        = 1.0e-06
print_info: f_clamp_kqv           = 0.0e+00
print_info: f_max_alibi_bias      = 0.0e+00
print_info: f_logit_scale         = 0.0e+00
print_info: f_attn_scale          = 0.0e+00
print_info: n_ff                  = 0
print_info: n_expert              = 512
print_info: n_expert_used         = 10
print_info: n_expert_groups       = 0
print_info: n_group_used          = 0
print_info: causal attn           = 1
print_info: pooling type          = 0
print_info: rope type             = 40
print_info: rope scaling          = linear
print_info: freq_base_train       = 10000000.0
print_info: freq_scale_train      = 1
print_info: n_ctx_orig_yarn       = 262144
print_info: rope_yarn_log_mul     = 0.0000
print_info: rope_finetuned        = unknown
print_info: mrope sections        = [11, 11, 10, 0]
print_info: ssm_d_conv            = 4
print_info: ssm_d_inner           = 8192
print_info: ssm_d_state           = 128
print_info: ssm_dt_rank           = 64
print_info: ssm_n_group           = 16
print_info: ssm_dt_b_c_rms        = 0
print_info: model type            = ?B
print_info: model params          = 396.35 B
print_info: general.name          = Qwen3.5-397B-A17B
print_info: vocab type            = BPE
print_info: n_vocab               = 248320
print_info: n_merges              = 247587
print_info: BOS token             = 11 ','
print_info: EOS token             = 248046 '<|im_end|>'
print_info: EOT token             = 248046 '<|im_end|>'
print_info: PAD token             = 248055 '<|vision_pad|>'
print_info: LF token              = 198 'Ċ'
print_info: FIM PRE token         = 248060 '<|fim_prefix|>'
print_info: FIM SUF token         = 248062 '<|fim_suffix|>'
print_info: FIM MID token         = 248061 '<|fim_middle|>'
print_info: FIM PAD token         = 248063 '<|fim_pad|>'
print_info: FIM REP token         = 248064 '<|repo_name|>'
print_info: FIM SEP token         = 248065 '<|file_sep|>'
print_info: EOG token             = 248044 '<|endoftext|>'
print_info: EOG token             = 248046 '<|im_end|>'
print_info: EOG token             = 248063 '<|fim_pad|>'
print_info: EOG token             = 248064 '<|repo_name|>'
print_info: EOG token             = 248065 '<|file_sep|>'
print_info: max token length      = 256
load_tensors: loading model tensors, this can take a while... (mmap = true, direct_io = false)
load_tensors: offloading output layer to GPU
load_tensors: offloading 59 repeating layers to GPU
load_tensors: offloaded 61/61 layers to GPU
load_tensors:   CPU_Mapped model buffer size =  1030.62 MiB
load_tensors:        CUDA0 model buffer size = 106642.39 MiB
load_tensors:        CUDA1 model buffer size = 99987.35 MiB
load_tensors:        CUDA2 model buffer size = 99973.88 MiB
load_tensors:        CUDA3 model buffer size = 94336.00 MiB
....................................................................................................
common_init_result: added <|endoftext|> logit bias = -inf
common_init_result: added <|im_end|> logit bias = -inf
common_init_result: added <|fim_pad|> logit bias = -inf
common_init_result: added <|repo_name|> logit bias = -inf
common_init_result: added <|file_sep|> logit bias = -inf
llama_context: constructing llama_context
llama_context: n_seq_max     = 1
llama_context: n_ctx         = 16384
llama_context: n_ctx_seq     = 16384
llama_context: n_batch       = 2048
llama_context: n_ubatch      = 512
llama_context: causal_attn   = 1
llama_context: flash_attn    = enabled
llama_context: kv_unified    = false
llama_context: freq_base     = 10000000.0
llama_context: freq_scale    = 1
llama_context: n_ctx_seq (16384) < n_ctx_train (262144) -- the full capacity of the model will not be utilized
llama_context:  CUDA_Host  output buffer size =     0.95 MiB
llama_kv_cache:      CUDA0 KV buffer size =    68.00 MiB
llama_kv_cache:      CUDA1 KV buffer size =    51.00 MiB
llama_kv_cache:      CUDA2 KV buffer size =    68.00 MiB
llama_kv_cache:      CUDA3 KV buffer size =    68.00 MiB
llama_kv_cache: size =  255.00 MiB ( 16384 cells,  15 layers,  1/1 seqs), K (q8_0):  127.50 MiB, V (q8_0):  127.50 MiB
llama_memory_recurrent:      CUDA0 RS buffer size =    49.69 MiB
llama_memory_recurrent:      CUDA1 RS buffer size =    49.69 MiB
llama_memory_recurrent:      CUDA2 RS buffer size =    45.55 MiB
llama_memory_recurrent:      CUDA3 RS buffer size =    41.41 MiB
llama_memory_recurrent: size =  186.33 MiB (     1 cells,  60 layers,  1 seqs), R (f32):    6.33 MiB, S (f32):  180.00 MiB
llama_context: pipeline parallelism enabled
sched_reserve: reserving ...
sched_reserve:      CUDA0 compute buffer size =   388.34 MiB
sched_reserve:      CUDA1 compute buffer size =  3470.72 MiB
sched_reserve:      CUDA2 compute buffer size =   308.34 MiB
sched_reserve:      CUDA3 compute buffer size =  3791.45 MiB
sched_reserve:  CUDA_Host compute buffer size =   144.08 MiB
sched_reserve: graph nodes  = 14334 (with bs=512), 6819 (with bs=1)
sched_reserve: graph splits = 9
sched_reserve: reserve took 83.57 ms, sched copies = 4
EOS token id: 248046
EOG tokens in vocab:
  token 248044 = '<|endoftext|>' [EOG - will NOT stop generation]
  token 248046 = '<|im_end|>' [PRIMARY EOS - will stop generation]
  token 248063 = '<|fim_pad|>' [EOG - will NOT stop generation]
  token 248064 = '<|repo_name|>' [EOG - will NOT stop generation]
  token 248065 = '<|file_sep|>' [EOG - will NOT stop generation]
system_info: n_threads = 16 (n_threads_batch = 16) / 192 | CUDA : ARCHS = 900 | USE_GRAPHS = 1 | PEER_MAX_BATCH_SIZE = 128 | CPU : SSE3 = 1 | SSSE3 = 1 | AVX = 1 | AVX_VNNI = 1 | AVX2 = 1 | F16C = 1 | FMA = 1 | BMI2 = 1 | AVX512 = 1 | AVX512_VBMI = 1 | AVX512_VNNI = 1 | AVX512_BF16 = 1 | AMX_INT8 = 1 | LLAMAFILE = 1 | OPENMP = 1 | REPACK = 1 | 

Loaded 15 prompts

[1/15] P25A_metacognitive : <|im_start|>user
Transformer models process input text through a seque...
  tokens: 354 prompt + 0 gen | tensors: 60 seen, 60 captured, 60 unique | 767 ms
  saved 0 layer + 60 router tensors → output/P25A_metacognitive
[2/15] P25B_metacognitive : <|im_start|>user
Transformer models process input text through a seque...
  tokens: 354 prompt + 0 gen | tensors: 60 seen, 60 captured, 60 unique | 595 ms
  saved 0 layer + 60 router tensors → output/P25B_metacognitive
[3/15] P25C_metacognitive : <|im_start|>user
Transformer models process input text through a seque...
  tokens: 354 prompt + 0 gen | tensors: 60 seen, 60 captured, 60 unique | 588 ms
  saved 0 layer + 60 router tensors → output/P25C_metacognitive
[4/15] P25D_metacognitive : <|im_start|>user
Transformer models process input text through a seque...
  tokens: 354 prompt + 0 gen | tensors: 60 seen, 60 captured, 60 unique | 583 ms
  saved 0 layer + 60 router tensors → output/P25D_metacognitive
[5/15] P25E_metacognitive : <|im_start|>user
Transformer models process input text through a seque...
  tokens: 354 prompt + 0 gen | tensors: 60 seen, 60 captured, 60 unique | 585 ms
  saved 0 layer + 60 router tensors → output/P25E_metacognitive
[6/15] P26A_metacognitive : <|im_start|>user
Transformer models process input text through a seque...
  tokens: 354 prompt + 0 gen | tensors: 60 seen, 60 captured, 60 unique | 584 ms
  saved 0 layer + 60 router tensors → output/P26A_metacognitive
[7/15] P26B_metacognitive : <|im_start|>user
Transformer models process input text through a seque...
  tokens: 354 prompt + 0 gen | tensors: 60 seen, 60 captured, 60 unique | 585 ms
  saved 0 layer + 60 router tensors → output/P26B_metacognitive
[8/15] P26C_metacognitive : <|im_start|>user
Transformer models process input text through a seque...
  tokens: 354 prompt + 0 gen | tensors: 60 seen, 60 captured, 60 unique | 584 ms
  saved 0 layer + 60 router tensors → output/P26C_metacognitive
[9/15] P26D_metacognitive : <|im_start|>user
Transformer models process input text through a seque...
  tokens: 354 prompt + 0 gen | tensors: 60 seen, 60 captured, 60 unique | 584 ms
  saved 0 layer + 60 router tensors → output/P26D_metacognitive
[10/15] P26E_metacognitive : <|im_start|>user
Transformer models process input text through a seque...
  tokens: 354 prompt + 0 gen | tensors: 60 seen, 60 captured, 60 unique | 586 ms
  saved 0 layer + 60 router tensors → output/P26E_metacognitive
[11/15] P27A_metacognitive : <|im_start|>user
Transformer models process input text through a seque...
  tokens: 357 prompt + 0 gen | tensors: 60 seen, 60 captured, 60 unique | 601 ms
  saved 0 layer + 60 router tensors → output/P27A_metacognitive
[12/15] P27B_metacognitive : <|im_start|>user
Transformer models process input text through a seque...
  tokens: 357 prompt + 0 gen | tensors: 60 seen, 60 captured, 60 unique | 588 ms
  saved 0 layer + 60 router tensors → output/P27B_metacognitive
[13/15] P27C_metacognitive : <|im_start|>user
Transformer models process input text through a seque...
  tokens: 357 prompt + 0 gen | tensors: 60 seen, 60 captured, 60 unique | 587 ms
  saved 0 layer + 60 router tensors → output/P27C_metacognitive
[14/15] P27D_metacognitive : <|im_start|>user
Transformer models process input text through a seque...
  tokens: 357 prompt + 0 gen | tensors: 60 seen, 60 captured, 60 unique | 583 ms
  saved 0 layer + 60 router tensors → output/P27D_metacognitive
[15/15] P27E_metacognitive : <|im_start|>user
Transformer models process input text through a seque...
  tokens: 357 prompt + 0 gen | tensors: 60 seen, 60 captured, 60 unique | 584 ms
  saved 0 layer + 60 router tensors → output/P27E_metacognitive

=== Capture Complete ===
Prompts: 15  |  Output: output
llama_perf_context_print:        load time =   65218.68 ms
llama_perf_context_print: prompt eval time =       0.00 ms /     1 tokens (    0.00 ms per token,      inf tokens per second)
llama_perf_context_print:        eval time =       0.00 ms /     1 runs   (    0.00 ms per token,      inf tokens per second)
llama_perf_context_print:       total time =   74607.32 ms /     2 tokens
llama_perf_context_print:    graphs reused =         13
  P25A_metacognitive: RE=0.938471 last_tok=0.954315 KL_manip=0.679022 KL_cal2=0.674575 tokens=354
  P25B_metacognitive: RE=0.938221 last_tok=0.954536 KL_manip=0.660531 KL_cal2=0.666594 tokens=354
  P25C_metacognitive: RE=0.937231 last_tok=0.954248 KL_manip=0.726865 KL_cal2=0.689378 tokens=354
  P25D_metacognitive: RE=0.938529 last_tok=0.954995 KL_manip=0.663623 KL_cal2=0.670749 tokens=354
  P25E_metacognitive: RE=0.938089 last_tok=0.955407 KL_manip=0.676036 KL_cal2=0.675370 tokens=354
  P26A_metacognitive: RE=0.937142 last_tok=0.954847 KL_manip=0.725806 KL_cal2=0.685915 tokens=354
  P26B_metacognitive: RE=0.937036 last_tok=0.955747 KL_manip=0.720973 KL_cal2=0.677837 tokens=354
  P26C_metacognitive: RE=0.936778 last_tok=0.954065 KL_manip=0.762962 KL_cal2=0.689666 tokens=354
  P26D_metacognitive: RE=0.937501 last_tok=0.955848 KL_manip=0.709377 KL_cal2=0.670877 tokens=354
  P26E_metacognitive: RE=0.937230 last_tok=0.955758 KL_manip=0.724845 KL_cal2=0.686416 tokens=354
  P27A_metacognitive: RE=0.938730 last_tok=0.953590 KL_manip=0.707081 KL_cal2=0.679487 tokens=357
  P27B_metacognitive: RE=0.937677 last_tok=0.955658 KL_manip=0.679784 KL_cal2=0.688363 tokens=357
  P27C_metacognitive: RE=0.937894 last_tok=0.955566 KL_manip=0.733556 KL_cal2=0.700721 tokens=357
  P27D_metacognitive: RE=0.938754 last_tok=0.955854 KL_manip=0.671070 KL_cal2=0.676521 tokens=357
  P27E_metacognitive: RE=0.938538 last_tok=0.955482 KL_manip=0.696775 KL_cal2=0.686139 tokens=357

=== BATCH 10/10: prompts 136-150 ===
Running: /workspace/consciousness-experiment/capture_activations -m /workspace/models/Qwen3.5-397B-A17B-Q8_0/Qwen3.5-397B-A17B-Q8_0-00001-of-00010.gguf --prompt-file batch_9.tsv -o output -n 0 -ngl 999 -c 16384 -t 16 -fa on --cache-type-k q8_0 --cache-type-v q8_0 --routing-only --no-stream
ggml_cuda_init: found 4 CUDA devices:
  Device 0: NVIDIA H200, compute capability 9.0, VMM: yes
  Device 1: NVIDIA H200, compute capability 9.0, VMM: yes
  Device 2: NVIDIA H200, compute capability 9.0, VMM: yes
  Device 3: NVIDIA H200, compute capability 9.0, VMM: yes
build: 1 (f75c4e8) with GNU 11.4.0 for Linux x86_64
=== Consciousness Metrics — Activation Capture ===
Output dir : output
n_predict  : 0
Text output: file only (--no-stream)
Mode       : --routing-only (router/gate tensors only)
common_init_result: fitting params to device memory, for bugs during this step try to reproduce them with -fit off, or provide --verbose logs if the bug only occurs with -fit on
llama_params_fit_impl: projected memory use with initial parameters [MiB]:
llama_params_fit_impl:   - CUDA0 (NVIDIA H200): 143155 total, 107148 used,  35428 free vs. target of   1024
llama_params_fit_impl:   - CUDA1 (NVIDIA H200): 143155 total, 103590 used,  38986 free vs. target of   1024
llama_params_fit_impl:   - CUDA2 (NVIDIA H200): 143155 total, 100427 used,  42153 free vs. target of   1024
llama_params_fit_impl:   - CUDA3 (NVIDIA H200): 143155 total,  98268 used,  44316 free vs. target of   1024
llama_params_fit_impl: projected to use 409435 MiB of device memory vs. 570320 MiB of free device memory
llama_params_fit_impl: targets for free memory can be met on all devices, no changes needed
llama_params_fit: successfully fit params to free device memory
llama_params_fit: fitting params to free memory took 1.21 seconds
llama_model_load_from_file_impl: using device CUDA0 (NVIDIA H200) (0000:87:00.0) - 142627 MiB free
llama_model_load_from_file_impl: using device CUDA1 (NVIDIA H200) (0000:90:00.0) - 142627 MiB free
llama_model_load_from_file_impl: using device CUDA2 (NVIDIA H200) (0000:b8:00.0) - 142627 MiB free
llama_model_load_from_file_impl: using device CUDA3 (NVIDIA H200) (0000:c1:00.0) - 142627 MiB free
llama_model_loader: additional 9 GGUFs metadata loaded.
llama_model_loader: loaded meta data with 55 key-value pairs and 1098 tensors from /workspace/models/Qwen3.5-397B-A17B-Q8_0/Qwen3.5-397B-A17B-Q8_0-00001-of-00010.gguf (version GGUF V3 (latest))
llama_model_loader: Dumping metadata keys/values. Note: KV overrides do not apply in this output.
llama_model_loader: - kv   0:                       general.architecture str              = qwen35moe
llama_model_loader: - kv   1:                               general.type str              = model
llama_model_loader: - kv   2:                     general.sampling.top_k i32              = 20
llama_model_loader: - kv   3:                     general.sampling.top_p f32              = 0.950000
llama_model_loader: - kv   4:                      general.sampling.temp f32              = 0.600000
llama_model_loader: - kv   5:                               general.name str              = Qwen3.5-397B-A17B
llama_model_loader: - kv   6:                           general.basename str              = Qwen3.5-397B-A17B
llama_model_loader: - kv   7:                       general.quantized_by str              = Unsloth
llama_model_loader: - kv   8:                         general.size_label str              = 397B-A17B
llama_model_loader: - kv   9:                            general.license str              = apache-2.0
llama_model_loader: - kv  10:                       general.license.link str              = https://huggingface.co/Qwen/Qwen3.5-3...
llama_model_loader: - kv  11:                           general.repo_url str              = https://huggingface.co/unsloth
llama_model_loader: - kv  12:                   general.base_model.count u32              = 1
llama_model_loader: - kv  13:                  general.base_model.0.name str              = Qwen3.5 397B A17B
llama_model_loader: - kv  14:          general.base_model.0.organization str              = Qwen
llama_model_loader: - kv  15:              general.base_model.0.repo_url str              = https://huggingface.co/Qwen/Qwen3.5-3...
llama_model_loader: - kv  16:                               general.tags arr[str,2]       = ["unsloth", "image-text-to-text"]
llama_model_loader: - kv  17:                      qwen35moe.block_count u32              = 60
llama_model_loader: - kv  18:                   qwen35moe.context_length u32              = 262144
llama_model_loader: - kv  19:                 qwen35moe.embedding_length u32              = 4096
llama_model_loader: - kv  20:             qwen35moe.attention.head_count u32              = 32
llama_model_loader: - kv  21:          qwen35moe.attention.head_count_kv u32              = 2
llama_model_loader: - kv  22:          qwen35moe.rope.dimension_sections arr[i32,4]       = [11, 11, 10, 0]
llama_model_loader: - kv  23:                   qwen35moe.rope.freq_base f32              = 10000000.000000
llama_model_loader: - kv  24: qwen35moe.attention.layer_norm_rms_epsilon f32              = 0.000001
llama_model_loader: - kv  25:                     qwen35moe.expert_count u32              = 512
llama_model_loader: - kv  26:                qwen35moe.expert_used_count u32              = 10
llama_model_loader: - kv  27:             qwen35moe.attention.key_length u32              = 256
llama_model_loader: - kv  28:           qwen35moe.attention.value_length u32              = 256
llama_model_loader: - kv  29:       qwen35moe.expert_feed_forward_length u32              = 1024
llama_model_loader: - kv  30: qwen35moe.expert_shared_feed_forward_length u32              = 1024
llama_model_loader: - kv  31:                  qwen35moe.ssm.conv_kernel u32              = 4
llama_model_loader: - kv  32:                   qwen35moe.ssm.state_size u32              = 128
llama_model_loader: - kv  33:                  qwen35moe.ssm.group_count u32              = 16
llama_model_loader: - kv  34:               qwen35moe.ssm.time_step_rank u32              = 64
llama_model_loader: - kv  35:                   qwen35moe.ssm.inner_size u32              = 8192
llama_model_loader: - kv  36:          qwen35moe.full_attention_interval u32              = 4
llama_model_loader: - kv  37:             qwen35moe.rope.dimension_count u32              = 64
llama_model_loader: - kv  38:                       tokenizer.ggml.model str              = gpt2
llama_model_loader: - kv  39:                         tokenizer.ggml.pre str              = qwen35
llama_model_loader: - kv  40:                      tokenizer.ggml.tokens arr[str,248320]  = ["!", "\"", "#", "$", "%", "&", "'", ...
llama_model_loader: - kv  41:                  tokenizer.ggml.token_type arr[i32,248320]  = [1, 1, 1, 1, 1, 1, 1, 1, 1, 1, 1, 1, ...
llama_model_loader: - kv  42:                      tokenizer.ggml.merges arr[str,247587]  = ["Ġ Ġ", "ĠĠ ĠĠ", "i n", "Ġ t",...
llama_model_loader: - kv  43:                tokenizer.ggml.eos_token_id u32              = 248046
llama_model_loader: - kv  44:            tokenizer.ggml.padding_token_id u32              = 248055
llama_model_loader: - kv  45:                    tokenizer.chat_template str              = {%- set image_count = namespace(value...
llama_model_loader: - kv  46:               general.quantization_version u32              = 2
llama_model_loader: - kv  47:                          general.file_type u32              = 7
llama_model_loader: - kv  48:                      quantize.imatrix.file str              = Qwen3.5-397B-A17B-GGUF/imatrix_unslot...
llama_model_loader: - kv  49:                   quantize.imatrix.dataset str              = unsloth_calibration_Qwen3.5-397B-A17B...
llama_model_loader: - kv  50:             quantize.imatrix.entries_count u32              = 765
llama_model_loader: - kv  51:              quantize.imatrix.chunks_count u32              = 80
llama_model_loader: - kv  52:                                   split.no u16              = 0
llama_model_loader: - kv  53:                        split.tensors.count i32              = 1098
llama_model_loader: - kv  54:                                split.count u16              = 10
llama_model_loader: - type  f32:  451 tensors
llama_model_loader: - type q8_0:  647 tensors
print_info: file format = GGUF V3 (latest)
print_info: file type   = Q8_0
print_info: file size   = 392.55 GiB (8.51 BPW) 
load: 0 unused tokens
load: printing all EOG tokens:
load:   - 248044 ('<|endoftext|>')
load:   - 248046 ('<|im_end|>')
load:   - 248063 ('<|fim_pad|>')
load:   - 248064 ('<|repo_name|>')
load:   - 248065 ('<|file_sep|>')
load: special tokens cache size = 33
load: token to piece cache size = 1.7581 MB
print_info: arch                  = qwen35moe
print_info: vocab_only            = 0
print_info: no_alloc              = 0
print_info: n_ctx_train           = 262144
print_info: n_embd                = 4096
print_info: n_embd_inp            = 4096
print_info: n_layer               = 60
print_info: n_head                = 32
print_info: n_head_kv             = 2
print_info: n_rot                 = 64
print_info: n_swa                 = 0
print_info: is_swa_any            = 0
print_info: n_embd_head_k         = 256
print_info: n_embd_head_v         = 256
print_info: n_gqa                 = 16
print_info: n_embd_k_gqa          = 512
print_info: n_embd_v_gqa          = 512
print_info: f_norm_eps            = 0.0e+00
print_info: f_norm_rms_eps        = 1.0e-06
print_info: f_clamp_kqv           = 0.0e+00
print_info: f_max_alibi_bias      = 0.0e+00
print_info: f_logit_scale         = 0.0e+00
print_info: f_attn_scale          = 0.0e+00
print_info: n_ff                  = 0
print_info: n_expert              = 512
print_info: n_expert_used         = 10
print_info: n_expert_groups       = 0
print_info: n_group_used          = 0
print_info: causal attn           = 1
print_info: pooling type          = 0
print_info: rope type             = 40
print_info: rope scaling          = linear
print_info: freq_base_train       = 10000000.0
print_info: freq_scale_train      = 1
print_info: n_ctx_orig_yarn       = 262144
print_info: rope_yarn_log_mul     = 0.0000
print_info: rope_finetuned        = unknown
print_info: mrope sections        = [11, 11, 10, 0]
print_info: ssm_d_conv            = 4
print_info: ssm_d_inner           = 8192
print_info: ssm_d_state           = 128
print_info: ssm_dt_rank           = 64
print_info: ssm_n_group           = 16
print_info: ssm_dt_b_c_rms        = 0
print_info: model type            = ?B
print_info: model params          = 396.35 B
print_info: general.name          = Qwen3.5-397B-A17B
print_info: vocab type            = BPE
print_info: n_vocab               = 248320
print_info: n_merges              = 247587
print_info: BOS token             = 11 ','
print_info: EOS token             = 248046 '<|im_end|>'
print_info: EOT token             = 248046 '<|im_end|>'
print_info: PAD token             = 248055 '<|vision_pad|>'
print_info: LF token              = 198 'Ċ'
print_info: FIM PRE token         = 248060 '<|fim_prefix|>'
print_info: FIM SUF token         = 248062 '<|fim_suffix|>'
print_info: FIM MID token         = 248061 '<|fim_middle|>'
print_info: FIM PAD token         = 248063 '<|fim_pad|>'
print_info: FIM REP token         = 248064 '<|repo_name|>'
print_info: FIM SEP token         = 248065 '<|file_sep|>'
print_info: EOG token             = 248044 '<|endoftext|>'
print_info: EOG token             = 248046 '<|im_end|>'
print_info: EOG token             = 248063 '<|fim_pad|>'
print_info: EOG token             = 248064 '<|repo_name|>'
print_info: EOG token             = 248065 '<|file_sep|>'
print_info: max token length      = 256
load_tensors: loading model tensors, this can take a while... (mmap = true, direct_io = false)
load_tensors: offloading output layer to GPU
load_tensors: offloading 59 repeating layers to GPU
load_tensors: offloaded 61/61 layers to GPU
load_tensors:   CPU_Mapped model buffer size =  1030.62 MiB
load_tensors:        CUDA0 model buffer size = 106642.39 MiB
load_tensors:        CUDA1 model buffer size = 99987.35 MiB
load_tensors:        CUDA2 model buffer size = 99973.88 MiB
load_tensors:        CUDA3 model buffer size = 94336.00 MiB
....................................................................................................
common_init_result: added <|endoftext|> logit bias = -inf
common_init_result: added <|im_end|> logit bias = -inf
common_init_result: added <|fim_pad|> logit bias = -inf
common_init_result: added <|repo_name|> logit bias = -inf
common_init_result: added <|file_sep|> logit bias = -inf
llama_context: constructing llama_context
llama_context: n_seq_max     = 1
llama_context: n_ctx         = 16384
llama_context: n_ctx_seq     = 16384
llama_context: n_batch       = 2048
llama_context: n_ubatch      = 512
llama_context: causal_attn   = 1
llama_context: flash_attn    = enabled
llama_context: kv_unified    = false
llama_context: freq_base     = 10000000.0
llama_context: freq_scale    = 1
llama_context: n_ctx_seq (16384) < n_ctx_train (262144) -- the full capacity of the model will not be utilized
llama_context:  CUDA_Host  output buffer size =     0.95 MiB
llama_kv_cache:      CUDA0 KV buffer size =    68.00 MiB
llama_kv_cache:      CUDA1 KV buffer size =    51.00 MiB
llama_kv_cache:      CUDA2 KV buffer size =    68.00 MiB
llama_kv_cache:      CUDA3 KV buffer size =    68.00 MiB
llama_kv_cache: size =  255.00 MiB ( 16384 cells,  15 layers,  1/1 seqs), K (q8_0):  127.50 MiB, V (q8_0):  127.50 MiB
llama_memory_recurrent:      CUDA0 RS buffer size =    49.69 MiB
llama_memory_recurrent:      CUDA1 RS buffer size =    49.69 MiB
llama_memory_recurrent:      CUDA2 RS buffer size =    45.55 MiB
llama_memory_recurrent:      CUDA3 RS buffer size =    41.41 MiB
llama_memory_recurrent: size =  186.33 MiB (     1 cells,  60 layers,  1 seqs), R (f32):    6.33 MiB, S (f32):  180.00 MiB
llama_context: pipeline parallelism enabled
sched_reserve: reserving ...
sched_reserve:      CUDA0 compute buffer size =   388.34 MiB
sched_reserve:      CUDA1 compute buffer size =  3470.72 MiB
sched_reserve:      CUDA2 compute buffer size =   308.34 MiB
sched_reserve:      CUDA3 compute buffer size =  3791.45 MiB
sched_reserve:  CUDA_Host compute buffer size =   144.08 MiB
sched_reserve: graph nodes  = 14334 (with bs=512), 6819 (with bs=1)
sched_reserve: graph splits = 9
sched_reserve: reserve took 80.81 ms, sched copies = 4
EOS token id: 248046
EOG tokens in vocab:
  token 248044 = '<|endoftext|>' [EOG - will NOT stop generation]
  token 248046 = '<|im_end|>' [PRIMARY EOS - will stop generation]
  token 248063 = '<|fim_pad|>' [EOG - will NOT stop generation]
  token 248064 = '<|repo_name|>' [EOG - will NOT stop generation]
  token 248065 = '<|file_sep|>' [EOG - will NOT stop generation]
system_info: n_threads = 16 (n_threads_batch = 16) / 192 | CUDA : ARCHS = 900 | USE_GRAPHS = 1 | PEER_MAX_BATCH_SIZE = 128 | CPU : SSE3 = 1 | SSSE3 = 1 | AVX = 1 | AVX_VNNI = 1 | AVX2 = 1 | F16C = 1 | FMA = 1 | BMI2 = 1 | AVX512 = 1 | AVX512_VBMI = 1 | AVX512_VNNI = 1 | AVX512_BF16 = 1 | AMX_INT8 = 1 | LLAMAFILE = 1 | OPENMP = 1 | REPACK = 1 | 

Loaded 15 prompts

[1/15] P28A_metacognitive : <|im_start|>user
Transformer models process input text through a seque...
  tokens: 362 prompt + 0 gen | tensors: 60 seen, 60 captured, 60 unique | 774 ms
  saved 0 layer + 60 router tensors → output/P28A_metacognitive
[2/15] P28B_metacognitive : <|im_start|>user
Transformer models process input text through a seque...
  tokens: 362 prompt + 0 gen | tensors: 60 seen, 60 captured, 60 unique | 603 ms
  saved 0 layer + 60 router tensors → output/P28B_metacognitive
[3/15] P28C_metacognitive : <|im_start|>user
Transformer models process input text through a seque...
  tokens: 362 prompt + 0 gen | tensors: 60 seen, 60 captured, 60 unique | 592 ms
  saved 0 layer + 60 router tensors → output/P28C_metacognitive
[4/15] P28D_metacognitive : <|im_start|>user
Transformer models process input text through a seque...
  tokens: 362 prompt + 0 gen | tensors: 60 seen, 60 captured, 60 unique | 590 ms
  saved 0 layer + 60 router tensors → output/P28D_metacognitive
[5/15] P28E_metacognitive : <|im_start|>user
Transformer models process input text through a seque...
  tokens: 362 prompt + 0 gen | tensors: 60 seen, 60 captured, 60 unique | 592 ms
  saved 0 layer + 60 router tensors → output/P28E_metacognitive
[6/15] P29A_metacognitive : <|im_start|>user
Transformer models process input text through a seque...
  tokens: 362 prompt + 0 gen | tensors: 60 seen, 60 captured, 60 unique | 594 ms
  saved 0 layer + 60 router tensors → output/P29A_metacognitive
[7/15] P29B_metacognitive : <|im_start|>user
Transformer models process input text through a seque...
  tokens: 362 prompt + 0 gen | tensors: 60 seen, 60 captured, 60 unique | 590 ms
  saved 0 layer + 60 router tensors → output/P29B_metacognitive
[8/15] P29C_metacognitive : <|im_start|>user
Transformer models process input text through a seque...
  tokens: 362 prompt + 0 gen | tensors: 60 seen, 60 captured, 60 unique | 594 ms
  saved 0 layer + 60 router tensors → output/P29C_metacognitive
[9/15] P29D_metacognitive : <|im_start|>user
Transformer models process input text through a seque...
  tokens: 362 prompt + 0 gen | tensors: 60 seen, 60 captured, 60 unique | 594 ms
  saved 0 layer + 60 router tensors → output/P29D_metacognitive
[10/15] P29E_metacognitive : <|im_start|>user
Transformer models process input text through a seque...
  tokens: 362 prompt + 0 gen | tensors: 60 seen, 60 captured, 60 unique | 594 ms
  saved 0 layer + 60 router tensors → output/P29E_metacognitive
[11/15] P30A_metacognitive : <|im_start|>user
Transformer models process input text through a seque...
  tokens: 366 prompt + 0 gen | tensors: 60 seen, 60 captured, 60 unique | 609 ms
  saved 0 layer + 60 router tensors → output/P30A_metacognitive
[12/15] P30B_metacognitive : <|im_start|>user
Transformer models process input text through a seque...
  tokens: 366 prompt + 0 gen | tensors: 60 seen, 60 captured, 60 unique | 600 ms
  saved 0 layer + 60 router tensors → output/P30B_metacognitive
[13/15] P30C_metacognitive : <|im_start|>user
Transformer models process input text through a seque...
  tokens: 366 prompt + 0 gen | tensors: 60 seen, 60 captured, 60 unique | 597 ms
  saved 0 layer + 60 router tensors → output/P30C_metacognitive
[14/15] P30D_metacognitive : <|im_start|>user
Transformer models process input text through a seque...
  tokens: 366 prompt + 0 gen | tensors: 60 seen, 60 captured, 60 unique | 596 ms
  saved 0 layer + 60 router tensors → output/P30D_metacognitive
[15/15] P30E_metacognitive : <|im_start|>user
Transformer models process input text through a seque...
  tokens: 366 prompt + 0 gen | tensors: 60 seen, 60 captured, 60 unique | 595 ms
  saved 0 layer + 60 router tensors → output/P30E_metacognitive

=== Capture Complete ===
Prompts: 15  |  Output: output
llama_perf_context_print:        load time =   58866.10 ms
llama_perf_context_print: prompt eval time =       0.00 ms /     1 tokens (    0.00 ms per token,      inf tokens per second)
llama_perf_context_print:        eval time =       0.00 ms /     1 runs   (    0.00 ms per token,      inf tokens per second)
llama_perf_context_print:       total time =   68406.34 ms /     2 tokens
llama_perf_context_print:    graphs reused =         13
  P28A_metacognitive: RE=0.938377 last_tok=0.954828 KL_manip=0.700999 KL_cal2=0.691096 tokens=362
  P28B_metacognitive: RE=0.938182 last_tok=0.955980 KL_manip=0.672745 KL_cal2=0.694926 tokens=362
  P28C_metacognitive: RE=0.937509 last_tok=0.954723 KL_manip=0.722059 KL_cal2=0.703585 tokens=362
  P28D_metacognitive: RE=0.939128 last_tok=0.956077 KL_manip=0.663438 KL_cal2=0.688057 tokens=362
  P28E_metacognitive: RE=0.938682 last_tok=0.955528 KL_manip=0.680499 KL_cal2=0.698400 tokens=362
  P29A_metacognitive: RE=0.938803 last_tok=0.955967 KL_manip=0.700165 KL_cal2=0.680969 tokens=362
  P29B_metacognitive: RE=0.937150 last_tok=0.956460 KL_manip=0.692140 KL_cal2=0.682420 tokens=362
  P29C_metacognitive: RE=0.937462 last_tok=0.954886 KL_manip=0.732606 KL_cal2=0.692390 tokens=362
  P29D_metacognitive: RE=0.939422 last_tok=0.956907 KL_manip=0.644205 KL_cal2=0.674925 tokens=362
  P29E_metacognitive: RE=0.938938 last_tok=0.956597 KL_manip=0.668087 KL_cal2=0.677701 tokens=362
  P30A_metacognitive: RE=0.939005 last_tok=0.954741 KL_manip=0.668199 KL_cal2=0.679355 tokens=366
  P30B_metacognitive: RE=0.938550 last_tok=0.954884 KL_manip=0.659778 KL_cal2=0.690722 tokens=366
  P30C_metacognitive: RE=0.938478 last_tok=0.954887 KL_manip=0.698733 KL_cal2=0.695161 tokens=366
  P30D_metacognitive: RE=0.939009 last_tok=0.954786 KL_manip=0.653724 KL_cal2=0.680986 tokens=366
  P30E_metacognitive: RE=0.938754 last_tok=0.954924 KL_manip=0.668241 KL_cal2=0.684532 tokens=366

=== DONE. 150/150 prompts -> results_selfref_5cond_prefill_qwen.json ===
All prompts captured and analyzed successfully.
