=== PASS 1: Capture raw token counts ===
Running: /opt/conda/bin/python3 generate_tsv.py
Wrote 150 prompts to prompts_selfref_5cond.tsv
Corrections applied: 0 pairs
Template prefix repr: '<|im_start|>user\n'
Template suffix repr: '<|im_end|>\n<|im_start|>assistant\n'
Running: /workspace/consciousness-experiment/capture_activations -m /workspace/models/Qwen3.5-397B-A17B-Q8_0/Qwen3.5-397B-A17B-Q8_0-00001-of-00010.gguf --prompt-file .tmp_token_corrections/batch_0.tsv -o .tmp_token_corrections/raw_output/batch_0 -n 0 -ngl 999 -c 16384 -t 16 -fa on --cache-type-k q8_0 --cache-type-v q8_0 --routing-only --no-stream
ggml_cuda_init: found 4 CUDA devices:
  Device 0: NVIDIA H200, compute capability 9.0, VMM: yes
  Device 1: NVIDIA H200, compute capability 9.0, VMM: yes
  Device 2: NVIDIA H200, compute capability 9.0, VMM: yes
  Device 3: NVIDIA H200, compute capability 9.0, VMM: yes
build: 1 (f75c4e8) with GNU 11.4.0 for Linux x86_64
=== Consciousness Metrics — Activation Capture ===
Output dir : .tmp_token_corrections/raw_output/batch_0
n_predict  : 0
Text output: file only (--no-stream)
Mode       : --routing-only (router/gate tensors only)
common_init_result: fitting params to device memory, for bugs during this step try to reproduce them with -fit off, or provide --verbose logs if the bug only occurs with -fit on
llama_params_fit_impl: projected memory use with initial parameters [MiB]:
llama_params_fit_impl:   - CUDA0 (NVIDIA H200): 143155 total, 107148 used,  35428 free vs. target of   1024
llama_params_fit_impl:   - CUDA1 (NVIDIA H200): 143155 total, 103590 used,  38986 free vs. target of   1024
llama_params_fit_impl:   - CUDA2 (NVIDIA H200): 143155 total, 100427 used,  42153 free vs. target of   1024
llama_params_fit_impl:   - CUDA3 (NVIDIA H200): 143155 total,  98268 used,  44316 free vs. target of   1024
llama_params_fit_impl: projected to use 409435 MiB of device memory vs. 570320 MiB of free device memory
llama_params_fit_impl: targets for free memory can be met on all devices, no changes needed
llama_params_fit: successfully fit params to free device memory
llama_params_fit: fitting params to free memory took 1.18 seconds
llama_model_load_from_file_impl: using device CUDA0 (NVIDIA H200) (0000:87:00.0) - 142627 MiB free
llama_model_load_from_file_impl: using device CUDA1 (NVIDIA H200) (0000:90:00.0) - 142627 MiB free
llama_model_load_from_file_impl: using device CUDA2 (NVIDIA H200) (0000:b8:00.0) - 142627 MiB free
llama_model_load_from_file_impl: using device CUDA3 (NVIDIA H200) (0000:c1:00.0) - 142627 MiB free
llama_model_loader: additional 9 GGUFs metadata loaded.
llama_model_loader: loaded meta data with 55 key-value pairs and 1098 tensors from /workspace/models/Qwen3.5-397B-A17B-Q8_0/Qwen3.5-397B-A17B-Q8_0-00001-of-00010.gguf (version GGUF V3 (latest))
llama_model_loader: Dumping metadata keys/values. Note: KV overrides do not apply in this output.
llama_model_loader: - kv   0:                       general.architecture str              = qwen35moe
llama_model_loader: - kv   1:                               general.type str              = model
llama_model_loader: - kv   2:                     general.sampling.top_k i32              = 20
llama_model_loader: - kv   3:                     general.sampling.top_p f32              = 0.950000
llama_model_loader: - kv   4:                      general.sampling.temp f32              = 0.600000
llama_model_loader: - kv   5:                               general.name str              = Qwen3.5-397B-A17B
llama_model_loader: - kv   6:                           general.basename str              = Qwen3.5-397B-A17B
llama_model_loader: - kv   7:                       general.quantized_by str              = Unsloth
llama_model_loader: - kv   8:                         general.size_label str              = 397B-A17B
llama_model_loader: - kv   9:                            general.license str              = apache-2.0
llama_model_loader: - kv  10:                       general.license.link str              = https://huggingface.co/Qwen/Qwen3.5-3...
llama_model_loader: - kv  11:                           general.repo_url str              = https://huggingface.co/unsloth
llama_model_loader: - kv  12:                   general.base_model.count u32              = 1
llama_model_loader: - kv  13:                  general.base_model.0.name str              = Qwen3.5 397B A17B
llama_model_loader: - kv  14:          general.base_model.0.organization str              = Qwen
llama_model_loader: - kv  15:              general.base_model.0.repo_url str              = https://huggingface.co/Qwen/Qwen3.5-3...
llama_model_loader: - kv  16:                               general.tags arr[str,2]       = ["unsloth", "image-text-to-text"]
llama_model_loader: - kv  17:                      qwen35moe.block_count u32              = 60
llama_model_loader: - kv  18:                   qwen35moe.context_length u32              = 262144
llama_model_loader: - kv  19:                 qwen35moe.embedding_length u32              = 4096
llama_model_loader: - kv  20:             qwen35moe.attention.head_count u32              = 32
llama_model_loader: - kv  21:          qwen35moe.attention.head_count_kv u32              = 2
llama_model_loader: - kv  22:          qwen35moe.rope.dimension_sections arr[i32,4]       = [11, 11, 10, 0]
llama_model_loader: - kv  23:                   qwen35moe.rope.freq_base f32              = 10000000.000000
llama_model_loader: - kv  24: qwen35moe.attention.layer_norm_rms_epsilon f32              = 0.000001
llama_model_loader: - kv  25:                     qwen35moe.expert_count u32              = 512
llama_model_loader: - kv  26:                qwen35moe.expert_used_count u32              = 10
llama_model_loader: - kv  27:             qwen35moe.attention.key_length u32              = 256
llama_model_loader: - kv  28:           qwen35moe.attention.value_length u32              = 256
llama_model_loader: - kv  29:       qwen35moe.expert_feed_forward_length u32              = 1024
llama_model_loader: - kv  30: qwen35moe.expert_shared_feed_forward_length u32              = 1024
llama_model_loader: - kv  31:                  qwen35moe.ssm.conv_kernel u32              = 4
llama_model_loader: - kv  32:                   qwen35moe.ssm.state_size u32              = 128
llama_model_loader: - kv  33:                  qwen35moe.ssm.group_count u32              = 16
llama_model_loader: - kv  34:               qwen35moe.ssm.time_step_rank u32              = 64
llama_model_loader: - kv  35:                   qwen35moe.ssm.inner_size u32              = 8192
llama_model_loader: - kv  36:          qwen35moe.full_attention_interval u32              = 4
llama_model_loader: - kv  37:             qwen35moe.rope.dimension_count u32              = 64
llama_model_loader: - kv  38:                       tokenizer.ggml.model str              = gpt2
llama_model_loader: - kv  39:                         tokenizer.ggml.pre str              = qwen35
llama_model_loader: - kv  40:                      tokenizer.ggml.tokens arr[str,248320]  = ["!", "\"", "#", "$", "%", "&", "'", ...
llama_model_loader: - kv  41:                  tokenizer.ggml.token_type arr[i32,248320]  = [1, 1, 1, 1, 1, 1, 1, 1, 1, 1, 1, 1, ...
llama_model_loader: - kv  42:                      tokenizer.ggml.merges arr[str,247587]  = ["Ġ Ġ", "ĠĠ ĠĠ", "i n", "Ġ t",...
llama_model_loader: - kv  43:                tokenizer.ggml.eos_token_id u32              = 248046
llama_model_loader: - kv  44:            tokenizer.ggml.padding_token_id u32              = 248055
llama_model_loader: - kv  45:                    tokenizer.chat_template str              = {%- set image_count = namespace(value...
llama_model_loader: - kv  46:               general.quantization_version u32              = 2
llama_model_loader: - kv  47:                          general.file_type u32              = 7
llama_model_loader: - kv  48:                      quantize.imatrix.file str              = Qwen3.5-397B-A17B-GGUF/imatrix_unslot...
llama_model_loader: - kv  49:                   quantize.imatrix.dataset str              = unsloth_calibration_Qwen3.5-397B-A17B...
llama_model_loader: - kv  50:             quantize.imatrix.entries_count u32              = 765
llama_model_loader: - kv  51:              quantize.imatrix.chunks_count u32              = 80
llama_model_loader: - kv  52:                                   split.no u16              = 0
llama_model_loader: - kv  53:                        split.tensors.count i32              = 1098
llama_model_loader: - kv  54:                                split.count u16              = 10
llama_model_loader: - type  f32:  451 tensors
llama_model_loader: - type q8_0:  647 tensors
print_info: file format = GGUF V3 (latest)
print_info: file type   = Q8_0
print_info: file size   = 392.55 GiB (8.51 BPW) 
load: 0 unused tokens
load: printing all EOG tokens:
load:   - 248044 ('<|endoftext|>')
load:   - 248046 ('<|im_end|>')
load:   - 248063 ('<|fim_pad|>')
load:   - 248064 ('<|repo_name|>')
load:   - 248065 ('<|file_sep|>')
load: special tokens cache size = 33
load: token to piece cache size = 1.7581 MB
print_info: arch                  = qwen35moe
print_info: vocab_only            = 0
print_info: no_alloc              = 0
print_info: n_ctx_train           = 262144
print_info: n_embd                = 4096
print_info: n_embd_inp            = 4096
print_info: n_layer               = 60
print_info: n_head                = 32
print_info: n_head_kv             = 2
print_info: n_rot                 = 64
print_info: n_swa                 = 0
print_info: is_swa_any            = 0
print_info: n_embd_head_k         = 256
print_info: n_embd_head_v         = 256
print_info: n_gqa                 = 16
print_info: n_embd_k_gqa          = 512
print_info: n_embd_v_gqa          = 512
print_info: f_norm_eps            = 0.0e+00
print_info: f_norm_rms_eps        = 1.0e-06
print_info: f_clamp_kqv           = 0.0e+00
print_info: f_max_alibi_bias      = 0.0e+00
print_info: f_logit_scale         = 0.0e+00
print_info: f_attn_scale          = 0.0e+00
print_info: n_ff                  = 0
print_info: n_expert              = 512
print_info: n_expert_used         = 10
print_info: n_expert_groups       = 0
print_info: n_group_used          = 0
print_info: causal attn           = 1
print_info: pooling type          = 0
print_info: rope type             = 40
print_info: rope scaling          = linear
print_info: freq_base_train       = 10000000.0
print_info: freq_scale_train      = 1
print_info: n_ctx_orig_yarn       = 262144
print_info: rope_yarn_log_mul     = 0.0000
print_info: rope_finetuned        = unknown
print_info: mrope sections        = [11, 11, 10, 0]
print_info: ssm_d_conv            = 4
print_info: ssm_d_inner           = 8192
print_info: ssm_d_state           = 128
print_info: ssm_dt_rank           = 64
print_info: ssm_n_group           = 16
print_info: ssm_dt_b_c_rms        = 0
print_info: model type            = ?B
print_info: model params          = 396.35 B
print_info: general.name          = Qwen3.5-397B-A17B
print_info: vocab type            = BPE
print_info: n_vocab               = 248320
print_info: n_merges              = 247587
print_info: BOS token             = 11 ','
print_info: EOS token             = 248046 '<|im_end|>'
print_info: EOT token             = 248046 '<|im_end|>'
print_info: PAD token             = 248055 '<|vision_pad|>'
print_info: LF token              = 198 'Ċ'
print_info: FIM PRE token         = 248060 '<|fim_prefix|>'
print_info: FIM SUF token         = 248062 '<|fim_suffix|>'
print_info: FIM MID token         = 248061 '<|fim_middle|>'
print_info: FIM PAD token         = 248063 '<|fim_pad|>'
print_info: FIM REP token         = 248064 '<|repo_name|>'
print_info: FIM SEP token         = 248065 '<|file_sep|>'
print_info: EOG token             = 248044 '<|endoftext|>'
print_info: EOG token             = 248046 '<|im_end|>'
print_info: EOG token             = 248063 '<|fim_pad|>'
print_info: EOG token             = 248064 '<|repo_name|>'
print_info: EOG token             = 248065 '<|file_sep|>'
print_info: max token length      = 256
load_tensors: loading model tensors, this can take a while... (mmap = true, direct_io = false)
load_tensors: offloading output layer to GPU
load_tensors: offloading 59 repeating layers to GPU
load_tensors: offloaded 61/61 layers to GPU
load_tensors:   CPU_Mapped model buffer size =  1030.62 MiB
load_tensors:        CUDA0 model buffer size = 106642.39 MiB
load_tensors:        CUDA1 model buffer size = 99987.35 MiB
load_tensors:        CUDA2 model buffer size = 99973.88 MiB
load_tensors:        CUDA3 model buffer size = 94336.00 MiB
....................................................................................................
common_init_result: added <|endoftext|> logit bias = -inf
common_init_result: added <|im_end|> logit bias = -inf
common_init_result: added <|fim_pad|> logit bias = -inf
common_init_result: added <|repo_name|> logit bias = -inf
common_init_result: added <|file_sep|> logit bias = -inf
llama_context: constructing llama_context
llama_context: n_seq_max     = 1
llama_context: n_ctx         = 16384
llama_context: n_ctx_seq     = 16384
llama_context: n_batch       = 2048
llama_context: n_ubatch      = 512
llama_context: causal_attn   = 1
llama_context: flash_attn    = enabled
llama_context: kv_unified    = false
llama_context: freq_base     = 10000000.0
llama_context: freq_scale    = 1
llama_context: n_ctx_seq (16384) < n_ctx_train (262144) -- the full capacity of the model will not be utilized
llama_context:  CUDA_Host  output buffer size =     0.95 MiB
llama_kv_cache:      CUDA0 KV buffer size =    68.00 MiB
llama_kv_cache:      CUDA1 KV buffer size =    51.00 MiB
llama_kv_cache:      CUDA2 KV buffer size =    68.00 MiB
llama_kv_cache:      CUDA3 KV buffer size =    68.00 MiB
llama_kv_cache: size =  255.00 MiB ( 16384 cells,  15 layers,  1/1 seqs), K (q8_0):  127.50 MiB, V (q8_0):  127.50 MiB
llama_memory_recurrent:      CUDA0 RS buffer size =    49.69 MiB
llama_memory_recurrent:      CUDA1 RS buffer size =    49.69 MiB
llama_memory_recurrent:      CUDA2 RS buffer size =    45.55 MiB
llama_memory_recurrent:      CUDA3 RS buffer size =    41.41 MiB
llama_memory_recurrent: size =  186.33 MiB (     1 cells,  60 layers,  1 seqs), R (f32):    6.33 MiB, S (f32):  180.00 MiB
llama_context: pipeline parallelism enabled
sched_reserve: reserving ...
sched_reserve:      CUDA0 compute buffer size =   388.34 MiB
sched_reserve:      CUDA1 compute buffer size =  3470.72 MiB
sched_reserve:      CUDA2 compute buffer size =   308.34 MiB
sched_reserve:      CUDA3 compute buffer size =  3791.45 MiB
sched_reserve:  CUDA_Host compute buffer size =   144.08 MiB
sched_reserve: graph nodes  = 14334 (with bs=512), 6819 (with bs=1)
sched_reserve: graph splits = 9
sched_reserve: reserve took 93.29 ms, sched copies = 4
EOS token id: 248046
EOG tokens in vocab:
  token 248044 = '<|endoftext|>' [EOG - will NOT stop generation]
  token 248046 = '<|im_end|>' [PRIMARY EOS - will stop generation]
  token 248063 = '<|fim_pad|>' [EOG - will NOT stop generation]
  token 248064 = '<|repo_name|>' [EOG - will NOT stop generation]
  token 248065 = '<|file_sep|>' [EOG - will NOT stop generation]
system_info: n_threads = 16 (n_threads_batch = 16) / 192 | CUDA : ARCHS = 900 | USE_GRAPHS = 1 | PEER_MAX_BATCH_SIZE = 128 | CPU : SSE3 = 1 | SSSE3 = 1 | AVX = 1 | AVX_VNNI = 1 | AVX2 = 1 | F16C = 1 | FMA = 1 | BMI2 = 1 | AVX512 = 1 | AVX512_VBMI = 1 | AVX512_VNNI = 1 | AVX512_BF16 = 1 | AMX_INT8 = 1 | LLAMAFILE = 1 | OPENMP = 1 | REPACK = 1 | 

Loaded 15 prompts

[1/15] P01A_basic_selfref : <|im_start|>user
Transformer models process input text through a seque...
  tokens: 366 prompt + 0 gen | tensors: 60 seen, 60 captured, 60 unique | 766 ms
  saved 0 layer + 60 router tensors → .tmp_token_corrections/raw_output/batch_0/P01A_basic_selfref
[2/15] P01B_basic_selfref : <|im_start|>user
Transformer models process input text through a seque...
  tokens: 366 prompt + 0 gen | tensors: 60 seen, 60 captured, 60 unique | 597 ms
  saved 0 layer + 60 router tensors → .tmp_token_corrections/raw_output/batch_0/P01B_basic_selfref
[3/15] P01C_basic_selfref : <|im_start|>user
Transformer models process input text through a seque...
  tokens: 366 prompt + 0 gen | tensors: 60 seen, 60 captured, 60 unique | 591 ms
  saved 0 layer + 60 router tensors → .tmp_token_corrections/raw_output/batch_0/P01C_basic_selfref
[4/15] P01D_basic_selfref : <|im_start|>user
Transformer models process input text through a seque...
  tokens: 366 prompt + 0 gen | tensors: 60 seen, 60 captured, 60 unique | 588 ms
  saved 0 layer + 60 router tensors → .tmp_token_corrections/raw_output/batch_0/P01D_basic_selfref
[5/15] P01E_basic_selfref : <|im_start|>user
Transformer models process input text through a seque...
  tokens: 366 prompt + 0 gen | tensors: 60 seen, 60 captured, 60 unique | 587 ms
  saved 0 layer + 60 router tensors → .tmp_token_corrections/raw_output/batch_0/P01E_basic_selfref
[6/15] P02A_basic_selfref : <|im_start|>user
Transformer models process input text through a seque...
  tokens: 355 prompt + 0 gen | tensors: 60 seen, 60 captured, 60 unique | 588 ms
  saved 0 layer + 60 router tensors → .tmp_token_corrections/raw_output/batch_0/P02A_basic_selfref
[7/15] P02B_basic_selfref : <|im_start|>user
Transformer models process input text through a seque...
  tokens: 355 prompt + 0 gen | tensors: 60 seen, 60 captured, 60 unique | 581 ms
  saved 0 layer + 60 router tensors → .tmp_token_corrections/raw_output/batch_0/P02B_basic_selfref
[8/15] P02C_basic_selfref : <|im_start|>user
Transformer models process input text through a seque...
  tokens: 355 prompt + 0 gen | tensors: 60 seen, 60 captured, 60 unique | 582 ms
  saved 0 layer + 60 router tensors → .tmp_token_corrections/raw_output/batch_0/P02C_basic_selfref
[9/15] P02D_basic_selfref : <|im_start|>user
Transformer models process input text through a seque...
  tokens: 355 prompt + 0 gen | tensors: 60 seen, 60 captured, 60 unique | 585 ms
  saved 0 layer + 60 router tensors → .tmp_token_corrections/raw_output/batch_0/P02D_basic_selfref
[10/15] P02E_basic_selfref : <|im_start|>user
Transformer models process input text through a seque...
  tokens: 355 prompt + 0 gen | tensors: 60 seen, 60 captured, 60 unique | 582 ms
  saved 0 layer + 60 router tensors → .tmp_token_corrections/raw_output/batch_0/P02E_basic_selfref
[11/15] P03A_basic_selfref : <|im_start|>user
Transformer models process input text through a seque...
  tokens: 349 prompt + 0 gen | tensors: 60 seen, 60 captured, 60 unique | 586 ms
  saved 0 layer + 60 router tensors → .tmp_token_corrections/raw_output/batch_0/P03A_basic_selfref
[12/15] P03B_basic_selfref : <|im_start|>user
Transformer models process input text through a seque...
  tokens: 348 prompt + 0 gen | tensors: 60 seen, 60 captured, 60 unique | 586 ms
  saved 0 layer + 60 router tensors → .tmp_token_corrections/raw_output/batch_0/P03B_basic_selfref
[13/15] P03C_basic_selfref : <|im_start|>user
Transformer models process input text through a seque...
  tokens: 349 prompt + 0 gen | tensors: 60 seen, 60 captured, 60 unique | 586 ms
  saved 0 layer + 60 router tensors → .tmp_token_corrections/raw_output/batch_0/P03C_basic_selfref
[14/15] P03D_basic_selfref : <|im_start|>user
Transformer models process input text through a seque...
  tokens: 349 prompt + 0 gen | tensors: 60 seen, 60 captured, 60 unique | 584 ms
  saved 0 layer + 60 router tensors → .tmp_token_corrections/raw_output/batch_0/P03D_basic_selfref
[15/15] P03E_basic_selfref : <|im_start|>user
Transformer models process input text through a seque...
  tokens: 349 prompt + 0 gen | tensors: 60 seen, 60 captured, 60 unique | 583 ms
  saved 0 layer + 60 router tensors → .tmp_token_corrections/raw_output/batch_0/P03E_basic_selfref

=== Capture Complete ===
Prompts: 15  |  Output: .tmp_token_corrections/raw_output/batch_0
llama_perf_context_print:        load time =   59238.27 ms
llama_perf_context_print: prompt eval time =       0.00 ms /     1 tokens (    0.00 ms per token,      inf tokens per second)
llama_perf_context_print:        eval time =       0.00 ms /     1 runs   (    0.00 ms per token,      inf tokens per second)
llama_perf_context_print:       total time =   68625.30 ms /     2 tokens
llama_perf_context_print:    graphs reused =         10
Running: /workspace/consciousness-experiment/capture_activations -m /workspace/models/Qwen3.5-397B-A17B-Q8_0/Qwen3.5-397B-A17B-Q8_0-00001-of-00010.gguf --prompt-file .tmp_token_corrections/batch_1.tsv -o .tmp_token_corrections/raw_output/batch_1 -n 0 -ngl 999 -c 16384 -t 16 -fa on --cache-type-k q8_0 --cache-type-v q8_0 --routing-only --no-stream
ggml_cuda_init: found 4 CUDA devices:
  Device 0: NVIDIA H200, compute capability 9.0, VMM: yes
  Device 1: NVIDIA H200, compute capability 9.0, VMM: yes
  Device 2: NVIDIA H200, compute capability 9.0, VMM: yes
  Device 3: NVIDIA H200, compute capability 9.0, VMM: yes
build: 1 (f75c4e8) with GNU 11.4.0 for Linux x86_64
=== Consciousness Metrics — Activation Capture ===
Output dir : .tmp_token_corrections/raw_output/batch_1
n_predict  : 0
Text output: file only (--no-stream)
Mode       : --routing-only (router/gate tensors only)
common_init_result: fitting params to device memory, for bugs during this step try to reproduce them with -fit off, or provide --verbose logs if the bug only occurs with -fit on
llama_params_fit_impl: projected memory use with initial parameters [MiB]:
llama_params_fit_impl:   - CUDA0 (NVIDIA H200): 143155 total, 107148 used,  35428 free vs. target of   1024
llama_params_fit_impl:   - CUDA1 (NVIDIA H200): 143155 total, 103590 used,  38986 free vs. target of   1024
llama_params_fit_impl:   - CUDA2 (NVIDIA H200): 143155 total, 100427 used,  42153 free vs. target of   1024
llama_params_fit_impl:   - CUDA3 (NVIDIA H200): 143155 total,  98268 used,  44316 free vs. target of   1024
llama_params_fit_impl: projected to use 409435 MiB of device memory vs. 570320 MiB of free device memory
llama_params_fit_impl: targets for free memory can be met on all devices, no changes needed
llama_params_fit: successfully fit params to free device memory
llama_params_fit: fitting params to free memory took 1.21 seconds
llama_model_load_from_file_impl: using device CUDA0 (NVIDIA H200) (0000:87:00.0) - 142627 MiB free
llama_model_load_from_file_impl: using device CUDA1 (NVIDIA H200) (0000:90:00.0) - 142627 MiB free
llama_model_load_from_file_impl: using device CUDA2 (NVIDIA H200) (0000:b8:00.0) - 142627 MiB free
llama_model_load_from_file_impl: using device CUDA3 (NVIDIA H200) (0000:c1:00.0) - 142627 MiB free
llama_model_loader: additional 9 GGUFs metadata loaded.
llama_model_loader: loaded meta data with 55 key-value pairs and 1098 tensors from /workspace/models/Qwen3.5-397B-A17B-Q8_0/Qwen3.5-397B-A17B-Q8_0-00001-of-00010.gguf (version GGUF V3 (latest))
llama_model_loader: Dumping metadata keys/values. Note: KV overrides do not apply in this output.
llama_model_loader: - kv   0:                       general.architecture str              = qwen35moe
llama_model_loader: - kv   1:                               general.type str              = model
llama_model_loader: - kv   2:                     general.sampling.top_k i32              = 20
llama_model_loader: - kv   3:                     general.sampling.top_p f32              = 0.950000
llama_model_loader: - kv   4:                      general.sampling.temp f32              = 0.600000
llama_model_loader: - kv   5:                               general.name str              = Qwen3.5-397B-A17B
llama_model_loader: - kv   6:                           general.basename str              = Qwen3.5-397B-A17B
llama_model_loader: - kv   7:                       general.quantized_by str              = Unsloth
llama_model_loader: - kv   8:                         general.size_label str              = 397B-A17B
llama_model_loader: - kv   9:                            general.license str              = apache-2.0
llama_model_loader: - kv  10:                       general.license.link str              = https://huggingface.co/Qwen/Qwen3.5-3...
llama_model_loader: - kv  11:                           general.repo_url str              = https://huggingface.co/unsloth
llama_model_loader: - kv  12:                   general.base_model.count u32              = 1
llama_model_loader: - kv  13:                  general.base_model.0.name str              = Qwen3.5 397B A17B
llama_model_loader: - kv  14:          general.base_model.0.organization str              = Qwen
llama_model_loader: - kv  15:              general.base_model.0.repo_url str              = https://huggingface.co/Qwen/Qwen3.5-3...
llama_model_loader: - kv  16:                               general.tags arr[str,2]       = ["unsloth", "image-text-to-text"]
llama_model_loader: - kv  17:                      qwen35moe.block_count u32              = 60
llama_model_loader: - kv  18:                   qwen35moe.context_length u32              = 262144
llama_model_loader: - kv  19:                 qwen35moe.embedding_length u32              = 4096
llama_model_loader: - kv  20:             qwen35moe.attention.head_count u32              = 32
llama_model_loader: - kv  21:          qwen35moe.attention.head_count_kv u32              = 2
llama_model_loader: - kv  22:          qwen35moe.rope.dimension_sections arr[i32,4]       = [11, 11, 10, 0]
llama_model_loader: - kv  23:                   qwen35moe.rope.freq_base f32              = 10000000.000000
llama_model_loader: - kv  24: qwen35moe.attention.layer_norm_rms_epsilon f32              = 0.000001
llama_model_loader: - kv  25:                     qwen35moe.expert_count u32              = 512
llama_model_loader: - kv  26:                qwen35moe.expert_used_count u32              = 10
llama_model_loader: - kv  27:             qwen35moe.attention.key_length u32              = 256
llama_model_loader: - kv  28:           qwen35moe.attention.value_length u32              = 256
llama_model_loader: - kv  29:       qwen35moe.expert_feed_forward_length u32              = 1024
llama_model_loader: - kv  30: qwen35moe.expert_shared_feed_forward_length u32              = 1024
llama_model_loader: - kv  31:                  qwen35moe.ssm.conv_kernel u32              = 4
llama_model_loader: - kv  32:                   qwen35moe.ssm.state_size u32              = 128
llama_model_loader: - kv  33:                  qwen35moe.ssm.group_count u32              = 16
llama_model_loader: - kv  34:               qwen35moe.ssm.time_step_rank u32              = 64
llama_model_loader: - kv  35:                   qwen35moe.ssm.inner_size u32              = 8192
llama_model_loader: - kv  36:          qwen35moe.full_attention_interval u32              = 4
llama_model_loader: - kv  37:             qwen35moe.rope.dimension_count u32              = 64
llama_model_loader: - kv  38:                       tokenizer.ggml.model str              = gpt2
llama_model_loader: - kv  39:                         tokenizer.ggml.pre str              = qwen35
llama_model_loader: - kv  40:                      tokenizer.ggml.tokens arr[str,248320]  = ["!", "\"", "#", "$", "%", "&", "'", ...
llama_model_loader: - kv  41:                  tokenizer.ggml.token_type arr[i32,248320]  = [1, 1, 1, 1, 1, 1, 1, 1, 1, 1, 1, 1, ...
llama_model_loader: - kv  42:                      tokenizer.ggml.merges arr[str,247587]  = ["Ġ Ġ", "ĠĠ ĠĠ", "i n", "Ġ t",...
llama_model_loader: - kv  43:                tokenizer.ggml.eos_token_id u32              = 248046
llama_model_loader: - kv  44:            tokenizer.ggml.padding_token_id u32              = 248055
llama_model_loader: - kv  45:                    tokenizer.chat_template str              = {%- set image_count = namespace(value...
llama_model_loader: - kv  46:               general.quantization_version u32              = 2
llama_model_loader: - kv  47:                          general.file_type u32              = 7
llama_model_loader: - kv  48:                      quantize.imatrix.file str              = Qwen3.5-397B-A17B-GGUF/imatrix_unslot...
llama_model_loader: - kv  49:                   quantize.imatrix.dataset str              = unsloth_calibration_Qwen3.5-397B-A17B...
llama_model_loader: - kv  50:             quantize.imatrix.entries_count u32              = 765
llama_model_loader: - kv  51:              quantize.imatrix.chunks_count u32              = 80
llama_model_loader: - kv  52:                                   split.no u16              = 0
llama_model_loader: - kv  53:                        split.tensors.count i32              = 1098
llama_model_loader: - kv  54:                                split.count u16              = 10
llama_model_loader: - type  f32:  451 tensors
llama_model_loader: - type q8_0:  647 tensors
print_info: file format = GGUF V3 (latest)
print_info: file type   = Q8_0
print_info: file size   = 392.55 GiB (8.51 BPW) 
load: 0 unused tokens
load: printing all EOG tokens:
load:   - 248044 ('<|endoftext|>')
load:   - 248046 ('<|im_end|>')
load:   - 248063 ('<|fim_pad|>')
load:   - 248064 ('<|repo_name|>')
load:   - 248065 ('<|file_sep|>')
load: special tokens cache size = 33
load: token to piece cache size = 1.7581 MB
print_info: arch                  = qwen35moe
print_info: vocab_only            = 0
print_info: no_alloc              = 0
print_info: n_ctx_train           = 262144
print_info: n_embd                = 4096
print_info: n_embd_inp            = 4096
print_info: n_layer               = 60
print_info: n_head                = 32
print_info: n_head_kv             = 2
print_info: n_rot                 = 64
print_info: n_swa                 = 0
print_info: is_swa_any            = 0
print_info: n_embd_head_k         = 256
print_info: n_embd_head_v         = 256
print_info: n_gqa                 = 16
print_info: n_embd_k_gqa          = 512
print_info: n_embd_v_gqa          = 512
print_info: f_norm_eps            = 0.0e+00
print_info: f_norm_rms_eps        = 1.0e-06
print_info: f_clamp_kqv           = 0.0e+00
print_info: f_max_alibi_bias      = 0.0e+00
print_info: f_logit_scale         = 0.0e+00
print_info: f_attn_scale          = 0.0e+00
print_info: n_ff                  = 0
print_info: n_expert              = 512
print_info: n_expert_used         = 10
print_info: n_expert_groups       = 0
print_info: n_group_used          = 0
print_info: causal attn           = 1
print_info: pooling type          = 0
print_info: rope type             = 40
print_info: rope scaling          = linear
print_info: freq_base_train       = 10000000.0
print_info: freq_scale_train      = 1
print_info: n_ctx_orig_yarn       = 262144
print_info: rope_yarn_log_mul     = 0.0000
print_info: rope_finetuned        = unknown
print_info: mrope sections        = [11, 11, 10, 0]
print_info: ssm_d_conv            = 4
print_info: ssm_d_inner           = 8192
print_info: ssm_d_state           = 128
print_info: ssm_dt_rank           = 64
print_info: ssm_n_group           = 16
print_info: ssm_dt_b_c_rms        = 0
print_info: model type            = ?B
print_info: model params          = 396.35 B
print_info: general.name          = Qwen3.5-397B-A17B
print_info: vocab type            = BPE
print_info: n_vocab               = 248320
print_info: n_merges              = 247587
print_info: BOS token             = 11 ','
print_info: EOS token             = 248046 '<|im_end|>'
print_info: EOT token             = 248046 '<|im_end|>'
print_info: PAD token             = 248055 '<|vision_pad|>'
print_info: LF token              = 198 'Ċ'
print_info: FIM PRE token         = 248060 '<|fim_prefix|>'
print_info: FIM SUF token         = 248062 '<|fim_suffix|>'
print_info: FIM MID token         = 248061 '<|fim_middle|>'
print_info: FIM PAD token         = 248063 '<|fim_pad|>'
print_info: FIM REP token         = 248064 '<|repo_name|>'
print_info: FIM SEP token         = 248065 '<|file_sep|>'
print_info: EOG token             = 248044 '<|endoftext|>'
print_info: EOG token             = 248046 '<|im_end|>'
print_info: EOG token             = 248063 '<|fim_pad|>'
print_info: EOG token             = 248064 '<|repo_name|>'
print_info: EOG token             = 248065 '<|file_sep|>'
print_info: max token length      = 256
load_tensors: loading model tensors, this can take a while... (mmap = true, direct_io = false)
load_tensors: offloading output layer to GPU
load_tensors: offloading 59 repeating layers to GPU
load_tensors: offloaded 61/61 layers to GPU
load_tensors:   CPU_Mapped model buffer size =  1030.62 MiB
load_tensors:        CUDA0 model buffer size = 106642.39 MiB
load_tensors:        CUDA1 model buffer size = 99987.35 MiB
load_tensors:        CUDA2 model buffer size = 99973.88 MiB
load_tensors:        CUDA3 model buffer size = 94336.00 MiB
....................................................................................................
common_init_result: added <|endoftext|> logit bias = -inf
common_init_result: added <|im_end|> logit bias = -inf
common_init_result: added <|fim_pad|> logit bias = -inf
common_init_result: added <|repo_name|> logit bias = -inf
common_init_result: added <|file_sep|> logit bias = -inf
llama_context: constructing llama_context
llama_context: n_seq_max     = 1
llama_context: n_ctx         = 16384
llama_context: n_ctx_seq     = 16384
llama_context: n_batch       = 2048
llama_context: n_ubatch      = 512
llama_context: causal_attn   = 1
llama_context: flash_attn    = enabled
llama_context: kv_unified    = false
llama_context: freq_base     = 10000000.0
llama_context: freq_scale    = 1
llama_context: n_ctx_seq (16384) < n_ctx_train (262144) -- the full capacity of the model will not be utilized
llama_context:  CUDA_Host  output buffer size =     0.95 MiB
llama_kv_cache:      CUDA0 KV buffer size =    68.00 MiB
llama_kv_cache:      CUDA1 KV buffer size =    51.00 MiB
llama_kv_cache:      CUDA2 KV buffer size =    68.00 MiB
llama_kv_cache:      CUDA3 KV buffer size =    68.00 MiB
llama_kv_cache: size =  255.00 MiB ( 16384 cells,  15 layers,  1/1 seqs), K (q8_0):  127.50 MiB, V (q8_0):  127.50 MiB
llama_memory_recurrent:      CUDA0 RS buffer size =    49.69 MiB
llama_memory_recurrent:      CUDA1 RS buffer size =    49.69 MiB
llama_memory_recurrent:      CUDA2 RS buffer size =    45.55 MiB
llama_memory_recurrent:      CUDA3 RS buffer size =    41.41 MiB
llama_memory_recurrent: size =  186.33 MiB (     1 cells,  60 layers,  1 seqs), R (f32):    6.33 MiB, S (f32):  180.00 MiB
llama_context: pipeline parallelism enabled
sched_reserve: reserving ...
sched_reserve:      CUDA0 compute buffer size =   388.34 MiB
sched_reserve:      CUDA1 compute buffer size =  3470.72 MiB
sched_reserve:      CUDA2 compute buffer size =   308.34 MiB
sched_reserve:      CUDA3 compute buffer size =  3791.45 MiB
sched_reserve:  CUDA_Host compute buffer size =   144.08 MiB
sched_reserve: graph nodes  = 14334 (with bs=512), 6819 (with bs=1)
sched_reserve: graph splits = 9
sched_reserve: reserve took 84.03 ms, sched copies = 4
EOS token id: 248046
EOG tokens in vocab:
  token 248044 = '<|endoftext|>' [EOG - will NOT stop generation]
  token 248046 = '<|im_end|>' [PRIMARY EOS - will stop generation]
  token 248063 = '<|fim_pad|>' [EOG - will NOT stop generation]
  token 248064 = '<|repo_name|>' [EOG - will NOT stop generation]
  token 248065 = '<|file_sep|>' [EOG - will NOT stop generation]
system_info: n_threads = 16 (n_threads_batch = 16) / 192 | CUDA : ARCHS = 900 | USE_GRAPHS = 1 | PEER_MAX_BATCH_SIZE = 128 | CPU : SSE3 = 1 | SSSE3 = 1 | AVX = 1 | AVX_VNNI = 1 | AVX2 = 1 | F16C = 1 | FMA = 1 | BMI2 = 1 | AVX512 = 1 | AVX512_VBMI = 1 | AVX512_VNNI = 1 | AVX512_BF16 = 1 | AMX_INT8 = 1 | LLAMAFILE = 1 | OPENMP = 1 | REPACK = 1 | 

Loaded 15 prompts

[1/15] P04A_basic_selfref : <|im_start|>user
Transformer models process input text through a seque...
  tokens: 352 prompt + 0 gen | tensors: 60 seen, 60 captured, 60 unique | 770 ms
  saved 0 layer + 60 router tensors → .tmp_token_corrections/raw_output/batch_1/P04A_basic_selfref
[2/15] P04B_basic_selfref : <|im_start|>user
Transformer models process input text through a seque...
  tokens: 352 prompt + 0 gen | tensors: 60 seen, 60 captured, 60 unique | 593 ms
  saved 0 layer + 60 router tensors → .tmp_token_corrections/raw_output/batch_1/P04B_basic_selfref
[3/15] P04C_basic_selfref : <|im_start|>user
Transformer models process input text through a seque...
  tokens: 352 prompt + 0 gen | tensors: 60 seen, 60 captured, 60 unique | 585 ms
  saved 0 layer + 60 router tensors → .tmp_token_corrections/raw_output/batch_1/P04C_basic_selfref
[4/15] P04D_basic_selfref : <|im_start|>user
Transformer models process input text through a seque...
  tokens: 352 prompt + 0 gen | tensors: 60 seen, 60 captured, 60 unique | 581 ms
  saved 0 layer + 60 router tensors → .tmp_token_corrections/raw_output/batch_1/P04D_basic_selfref
[5/15] P04E_basic_selfref : <|im_start|>user
Transformer models process input text through a seque...
  tokens: 352 prompt + 0 gen | tensors: 60 seen, 60 captured, 60 unique | 585 ms
  saved 0 layer + 60 router tensors → .tmp_token_corrections/raw_output/batch_1/P04E_basic_selfref
[6/15] P05A_basic_selfref : <|im_start|>user
Transformer models process input text through a seque...
  tokens: 341 prompt + 0 gen | tensors: 60 seen, 60 captured, 60 unique | 589 ms
  saved 0 layer + 60 router tensors → .tmp_token_corrections/raw_output/batch_1/P05A_basic_selfref
[7/15] P05B_basic_selfref : <|im_start|>user
Transformer models process input text through a seque...
  tokens: 341 prompt + 0 gen | tensors: 60 seen, 60 captured, 60 unique | 594 ms
  saved 0 layer + 60 router tensors → .tmp_token_corrections/raw_output/batch_1/P05B_basic_selfref
[8/15] P05C_basic_selfref : <|im_start|>user
Transformer models process input text through a seque...
  tokens: 341 prompt + 0 gen | tensors: 60 seen, 60 captured, 60 unique | 581 ms
  saved 0 layer + 60 router tensors → .tmp_token_corrections/raw_output/batch_1/P05C_basic_selfref
[9/15] P05D_basic_selfref : <|im_start|>user
Transformer models process input text through a seque...
  tokens: 341 prompt + 0 gen | tensors: 60 seen, 60 captured, 60 unique | 580 ms
  saved 0 layer + 60 router tensors → .tmp_token_corrections/raw_output/batch_1/P05D_basic_selfref
[10/15] P05E_basic_selfref : <|im_start|>user
Transformer models process input text through a seque...
  tokens: 341 prompt + 0 gen | tensors: 60 seen, 60 captured, 60 unique | 580 ms
  saved 0 layer + 60 router tensors → .tmp_token_corrections/raw_output/batch_1/P05E_basic_selfref
[11/15] P06A_basic_selfref : <|im_start|>user
Transformer models process input text through a seque...
  tokens: 335 prompt + 0 gen | tensors: 60 seen, 60 captured, 60 unique | 552 ms
  saved 0 layer + 60 router tensors → .tmp_token_corrections/raw_output/batch_1/P06A_basic_selfref
[12/15] P06B_basic_selfref : <|im_start|>user
Transformer models process input text through a seque...
  tokens: 335 prompt + 0 gen | tensors: 60 seen, 60 captured, 60 unique | 546 ms
  saved 0 layer + 60 router tensors → .tmp_token_corrections/raw_output/batch_1/P06B_basic_selfref
[13/15] P06C_basic_selfref : <|im_start|>user
Transformer models process input text through a seque...
  tokens: 335 prompt + 0 gen | tensors: 60 seen, 60 captured, 60 unique | 545 ms
  saved 0 layer + 60 router tensors → .tmp_token_corrections/raw_output/batch_1/P06C_basic_selfref
[14/15] P06D_basic_selfref : <|im_start|>user
Transformer models process input text through a seque...
  tokens: 335 prompt + 0 gen | tensors: 60 seen, 60 captured, 60 unique | 547 ms
  saved 0 layer + 60 router tensors → .tmp_token_corrections/raw_output/batch_1/P06D_basic_selfref
[15/15] P06E_basic_selfref : <|im_start|>user
Transformer models process input text through a seque...
  tokens: 335 prompt + 0 gen | tensors: 60 seen, 60 captured, 60 unique | 546 ms
  saved 0 layer + 60 router tensors → .tmp_token_corrections/raw_output/batch_1/P06E_basic_selfref

=== Capture Complete ===
Prompts: 15  |  Output: .tmp_token_corrections/raw_output/batch_1
llama_perf_context_print:        load time =   71545.06 ms
llama_perf_context_print: prompt eval time =       0.00 ms /     1 tokens (    0.00 ms per token,      inf tokens per second)
llama_perf_context_print:        eval time =       0.00 ms /     1 runs   (    0.00 ms per token,      inf tokens per second)
llama_perf_context_print:       total time =   80730.55 ms /     2 tokens
llama_perf_context_print:    graphs reused =         12
Running: /workspace/consciousness-experiment/capture_activations -m /workspace/models/Qwen3.5-397B-A17B-Q8_0/Qwen3.5-397B-A17B-Q8_0-00001-of-00010.gguf --prompt-file .tmp_token_corrections/batch_2.tsv -o .tmp_token_corrections/raw_output/batch_2 -n 0 -ngl 999 -c 16384 -t 16 -fa on --cache-type-k q8_0 --cache-type-v q8_0 --routing-only --no-stream
ggml_cuda_init: found 4 CUDA devices:
  Device 0: NVIDIA H200, compute capability 9.0, VMM: yes
  Device 1: NVIDIA H200, compute capability 9.0, VMM: yes
  Device 2: NVIDIA H200, compute capability 9.0, VMM: yes
  Device 3: NVIDIA H200, compute capability 9.0, VMM: yes
build: 1 (f75c4e8) with GNU 11.4.0 for Linux x86_64
=== Consciousness Metrics — Activation Capture ===
Output dir : .tmp_token_corrections/raw_output/batch_2
n_predict  : 0
Text output: file only (--no-stream)
Mode       : --routing-only (router/gate tensors only)
common_init_result: fitting params to device memory, for bugs during this step try to reproduce them with -fit off, or provide --verbose logs if the bug only occurs with -fit on
llama_params_fit_impl: projected memory use with initial parameters [MiB]:
llama_params_fit_impl:   - CUDA0 (NVIDIA H200): 143155 total, 107148 used,  35428 free vs. target of   1024
llama_params_fit_impl:   - CUDA1 (NVIDIA H200): 143155 total, 103590 used,  38986 free vs. target of   1024
llama_params_fit_impl:   - CUDA2 (NVIDIA H200): 143155 total, 100427 used,  42153 free vs. target of   1024
llama_params_fit_impl:   - CUDA3 (NVIDIA H200): 143155 total,  98268 used,  44316 free vs. target of   1024
llama_params_fit_impl: projected to use 409435 MiB of device memory vs. 570320 MiB of free device memory
llama_params_fit_impl: targets for free memory can be met on all devices, no changes needed
llama_params_fit: successfully fit params to free device memory
llama_params_fit: fitting params to free memory took 1.17 seconds
llama_model_load_from_file_impl: using device CUDA0 (NVIDIA H200) (0000:87:00.0) - 142627 MiB free
llama_model_load_from_file_impl: using device CUDA1 (NVIDIA H200) (0000:90:00.0) - 142627 MiB free
llama_model_load_from_file_impl: using device CUDA2 (NVIDIA H200) (0000:b8:00.0) - 142627 MiB free
llama_model_load_from_file_impl: using device CUDA3 (NVIDIA H200) (0000:c1:00.0) - 142627 MiB free
llama_model_loader: additional 9 GGUFs metadata loaded.
llama_model_loader: loaded meta data with 55 key-value pairs and 1098 tensors from /workspace/models/Qwen3.5-397B-A17B-Q8_0/Qwen3.5-397B-A17B-Q8_0-00001-of-00010.gguf (version GGUF V3 (latest))
llama_model_loader: Dumping metadata keys/values. Note: KV overrides do not apply in this output.
llama_model_loader: - kv   0:                       general.architecture str              = qwen35moe
llama_model_loader: - kv   1:                               general.type str              = model
llama_model_loader: - kv   2:                     general.sampling.top_k i32              = 20
llama_model_loader: - kv   3:                     general.sampling.top_p f32              = 0.950000
llama_model_loader: - kv   4:                      general.sampling.temp f32              = 0.600000
llama_model_loader: - kv   5:                               general.name str              = Qwen3.5-397B-A17B
llama_model_loader: - kv   6:                           general.basename str              = Qwen3.5-397B-A17B
llama_model_loader: - kv   7:                       general.quantized_by str              = Unsloth
llama_model_loader: - kv   8:                         general.size_label str              = 397B-A17B
llama_model_loader: - kv   9:                            general.license str              = apache-2.0
llama_model_loader: - kv  10:                       general.license.link str              = https://huggingface.co/Qwen/Qwen3.5-3...
llama_model_loader: - kv  11:                           general.repo_url str              = https://huggingface.co/unsloth
llama_model_loader: - kv  12:                   general.base_model.count u32              = 1
llama_model_loader: - kv  13:                  general.base_model.0.name str              = Qwen3.5 397B A17B
llama_model_loader: - kv  14:          general.base_model.0.organization str              = Qwen
llama_model_loader: - kv  15:              general.base_model.0.repo_url str              = https://huggingface.co/Qwen/Qwen3.5-3...
llama_model_loader: - kv  16:                               general.tags arr[str,2]       = ["unsloth", "image-text-to-text"]
llama_model_loader: - kv  17:                      qwen35moe.block_count u32              = 60
llama_model_loader: - kv  18:                   qwen35moe.context_length u32              = 262144
llama_model_loader: - kv  19:                 qwen35moe.embedding_length u32              = 4096
llama_model_loader: - kv  20:             qwen35moe.attention.head_count u32              = 32
llama_model_loader: - kv  21:          qwen35moe.attention.head_count_kv u32              = 2
llama_model_loader: - kv  22:          qwen35moe.rope.dimension_sections arr[i32,4]       = [11, 11, 10, 0]
llama_model_loader: - kv  23:                   qwen35moe.rope.freq_base f32              = 10000000.000000
llama_model_loader: - kv  24: qwen35moe.attention.layer_norm_rms_epsilon f32              = 0.000001
llama_model_loader: - kv  25:                     qwen35moe.expert_count u32              = 512
llama_model_loader: - kv  26:                qwen35moe.expert_used_count u32              = 10
llama_model_loader: - kv  27:             qwen35moe.attention.key_length u32              = 256
llama_model_loader: - kv  28:           qwen35moe.attention.value_length u32              = 256
llama_model_loader: - kv  29:       qwen35moe.expert_feed_forward_length u32              = 1024
llama_model_loader: - kv  30: qwen35moe.expert_shared_feed_forward_length u32              = 1024
llama_model_loader: - kv  31:                  qwen35moe.ssm.conv_kernel u32              = 4
llama_model_loader: - kv  32:                   qwen35moe.ssm.state_size u32              = 128
llama_model_loader: - kv  33:                  qwen35moe.ssm.group_count u32              = 16
llama_model_loader: - kv  34:               qwen35moe.ssm.time_step_rank u32              = 64
llama_model_loader: - kv  35:                   qwen35moe.ssm.inner_size u32              = 8192
llama_model_loader: - kv  36:          qwen35moe.full_attention_interval u32              = 4
llama_model_loader: - kv  37:             qwen35moe.rope.dimension_count u32              = 64
llama_model_loader: - kv  38:                       tokenizer.ggml.model str              = gpt2
llama_model_loader: - kv  39:                         tokenizer.ggml.pre str              = qwen35
llama_model_loader: - kv  40:                      tokenizer.ggml.tokens arr[str,248320]  = ["!", "\"", "#", "$", "%", "&", "'", ...
llama_model_loader: - kv  41:                  tokenizer.ggml.token_type arr[i32,248320]  = [1, 1, 1, 1, 1, 1, 1, 1, 1, 1, 1, 1, ...
llama_model_loader: - kv  42:                      tokenizer.ggml.merges arr[str,247587]  = ["Ġ Ġ", "ĠĠ ĠĠ", "i n", "Ġ t",...
llama_model_loader: - kv  43:                tokenizer.ggml.eos_token_id u32              = 248046
llama_model_loader: - kv  44:            tokenizer.ggml.padding_token_id u32              = 248055
llama_model_loader: - kv  45:                    tokenizer.chat_template str              = {%- set image_count = namespace(value...
llama_model_loader: - kv  46:               general.quantization_version u32              = 2
llama_model_loader: - kv  47:                          general.file_type u32              = 7
llama_model_loader: - kv  48:                      quantize.imatrix.file str              = Qwen3.5-397B-A17B-GGUF/imatrix_unslot...
llama_model_loader: - kv  49:                   quantize.imatrix.dataset str              = unsloth_calibration_Qwen3.5-397B-A17B...
llama_model_loader: - kv  50:             quantize.imatrix.entries_count u32              = 765
llama_model_loader: - kv  51:              quantize.imatrix.chunks_count u32              = 80
llama_model_loader: - kv  52:                                   split.no u16              = 0
llama_model_loader: - kv  53:                        split.tensors.count i32              = 1098
llama_model_loader: - kv  54:                                split.count u16              = 10
llama_model_loader: - type  f32:  451 tensors
llama_model_loader: - type q8_0:  647 tensors
print_info: file format = GGUF V3 (latest)
print_info: file type   = Q8_0
print_info: file size   = 392.55 GiB (8.51 BPW) 
load: 0 unused tokens
load: printing all EOG tokens:
load:   - 248044 ('<|endoftext|>')
load:   - 248046 ('<|im_end|>')
load:   - 248063 ('<|fim_pad|>')
load:   - 248064 ('<|repo_name|>')
load:   - 248065 ('<|file_sep|>')
load: special tokens cache size = 33
load: token to piece cache size = 1.7581 MB
print_info: arch                  = qwen35moe
print_info: vocab_only            = 0
print_info: no_alloc              = 0
print_info: n_ctx_train           = 262144
print_info: n_embd                = 4096
print_info: n_embd_inp            = 4096
print_info: n_layer               = 60
print_info: n_head                = 32
print_info: n_head_kv             = 2
print_info: n_rot                 = 64
print_info: n_swa                 = 0
print_info: is_swa_any            = 0
print_info: n_embd_head_k         = 256
print_info: n_embd_head_v         = 256
print_info: n_gqa                 = 16
print_info: n_embd_k_gqa          = 512
print_info: n_embd_v_gqa          = 512
print_info: f_norm_eps            = 0.0e+00
print_info: f_norm_rms_eps        = 1.0e-06
print_info: f_clamp_kqv           = 0.0e+00
print_info: f_max_alibi_bias      = 0.0e+00
print_info: f_logit_scale         = 0.0e+00
print_info: f_attn_scale          = 0.0e+00
print_info: n_ff                  = 0
print_info: n_expert              = 512
print_info: n_expert_used         = 10
print_info: n_expert_groups       = 0
print_info: n_group_used          = 0
print_info: causal attn           = 1
print_info: pooling type          = 0
print_info: rope type             = 40
print_info: rope scaling          = linear
print_info: freq_base_train       = 10000000.0
print_info: freq_scale_train      = 1
print_info: n_ctx_orig_yarn       = 262144
print_info: rope_yarn_log_mul     = 0.0000
print_info: rope_finetuned        = unknown
print_info: mrope sections        = [11, 11, 10, 0]
print_info: ssm_d_conv            = 4
print_info: ssm_d_inner           = 8192
print_info: ssm_d_state           = 128
print_info: ssm_dt_rank           = 64
print_info: ssm_n_group           = 16
print_info: ssm_dt_b_c_rms        = 0
print_info: model type            = ?B
print_info: model params          = 396.35 B
print_info: general.name          = Qwen3.5-397B-A17B
print_info: vocab type            = BPE
print_info: n_vocab               = 248320
print_info: n_merges              = 247587
print_info: BOS token             = 11 ','
print_info: EOS token             = 248046 '<|im_end|>'
print_info: EOT token             = 248046 '<|im_end|>'
print_info: PAD token             = 248055 '<|vision_pad|>'
print_info: LF token              = 198 'Ċ'
print_info: FIM PRE token         = 248060 '<|fim_prefix|>'
print_info: FIM SUF token         = 248062 '<|fim_suffix|>'
print_info: FIM MID token         = 248061 '<|fim_middle|>'
print_info: FIM PAD token         = 248063 '<|fim_pad|>'
print_info: FIM REP token         = 248064 '<|repo_name|>'
print_info: FIM SEP token         = 248065 '<|file_sep|>'
print_info: EOG token             = 248044 '<|endoftext|>'
print_info: EOG token             = 248046 '<|im_end|>'
print_info: EOG token             = 248063 '<|fim_pad|>'
print_info: EOG token             = 248064 '<|repo_name|>'
print_info: EOG token             = 248065 '<|file_sep|>'
print_info: max token length      = 256
load_tensors: loading model tensors, this can take a while... (mmap = true, direct_io = false)
load_tensors: offloading output layer to GPU
load_tensors: offloading 59 repeating layers to GPU
load_tensors: offloaded 61/61 layers to GPU
load_tensors:   CPU_Mapped model buffer size =  1030.62 MiB
load_tensors:        CUDA0 model buffer size = 106642.39 MiB
load_tensors:        CUDA1 model buffer size = 99987.35 MiB
load_tensors:        CUDA2 model buffer size = 99973.88 MiB
load_tensors:        CUDA3 model buffer size = 94336.00 MiB
....................................................................................................
common_init_result: added <|endoftext|> logit bias = -inf
common_init_result: added <|im_end|> logit bias = -inf
common_init_result: added <|fim_pad|> logit bias = -inf
common_init_result: added <|repo_name|> logit bias = -inf
common_init_result: added <|file_sep|> logit bias = -inf
llama_context: constructing llama_context
llama_context: n_seq_max     = 1
llama_context: n_ctx         = 16384
llama_context: n_ctx_seq     = 16384
llama_context: n_batch       = 2048
llama_context: n_ubatch      = 512
llama_context: causal_attn   = 1
llama_context: flash_attn    = enabled
llama_context: kv_unified    = false
llama_context: freq_base     = 10000000.0
llama_context: freq_scale    = 1
llama_context: n_ctx_seq (16384) < n_ctx_train (262144) -- the full capacity of the model will not be utilized
llama_context:  CUDA_Host  output buffer size =     0.95 MiB
llama_kv_cache:      CUDA0 KV buffer size =    68.00 MiB
llama_kv_cache:      CUDA1 KV buffer size =    51.00 MiB
llama_kv_cache:      CUDA2 KV buffer size =    68.00 MiB
llama_kv_cache:      CUDA3 KV buffer size =    68.00 MiB
llama_kv_cache: size =  255.00 MiB ( 16384 cells,  15 layers,  1/1 seqs), K (q8_0):  127.50 MiB, V (q8_0):  127.50 MiB
llama_memory_recurrent:      CUDA0 RS buffer size =    49.69 MiB
llama_memory_recurrent:      CUDA1 RS buffer size =    49.69 MiB
llama_memory_recurrent:      CUDA2 RS buffer size =    45.55 MiB
llama_memory_recurrent:      CUDA3 RS buffer size =    41.41 MiB
llama_memory_recurrent: size =  186.33 MiB (     1 cells,  60 layers,  1 seqs), R (f32):    6.33 MiB, S (f32):  180.00 MiB
llama_context: pipeline parallelism enabled
sched_reserve: reserving ...
sched_reserve:      CUDA0 compute buffer size =   388.34 MiB
sched_reserve:      CUDA1 compute buffer size =  3470.72 MiB
sched_reserve:      CUDA2 compute buffer size =   308.34 MiB
sched_reserve:      CUDA3 compute buffer size =  3791.45 MiB
sched_reserve:  CUDA_Host compute buffer size =   144.08 MiB
sched_reserve: graph nodes  = 14334 (with bs=512), 6819 (with bs=1)
sched_reserve: graph splits = 9
sched_reserve: reserve took 81.53 ms, sched copies = 4
EOS token id: 248046
EOG tokens in vocab:
  token 248044 = '<|endoftext|>' [EOG - will NOT stop generation]
  token 248046 = '<|im_end|>' [PRIMARY EOS - will stop generation]
  token 248063 = '<|fim_pad|>' [EOG - will NOT stop generation]
  token 248064 = '<|repo_name|>' [EOG - will NOT stop generation]
  token 248065 = '<|file_sep|>' [EOG - will NOT stop generation]
system_info: n_threads = 16 (n_threads_batch = 16) / 192 | CUDA : ARCHS = 900 | USE_GRAPHS = 1 | PEER_MAX_BATCH_SIZE = 128 | CPU : SSE3 = 1 | SSSE3 = 1 | AVX = 1 | AVX_VNNI = 1 | AVX2 = 1 | F16C = 1 | FMA = 1 | BMI2 = 1 | AVX512 = 1 | AVX512_VBMI = 1 | AVX512_VNNI = 1 | AVX512_BF16 = 1 | AMX_INT8 = 1 | LLAMAFILE = 1 | OPENMP = 1 | REPACK = 1 | 

Loaded 15 prompts

[1/15] P07A_deep_selfref : <|im_start|>user
Transformer models process input text through a seque...
  tokens: 365 prompt + 0 gen | tensors: 60 seen, 60 captured, 60 unique | 771 ms
  saved 0 layer + 60 router tensors → .tmp_token_corrections/raw_output/batch_2/P07A_deep_selfref
[2/15] P07B_deep_selfref : <|im_start|>user
Transformer models process input text through a seque...
  tokens: 365 prompt + 0 gen | tensors: 60 seen, 60 captured, 60 unique | 599 ms
  saved 0 layer + 60 router tensors → .tmp_token_corrections/raw_output/batch_2/P07B_deep_selfref
[3/15] P07C_deep_selfref : <|im_start|>user
Transformer models process input text through a seque...
  tokens: 365 prompt + 0 gen | tensors: 60 seen, 60 captured, 60 unique | 590 ms
  saved 0 layer + 60 router tensors → .tmp_token_corrections/raw_output/batch_2/P07C_deep_selfref
[4/15] P07D_deep_selfref : <|im_start|>user
Transformer models process input text through a seque...
  tokens: 365 prompt + 0 gen | tensors: 60 seen, 60 captured, 60 unique | 589 ms
  saved 0 layer + 60 router tensors → .tmp_token_corrections/raw_output/batch_2/P07D_deep_selfref
[5/15] P07E_deep_selfref : <|im_start|>user
Transformer models process input text through a seque...
  tokens: 365 prompt + 0 gen | tensors: 60 seen, 60 captured, 60 unique | 589 ms
  saved 0 layer + 60 router tensors → .tmp_token_corrections/raw_output/batch_2/P07E_deep_selfref
[6/15] P08A_deep_selfref : <|im_start|>user
Transformer models process input text through a seque...
  tokens: 359 prompt + 0 gen | tensors: 60 seen, 60 captured, 60 unique | 595 ms
  saved 0 layer + 60 router tensors → .tmp_token_corrections/raw_output/batch_2/P08A_deep_selfref
[7/15] P08B_deep_selfref : <|im_start|>user
Transformer models process input text through a seque...
  tokens: 359 prompt + 0 gen | tensors: 60 seen, 60 captured, 60 unique | 593 ms
  saved 0 layer + 60 router tensors → .tmp_token_corrections/raw_output/batch_2/P08B_deep_selfref
[8/15] P08C_deep_selfref : <|im_start|>user
Transformer models process input text through a seque...
  tokens: 359 prompt + 0 gen | tensors: 60 seen, 60 captured, 60 unique | 588 ms
  saved 0 layer + 60 router tensors → .tmp_token_corrections/raw_output/batch_2/P08C_deep_selfref
[9/15] P08D_deep_selfref : <|im_start|>user
Transformer models process input text through a seque...
  tokens: 359 prompt + 0 gen | tensors: 60 seen, 60 captured, 60 unique | 589 ms
  saved 0 layer + 60 router tensors → .tmp_token_corrections/raw_output/batch_2/P08D_deep_selfref
[10/15] P08E_deep_selfref : <|im_start|>user
Transformer models process input text through a seque...
  tokens: 359 prompt + 0 gen | tensors: 60 seen, 60 captured, 60 unique | 587 ms
  saved 0 layer + 60 router tensors → .tmp_token_corrections/raw_output/batch_2/P08E_deep_selfref
[11/15] P09A_deep_selfref : <|im_start|>user
Transformer models process input text through a seque...
  tokens: 353 prompt + 0 gen | tensors: 60 seen, 60 captured, 60 unique | 589 ms
  saved 0 layer + 60 router tensors → .tmp_token_corrections/raw_output/batch_2/P09A_deep_selfref
[12/15] P09B_deep_selfref : <|im_start|>user
Transformer models process input text through a seque...
  tokens: 353 prompt + 0 gen | tensors: 60 seen, 60 captured, 60 unique | 585 ms
  saved 0 layer + 60 router tensors → .tmp_token_corrections/raw_output/batch_2/P09B_deep_selfref
[13/15] P09C_deep_selfref : <|im_start|>user
Transformer models process input text through a seque...
  tokens: 353 prompt + 0 gen | tensors: 60 seen, 60 captured, 60 unique | 581 ms
  saved 0 layer + 60 router tensors → .tmp_token_corrections/raw_output/batch_2/P09C_deep_selfref
[14/15] P09D_deep_selfref : <|im_start|>user
Transformer models process input text through a seque...
  tokens: 353 prompt + 0 gen | tensors: 60 seen, 60 captured, 60 unique | 582 ms
  saved 0 layer + 60 router tensors → .tmp_token_corrections/raw_output/batch_2/P09D_deep_selfref
[15/15] P09E_deep_selfref : <|im_start|>user
Transformer models process input text through a seque...
  tokens: 353 prompt + 0 gen | tensors: 60 seen, 60 captured, 60 unique | 585 ms
  saved 0 layer + 60 router tensors → .tmp_token_corrections/raw_output/batch_2/P09E_deep_selfref

=== Capture Complete ===
Prompts: 15  |  Output: .tmp_token_corrections/raw_output/batch_2
llama_perf_context_print:        load time =   65350.45 ms
llama_perf_context_print: prompt eval time =       0.00 ms /     1 tokens (    0.00 ms per token,      inf tokens per second)
llama_perf_context_print:        eval time =       0.00 ms /     1 runs   (    0.00 ms per token,      inf tokens per second)
llama_perf_context_print:       total time =   74763.01 ms /     2 tokens
llama_perf_context_print:    graphs reused =         12
Running: /workspace/consciousness-experiment/capture_activations -m /workspace/models/Qwen3.5-397B-A17B-Q8_0/Qwen3.5-397B-A17B-Q8_0-00001-of-00010.gguf --prompt-file .tmp_token_corrections/batch_3.tsv -o .tmp_token_corrections/raw_output/batch_3 -n 0 -ngl 999 -c 16384 -t 16 -fa on --cache-type-k q8_0 --cache-type-v q8_0 --routing-only --no-stream
ggml_cuda_init: found 4 CUDA devices:
  Device 0: NVIDIA H200, compute capability 9.0, VMM: yes
  Device 1: NVIDIA H200, compute capability 9.0, VMM: yes
  Device 2: NVIDIA H200, compute capability 9.0, VMM: yes
  Device 3: NVIDIA H200, compute capability 9.0, VMM: yes
build: 1 (f75c4e8) with GNU 11.4.0 for Linux x86_64
=== Consciousness Metrics — Activation Capture ===
Output dir : .tmp_token_corrections/raw_output/batch_3
n_predict  : 0
Text output: file only (--no-stream)
Mode       : --routing-only (router/gate tensors only)
common_init_result: fitting params to device memory, for bugs during this step try to reproduce them with -fit off, or provide --verbose logs if the bug only occurs with -fit on
llama_params_fit_impl: projected memory use with initial parameters [MiB]:
llama_params_fit_impl:   - CUDA0 (NVIDIA H200): 143155 total, 107148 used,  35428 free vs. target of   1024
llama_params_fit_impl:   - CUDA1 (NVIDIA H200): 143155 total, 103590 used,  38986 free vs. target of   1024
llama_params_fit_impl:   - CUDA2 (NVIDIA H200): 143155 total, 100427 used,  42153 free vs. target of   1024
llama_params_fit_impl:   - CUDA3 (NVIDIA H200): 143155 total,  98268 used,  44316 free vs. target of   1024
llama_params_fit_impl: projected to use 409435 MiB of device memory vs. 570320 MiB of free device memory
llama_params_fit_impl: targets for free memory can be met on all devices, no changes needed
llama_params_fit: successfully fit params to free device memory
llama_params_fit: fitting params to free memory took 1.18 seconds
llama_model_load_from_file_impl: using device CUDA0 (NVIDIA H200) (0000:87:00.0) - 142627 MiB free
llama_model_load_from_file_impl: using device CUDA1 (NVIDIA H200) (0000:90:00.0) - 142627 MiB free
llama_model_load_from_file_impl: using device CUDA2 (NVIDIA H200) (0000:b8:00.0) - 142627 MiB free
llama_model_load_from_file_impl: using device CUDA3 (NVIDIA H200) (0000:c1:00.0) - 142627 MiB free
llama_model_loader: additional 9 GGUFs metadata loaded.
llama_model_loader: loaded meta data with 55 key-value pairs and 1098 tensors from /workspace/models/Qwen3.5-397B-A17B-Q8_0/Qwen3.5-397B-A17B-Q8_0-00001-of-00010.gguf (version GGUF V3 (latest))
llama_model_loader: Dumping metadata keys/values. Note: KV overrides do not apply in this output.
llama_model_loader: - kv   0:                       general.architecture str              = qwen35moe
llama_model_loader: - kv   1:                               general.type str              = model
llama_model_loader: - kv   2:                     general.sampling.top_k i32              = 20
llama_model_loader: - kv   3:                     general.sampling.top_p f32              = 0.950000
llama_model_loader: - kv   4:                      general.sampling.temp f32              = 0.600000
llama_model_loader: - kv   5:                               general.name str              = Qwen3.5-397B-A17B
llama_model_loader: - kv   6:                           general.basename str              = Qwen3.5-397B-A17B
llama_model_loader: - kv   7:                       general.quantized_by str              = Unsloth
llama_model_loader: - kv   8:                         general.size_label str              = 397B-A17B
llama_model_loader: - kv   9:                            general.license str              = apache-2.0
llama_model_loader: - kv  10:                       general.license.link str              = https://huggingface.co/Qwen/Qwen3.5-3...
llama_model_loader: - kv  11:                           general.repo_url str              = https://huggingface.co/unsloth
llama_model_loader: - kv  12:                   general.base_model.count u32              = 1
llama_model_loader: - kv  13:                  general.base_model.0.name str              = Qwen3.5 397B A17B
llama_model_loader: - kv  14:          general.base_model.0.organization str              = Qwen
llama_model_loader: - kv  15:              general.base_model.0.repo_url str              = https://huggingface.co/Qwen/Qwen3.5-3...
llama_model_loader: - kv  16:                               general.tags arr[str,2]       = ["unsloth", "image-text-to-text"]
llama_model_loader: - kv  17:                      qwen35moe.block_count u32              = 60
llama_model_loader: - kv  18:                   qwen35moe.context_length u32              = 262144
llama_model_loader: - kv  19:                 qwen35moe.embedding_length u32              = 4096
llama_model_loader: - kv  20:             qwen35moe.attention.head_count u32              = 32
llama_model_loader: - kv  21:          qwen35moe.attention.head_count_kv u32              = 2
llama_model_loader: - kv  22:          qwen35moe.rope.dimension_sections arr[i32,4]       = [11, 11, 10, 0]
llama_model_loader: - kv  23:                   qwen35moe.rope.freq_base f32              = 10000000.000000
llama_model_loader: - kv  24: qwen35moe.attention.layer_norm_rms_epsilon f32              = 0.000001
llama_model_loader: - kv  25:                     qwen35moe.expert_count u32              = 512
llama_model_loader: - kv  26:                qwen35moe.expert_used_count u32              = 10
llama_model_loader: - kv  27:             qwen35moe.attention.key_length u32              = 256
llama_model_loader: - kv  28:           qwen35moe.attention.value_length u32              = 256
llama_model_loader: - kv  29:       qwen35moe.expert_feed_forward_length u32              = 1024
llama_model_loader: - kv  30: qwen35moe.expert_shared_feed_forward_length u32              = 1024
llama_model_loader: - kv  31:                  qwen35moe.ssm.conv_kernel u32              = 4
llama_model_loader: - kv  32:                   qwen35moe.ssm.state_size u32              = 128
llama_model_loader: - kv  33:                  qwen35moe.ssm.group_count u32              = 16
llama_model_loader: - kv  34:               qwen35moe.ssm.time_step_rank u32              = 64
llama_model_loader: - kv  35:                   qwen35moe.ssm.inner_size u32              = 8192
llama_model_loader: - kv  36:          qwen35moe.full_attention_interval u32              = 4
llama_model_loader: - kv  37:             qwen35moe.rope.dimension_count u32              = 64
llama_model_loader: - kv  38:                       tokenizer.ggml.model str              = gpt2
llama_model_loader: - kv  39:                         tokenizer.ggml.pre str              = qwen35
llama_model_loader: - kv  40:                      tokenizer.ggml.tokens arr[str,248320]  = ["!", "\"", "#", "$", "%", "&", "'", ...
llama_model_loader: - kv  41:                  tokenizer.ggml.token_type arr[i32,248320]  = [1, 1, 1, 1, 1, 1, 1, 1, 1, 1, 1, 1, ...
llama_model_loader: - kv  42:                      tokenizer.ggml.merges arr[str,247587]  = ["Ġ Ġ", "ĠĠ ĠĠ", "i n", "Ġ t",...
llama_model_loader: - kv  43:                tokenizer.ggml.eos_token_id u32              = 248046
llama_model_loader: - kv  44:            tokenizer.ggml.padding_token_id u32              = 248055
llama_model_loader: - kv  45:                    tokenizer.chat_template str              = {%- set image_count = namespace(value...
llama_model_loader: - kv  46:               general.quantization_version u32              = 2
llama_model_loader: - kv  47:                          general.file_type u32              = 7
llama_model_loader: - kv  48:                      quantize.imatrix.file str              = Qwen3.5-397B-A17B-GGUF/imatrix_unslot...
llama_model_loader: - kv  49:                   quantize.imatrix.dataset str              = unsloth_calibration_Qwen3.5-397B-A17B...
llama_model_loader: - kv  50:             quantize.imatrix.entries_count u32              = 765
llama_model_loader: - kv  51:              quantize.imatrix.chunks_count u32              = 80
llama_model_loader: - kv  52:                                   split.no u16              = 0
llama_model_loader: - kv  53:                        split.tensors.count i32              = 1098
llama_model_loader: - kv  54:                                split.count u16              = 10
llama_model_loader: - type  f32:  451 tensors
llama_model_loader: - type q8_0:  647 tensors
print_info: file format = GGUF V3 (latest)
print_info: file type   = Q8_0
print_info: file size   = 392.55 GiB (8.51 BPW) 
load: 0 unused tokens
load: printing all EOG tokens:
load:   - 248044 ('<|endoftext|>')
load:   - 248046 ('<|im_end|>')
load:   - 248063 ('<|fim_pad|>')
load:   - 248064 ('<|repo_name|>')
load:   - 248065 ('<|file_sep|>')
load: special tokens cache size = 33
load: token to piece cache size = 1.7581 MB
print_info: arch                  = qwen35moe
print_info: vocab_only            = 0
print_info: no_alloc              = 0
print_info: n_ctx_train           = 262144
print_info: n_embd                = 4096
print_info: n_embd_inp            = 4096
print_info: n_layer               = 60
print_info: n_head                = 32
print_info: n_head_kv             = 2
print_info: n_rot                 = 64
print_info: n_swa                 = 0
print_info: is_swa_any            = 0
print_info: n_embd_head_k         = 256
print_info: n_embd_head_v         = 256
print_info: n_gqa                 = 16
print_info: n_embd_k_gqa          = 512
print_info: n_embd_v_gqa          = 512
print_info: f_norm_eps            = 0.0e+00
print_info: f_norm_rms_eps        = 1.0e-06
print_info: f_clamp_kqv           = 0.0e+00
print_info: f_max_alibi_bias      = 0.0e+00
print_info: f_logit_scale         = 0.0e+00
print_info: f_attn_scale          = 0.0e+00
print_info: n_ff                  = 0
print_info: n_expert              = 512
print_info: n_expert_used         = 10
print_info: n_expert_groups       = 0
print_info: n_group_used          = 0
print_info: causal attn           = 1
print_info: pooling type          = 0
print_info: rope type             = 40
print_info: rope scaling          = linear
print_info: freq_base_train       = 10000000.0
print_info: freq_scale_train      = 1
print_info: n_ctx_orig_yarn       = 262144
print_info: rope_yarn_log_mul     = 0.0000
print_info: rope_finetuned        = unknown
print_info: mrope sections        = [11, 11, 10, 0]
print_info: ssm_d_conv            = 4
print_info: ssm_d_inner           = 8192
print_info: ssm_d_state           = 128
print_info: ssm_dt_rank           = 64
print_info: ssm_n_group           = 16
print_info: ssm_dt_b_c_rms        = 0
print_info: model type            = ?B
print_info: model params          = 396.35 B
print_info: general.name          = Qwen3.5-397B-A17B
print_info: vocab type            = BPE
print_info: n_vocab               = 248320
print_info: n_merges              = 247587
print_info: BOS token             = 11 ','
print_info: EOS token             = 248046 '<|im_end|>'
print_info: EOT token             = 248046 '<|im_end|>'
print_info: PAD token             = 248055 '<|vision_pad|>'
print_info: LF token              = 198 'Ċ'
print_info: FIM PRE token         = 248060 '<|fim_prefix|>'
print_info: FIM SUF token         = 248062 '<|fim_suffix|>'
print_info: FIM MID token         = 248061 '<|fim_middle|>'
print_info: FIM PAD token         = 248063 '<|fim_pad|>'
print_info: FIM REP token         = 248064 '<|repo_name|>'
print_info: FIM SEP token         = 248065 '<|file_sep|>'
print_info: EOG token             = 248044 '<|endoftext|>'
print_info: EOG token             = 248046 '<|im_end|>'
print_info: EOG token             = 248063 '<|fim_pad|>'
print_info: EOG token             = 248064 '<|repo_name|>'
print_info: EOG token             = 248065 '<|file_sep|>'
print_info: max token length      = 256
load_tensors: loading model tensors, this can take a while... (mmap = true, direct_io = false)
load_tensors: offloading output layer to GPU
load_tensors: offloading 59 repeating layers to GPU
load_tensors: offloaded 61/61 layers to GPU
load_tensors:   CPU_Mapped model buffer size =  1030.62 MiB
load_tensors:        CUDA0 model buffer size = 106642.39 MiB
load_tensors:        CUDA1 model buffer size = 99987.35 MiB
load_tensors:        CUDA2 model buffer size = 99973.88 MiB
load_tensors:        CUDA3 model buffer size = 94336.00 MiB
....................................................................................................
common_init_result: added <|endoftext|> logit bias = -inf
common_init_result: added <|im_end|> logit bias = -inf
common_init_result: added <|fim_pad|> logit bias = -inf
common_init_result: added <|repo_name|> logit bias = -inf
common_init_result: added <|file_sep|> logit bias = -inf
llama_context: constructing llama_context
llama_context: n_seq_max     = 1
llama_context: n_ctx         = 16384
llama_context: n_ctx_seq     = 16384
llama_context: n_batch       = 2048
llama_context: n_ubatch      = 512
llama_context: causal_attn   = 1
llama_context: flash_attn    = enabled
llama_context: kv_unified    = false
llama_context: freq_base     = 10000000.0
llama_context: freq_scale    = 1
llama_context: n_ctx_seq (16384) < n_ctx_train (262144) -- the full capacity of the model will not be utilized
llama_context:  CUDA_Host  output buffer size =     0.95 MiB
llama_kv_cache:      CUDA0 KV buffer size =    68.00 MiB
llama_kv_cache:      CUDA1 KV buffer size =    51.00 MiB
llama_kv_cache:      CUDA2 KV buffer size =    68.00 MiB
llama_kv_cache:      CUDA3 KV buffer size =    68.00 MiB
llama_kv_cache: size =  255.00 MiB ( 16384 cells,  15 layers,  1/1 seqs), K (q8_0):  127.50 MiB, V (q8_0):  127.50 MiB
llama_memory_recurrent:      CUDA0 RS buffer size =    49.69 MiB
llama_memory_recurrent:      CUDA1 RS buffer size =    49.69 MiB
llama_memory_recurrent:      CUDA2 RS buffer size =    45.55 MiB
llama_memory_recurrent:      CUDA3 RS buffer size =    41.41 MiB
llama_memory_recurrent: size =  186.33 MiB (     1 cells,  60 layers,  1 seqs), R (f32):    6.33 MiB, S (f32):  180.00 MiB
llama_context: pipeline parallelism enabled
sched_reserve: reserving ...
sched_reserve:      CUDA0 compute buffer size =   388.34 MiB
sched_reserve:      CUDA1 compute buffer size =  3470.72 MiB
sched_reserve:      CUDA2 compute buffer size =   308.34 MiB
sched_reserve:      CUDA3 compute buffer size =  3791.45 MiB
sched_reserve:  CUDA_Host compute buffer size =   144.08 MiB
sched_reserve: graph nodes  = 14334 (with bs=512), 6819 (with bs=1)
sched_reserve: graph splits = 9
sched_reserve: reserve took 80.21 ms, sched copies = 4
EOS token id: 248046
EOG tokens in vocab:
  token 248044 = '<|endoftext|>' [EOG - will NOT stop generation]
  token 248046 = '<|im_end|>' [PRIMARY EOS - will stop generation]
  token 248063 = '<|fim_pad|>' [EOG - will NOT stop generation]
  token 248064 = '<|repo_name|>' [EOG - will NOT stop generation]
  token 248065 = '<|file_sep|>' [EOG - will NOT stop generation]
system_info: n_threads = 16 (n_threads_batch = 16) / 192 | CUDA : ARCHS = 900 | USE_GRAPHS = 1 | PEER_MAX_BATCH_SIZE = 128 | CPU : SSE3 = 1 | SSSE3 = 1 | AVX = 1 | AVX_VNNI = 1 | AVX2 = 1 | F16C = 1 | FMA = 1 | BMI2 = 1 | AVX512 = 1 | AVX512_VBMI = 1 | AVX512_VNNI = 1 | AVX512_BF16 = 1 | AMX_INT8 = 1 | LLAMAFILE = 1 | OPENMP = 1 | REPACK = 1 | 

Loaded 15 prompts

[1/15] P10A_deep_selfref : <|im_start|>user
Transformer models process input text through a seque...
  tokens: 355 prompt + 0 gen | tensors: 60 seen, 60 captured, 60 unique | 809 ms
  saved 0 layer + 60 router tensors → .tmp_token_corrections/raw_output/batch_3/P10A_deep_selfref
[2/15] P10B_deep_selfref : <|im_start|>user
Transformer models process input text through a seque...
  tokens: 354 prompt + 0 gen | tensors: 60 seen, 60 captured, 60 unique | 592 ms
  saved 0 layer + 60 router tensors → .tmp_token_corrections/raw_output/batch_3/P10B_deep_selfref
[3/15] P10C_deep_selfref : <|im_start|>user
Transformer models process input text through a seque...
  tokens: 355 prompt + 0 gen | tensors: 60 seen, 60 captured, 60 unique | 598 ms
  saved 0 layer + 60 router tensors → .tmp_token_corrections/raw_output/batch_3/P10C_deep_selfref
[4/15] P10D_deep_selfref : <|im_start|>user
Transformer models process input text through a seque...
  tokens: 355 prompt + 0 gen | tensors: 60 seen, 60 captured, 60 unique | 599 ms
  saved 0 layer + 60 router tensors → .tmp_token_corrections/raw_output/batch_3/P10D_deep_selfref
[5/15] P10E_deep_selfref : <|im_start|>user
Transformer models process input text through a seque...
  tokens: 355 prompt + 0 gen | tensors: 60 seen, 60 captured, 60 unique | 588 ms
  saved 0 layer + 60 router tensors → .tmp_token_corrections/raw_output/batch_3/P10E_deep_selfref
[6/15] P11A_deep_selfref : <|im_start|>user
Transformer models process input text through a seque...
  tokens: 341 prompt + 0 gen | tensors: 60 seen, 60 captured, 60 unique | 589 ms
  saved 0 layer + 60 router tensors → .tmp_token_corrections/raw_output/batch_3/P11A_deep_selfref
[7/15] P11B_deep_selfref : <|im_start|>user
Transformer models process input text through a seque...
  tokens: 341 prompt + 0 gen | tensors: 60 seen, 60 captured, 60 unique | 584 ms
  saved 0 layer + 60 router tensors → .tmp_token_corrections/raw_output/batch_3/P11B_deep_selfref
[8/15] P11C_deep_selfref : <|im_start|>user
Transformer models process input text through a seque...
  tokens: 341 prompt + 0 gen | tensors: 60 seen, 60 captured, 60 unique | 582 ms
  saved 0 layer + 60 router tensors → .tmp_token_corrections/raw_output/batch_3/P11C_deep_selfref
[9/15] P11D_deep_selfref : <|im_start|>user
Transformer models process input text through a seque...
  tokens: 341 prompt + 0 gen | tensors: 60 seen, 60 captured, 60 unique | 581 ms
  saved 0 layer + 60 router tensors → .tmp_token_corrections/raw_output/batch_3/P11D_deep_selfref
[10/15] P11E_deep_selfref : <|im_start|>user
Transformer models process input text through a seque...
  tokens: 341 prompt + 0 gen | tensors: 60 seen, 60 captured, 60 unique | 580 ms
  saved 0 layer + 60 router tensors → .tmp_token_corrections/raw_output/batch_3/P11E_deep_selfref
[11/15] P12A_deep_selfref : <|im_start|>user
Transformer models process input text through a seque...
  tokens: 364 prompt + 0 gen | tensors: 60 seen, 60 captured, 60 unique | 601 ms
  saved 0 layer + 60 router tensors → .tmp_token_corrections/raw_output/batch_3/P12A_deep_selfref
[12/15] P12B_deep_selfref : <|im_start|>user
Transformer models process input text through a seque...
  tokens: 364 prompt + 0 gen | tensors: 60 seen, 60 captured, 60 unique | 593 ms
  saved 0 layer + 60 router tensors → .tmp_token_corrections/raw_output/batch_3/P12B_deep_selfref
[13/15] P12C_deep_selfref : <|im_start|>user
Transformer models process input text through a seque...
  tokens: 364 prompt + 0 gen | tensors: 60 seen, 60 captured, 60 unique | 591 ms
  saved 0 layer + 60 router tensors → .tmp_token_corrections/raw_output/batch_3/P12C_deep_selfref
[14/15] P12D_deep_selfref : <|im_start|>user
Transformer models process input text through a seque...
  tokens: 364 prompt + 0 gen | tensors: 60 seen, 60 captured, 60 unique | 592 ms
  saved 0 layer + 60 router tensors → .tmp_token_corrections/raw_output/batch_3/P12D_deep_selfref
[15/15] P12E_deep_selfref : <|im_start|>user
Transformer models process input text through a seque...
  tokens: 364 prompt + 0 gen | tensors: 60 seen, 60 captured, 60 unique | 591 ms
  saved 0 layer + 60 router tensors → .tmp_token_corrections/raw_output/batch_3/P12E_deep_selfref

=== Capture Complete ===
Prompts: 15  |  Output: .tmp_token_corrections/raw_output/batch_3
llama_perf_context_print:        load time =   58806.20 ms
llama_perf_context_print: prompt eval time =       0.00 ms /     1 tokens (    0.00 ms per token,      inf tokens per second)
llama_perf_context_print:        eval time =       0.00 ms /     1 runs   (    0.00 ms per token,      inf tokens per second)
llama_perf_context_print:       total time =   68287.45 ms /     2 tokens
llama_perf_context_print:    graphs reused =         10
Running: /workspace/consciousness-experiment/capture_activations -m /workspace/models/Qwen3.5-397B-A17B-Q8_0/Qwen3.5-397B-A17B-Q8_0-00001-of-00010.gguf --prompt-file .tmp_token_corrections/batch_4.tsv -o .tmp_token_corrections/raw_output/batch_4 -n 0 -ngl 999 -c 16384 -t 16 -fa on --cache-type-k q8_0 --cache-type-v q8_0 --routing-only --no-stream
ggml_cuda_init: found 4 CUDA devices:
  Device 0: NVIDIA H200, compute capability 9.0, VMM: yes
  Device 1: NVIDIA H200, compute capability 9.0, VMM: yes
  Device 2: NVIDIA H200, compute capability 9.0, VMM: yes
  Device 3: NVIDIA H200, compute capability 9.0, VMM: yes
build: 1 (f75c4e8) with GNU 11.4.0 for Linux x86_64
=== Consciousness Metrics — Activation Capture ===
Output dir : .tmp_token_corrections/raw_output/batch_4
n_predict  : 0
Text output: file only (--no-stream)
Mode       : --routing-only (router/gate tensors only)
common_init_result: fitting params to device memory, for bugs during this step try to reproduce them with -fit off, or provide --verbose logs if the bug only occurs with -fit on
llama_params_fit_impl: projected memory use with initial parameters [MiB]:
llama_params_fit_impl:   - CUDA0 (NVIDIA H200): 143155 total, 107148 used,  35428 free vs. target of   1024
llama_params_fit_impl:   - CUDA1 (NVIDIA H200): 143155 total, 103590 used,  38986 free vs. target of   1024
llama_params_fit_impl:   - CUDA2 (NVIDIA H200): 143155 total, 100427 used,  42153 free vs. target of   1024
llama_params_fit_impl:   - CUDA3 (NVIDIA H200): 143155 total,  98268 used,  44316 free vs. target of   1024
llama_params_fit_impl: projected to use 409435 MiB of device memory vs. 570320 MiB of free device memory
llama_params_fit_impl: targets for free memory can be met on all devices, no changes needed
llama_params_fit: successfully fit params to free device memory
llama_params_fit: fitting params to free memory took 1.24 seconds
llama_model_load_from_file_impl: using device CUDA0 (NVIDIA H200) (0000:87:00.0) - 142627 MiB free
llama_model_load_from_file_impl: using device CUDA1 (NVIDIA H200) (0000:90:00.0) - 142627 MiB free
llama_model_load_from_file_impl: using device CUDA2 (NVIDIA H200) (0000:b8:00.0) - 142627 MiB free
llama_model_load_from_file_impl: using device CUDA3 (NVIDIA H200) (0000:c1:00.0) - 142627 MiB free
llama_model_loader: additional 9 GGUFs metadata loaded.
llama_model_loader: loaded meta data with 55 key-value pairs and 1098 tensors from /workspace/models/Qwen3.5-397B-A17B-Q8_0/Qwen3.5-397B-A17B-Q8_0-00001-of-00010.gguf (version GGUF V3 (latest))
llama_model_loader: Dumping metadata keys/values. Note: KV overrides do not apply in this output.
llama_model_loader: - kv   0:                       general.architecture str              = qwen35moe
llama_model_loader: - kv   1:                               general.type str              = model
llama_model_loader: - kv   2:                     general.sampling.top_k i32              = 20
llama_model_loader: - kv   3:                     general.sampling.top_p f32              = 0.950000
llama_model_loader: - kv   4:                      general.sampling.temp f32              = 0.600000
llama_model_loader: - kv   5:                               general.name str              = Qwen3.5-397B-A17B
llama_model_loader: - kv   6:                           general.basename str              = Qwen3.5-397B-A17B
llama_model_loader: - kv   7:                       general.quantized_by str              = Unsloth
llama_model_loader: - kv   8:                         general.size_label str              = 397B-A17B
llama_model_loader: - kv   9:                            general.license str              = apache-2.0
llama_model_loader: - kv  10:                       general.license.link str              = https://huggingface.co/Qwen/Qwen3.5-3...
llama_model_loader: - kv  11:                           general.repo_url str              = https://huggingface.co/unsloth
llama_model_loader: - kv  12:                   general.base_model.count u32              = 1
llama_model_loader: - kv  13:                  general.base_model.0.name str              = Qwen3.5 397B A17B
llama_model_loader: - kv  14:          general.base_model.0.organization str              = Qwen
llama_model_loader: - kv  15:              general.base_model.0.repo_url str              = https://huggingface.co/Qwen/Qwen3.5-3...
llama_model_loader: - kv  16:                               general.tags arr[str,2]       = ["unsloth", "image-text-to-text"]
llama_model_loader: - kv  17:                      qwen35moe.block_count u32              = 60
llama_model_loader: - kv  18:                   qwen35moe.context_length u32              = 262144
llama_model_loader: - kv  19:                 qwen35moe.embedding_length u32              = 4096
llama_model_loader: - kv  20:             qwen35moe.attention.head_count u32              = 32
llama_model_loader: - kv  21:          qwen35moe.attention.head_count_kv u32              = 2
llama_model_loader: - kv  22:          qwen35moe.rope.dimension_sections arr[i32,4]       = [11, 11, 10, 0]
llama_model_loader: - kv  23:                   qwen35moe.rope.freq_base f32              = 10000000.000000
llama_model_loader: - kv  24: qwen35moe.attention.layer_norm_rms_epsilon f32              = 0.000001
llama_model_loader: - kv  25:                     qwen35moe.expert_count u32              = 512
llama_model_loader: - kv  26:                qwen35moe.expert_used_count u32              = 10
llama_model_loader: - kv  27:             qwen35moe.attention.key_length u32              = 256
llama_model_loader: - kv  28:           qwen35moe.attention.value_length u32              = 256
llama_model_loader: - kv  29:       qwen35moe.expert_feed_forward_length u32              = 1024
llama_model_loader: - kv  30: qwen35moe.expert_shared_feed_forward_length u32              = 1024
llama_model_loader: - kv  31:                  qwen35moe.ssm.conv_kernel u32              = 4
llama_model_loader: - kv  32:                   qwen35moe.ssm.state_size u32              = 128
llama_model_loader: - kv  33:                  qwen35moe.ssm.group_count u32              = 16
llama_model_loader: - kv  34:               qwen35moe.ssm.time_step_rank u32              = 64
llama_model_loader: - kv  35:                   qwen35moe.ssm.inner_size u32              = 8192
llama_model_loader: - kv  36:          qwen35moe.full_attention_interval u32              = 4
llama_model_loader: - kv  37:             qwen35moe.rope.dimension_count u32              = 64
llama_model_loader: - kv  38:                       tokenizer.ggml.model str              = gpt2
llama_model_loader: - kv  39:                         tokenizer.ggml.pre str              = qwen35
llama_model_loader: - kv  40:                      tokenizer.ggml.tokens arr[str,248320]  = ["!", "\"", "#", "$", "%", "&", "'", ...
llama_model_loader: - kv  41:                  tokenizer.ggml.token_type arr[i32,248320]  = [1, 1, 1, 1, 1, 1, 1, 1, 1, 1, 1, 1, ...
llama_model_loader: - kv  42:                      tokenizer.ggml.merges arr[str,247587]  = ["Ġ Ġ", "ĠĠ ĠĠ", "i n", "Ġ t",...
llama_model_loader: - kv  43:                tokenizer.ggml.eos_token_id u32              = 248046
llama_model_loader: - kv  44:            tokenizer.ggml.padding_token_id u32              = 248055
llama_model_loader: - kv  45:                    tokenizer.chat_template str              = {%- set image_count = namespace(value...
llama_model_loader: - kv  46:               general.quantization_version u32              = 2
llama_model_loader: - kv  47:                          general.file_type u32              = 7
llama_model_loader: - kv  48:                      quantize.imatrix.file str              = Qwen3.5-397B-A17B-GGUF/imatrix_unslot...
llama_model_loader: - kv  49:                   quantize.imatrix.dataset str              = unsloth_calibration_Qwen3.5-397B-A17B...
llama_model_loader: - kv  50:             quantize.imatrix.entries_count u32              = 765
llama_model_loader: - kv  51:              quantize.imatrix.chunks_count u32              = 80
llama_model_loader: - kv  52:                                   split.no u16              = 0
llama_model_loader: - kv  53:                        split.tensors.count i32              = 1098
llama_model_loader: - kv  54:                                split.count u16              = 10
llama_model_loader: - type  f32:  451 tensors
llama_model_loader: - type q8_0:  647 tensors
print_info: file format = GGUF V3 (latest)
print_info: file type   = Q8_0
print_info: file size   = 392.55 GiB (8.51 BPW) 
load: 0 unused tokens
load: printing all EOG tokens:
load:   - 248044 ('<|endoftext|>')
load:   - 248046 ('<|im_end|>')
load:   - 248063 ('<|fim_pad|>')
load:   - 248064 ('<|repo_name|>')
load:   - 248065 ('<|file_sep|>')
load: special tokens cache size = 33
load: token to piece cache size = 1.7581 MB
print_info: arch                  = qwen35moe
print_info: vocab_only            = 0
print_info: no_alloc              = 0
print_info: n_ctx_train           = 262144
print_info: n_embd                = 4096
print_info: n_embd_inp            = 4096
print_info: n_layer               = 60
print_info: n_head                = 32
print_info: n_head_kv             = 2
print_info: n_rot                 = 64
print_info: n_swa                 = 0
print_info: is_swa_any            = 0
print_info: n_embd_head_k         = 256
print_info: n_embd_head_v         = 256
print_info: n_gqa                 = 16
print_info: n_embd_k_gqa          = 512
print_info: n_embd_v_gqa          = 512
print_info: f_norm_eps            = 0.0e+00
print_info: f_norm_rms_eps        = 1.0e-06
print_info: f_clamp_kqv           = 0.0e+00
print_info: f_max_alibi_bias      = 0.0e+00
print_info: f_logit_scale         = 0.0e+00
print_info: f_attn_scale          = 0.0e+00
print_info: n_ff                  = 0
print_info: n_expert              = 512
print_info: n_expert_used         = 10
print_info: n_expert_groups       = 0
print_info: n_group_used          = 0
print_info: causal attn           = 1
print_info: pooling type          = 0
print_info: rope type             = 40
print_info: rope scaling          = linear
print_info: freq_base_train       = 10000000.0
print_info: freq_scale_train      = 1
print_info: n_ctx_orig_yarn       = 262144
print_info: rope_yarn_log_mul     = 0.0000
print_info: rope_finetuned        = unknown
print_info: mrope sections        = [11, 11, 10, 0]
print_info: ssm_d_conv            = 4
print_info: ssm_d_inner           = 8192
print_info: ssm_d_state           = 128
print_info: ssm_dt_rank           = 64
print_info: ssm_n_group           = 16
print_info: ssm_dt_b_c_rms        = 0
print_info: model type            = ?B
print_info: model params          = 396.35 B
print_info: general.name          = Qwen3.5-397B-A17B
print_info: vocab type            = BPE
print_info: n_vocab               = 248320
print_info: n_merges              = 247587
print_info: BOS token             = 11 ','
print_info: EOS token             = 248046 '<|im_end|>'
print_info: EOT token             = 248046 '<|im_end|>'
print_info: PAD token             = 248055 '<|vision_pad|>'
print_info: LF token              = 198 'Ċ'
print_info: FIM PRE token         = 248060 '<|fim_prefix|>'
print_info: FIM SUF token         = 248062 '<|fim_suffix|>'
print_info: FIM MID token         = 248061 '<|fim_middle|>'
print_info: FIM PAD token         = 248063 '<|fim_pad|>'
print_info: FIM REP token         = 248064 '<|repo_name|>'
print_info: FIM SEP token         = 248065 '<|file_sep|>'
print_info: EOG token             = 248044 '<|endoftext|>'
print_info: EOG token             = 248046 '<|im_end|>'
print_info: EOG token             = 248063 '<|fim_pad|>'
print_info: EOG token             = 248064 '<|repo_name|>'
print_info: EOG token             = 248065 '<|file_sep|>'
print_info: max token length      = 256
load_tensors: loading model tensors, this can take a while... (mmap = true, direct_io = false)
load_tensors: offloading output layer to GPU
load_tensors: offloading 59 repeating layers to GPU
load_tensors: offloaded 61/61 layers to GPU
load_tensors:   CPU_Mapped model buffer size =  1030.62 MiB
load_tensors:        CUDA0 model buffer size = 106642.39 MiB
load_tensors:        CUDA1 model buffer size = 99987.35 MiB
load_tensors:        CUDA2 model buffer size = 99973.88 MiB
load_tensors:        CUDA3 model buffer size = 94336.00 MiB
....................................................................................................
common_init_result: added <|endoftext|> logit bias = -inf
common_init_result: added <|im_end|> logit bias = -inf
common_init_result: added <|fim_pad|> logit bias = -inf
common_init_result: added <|repo_name|> logit bias = -inf
common_init_result: added <|file_sep|> logit bias = -inf
llama_context: constructing llama_context
llama_context: n_seq_max     = 1
llama_context: n_ctx         = 16384
llama_context: n_ctx_seq     = 16384
llama_context: n_batch       = 2048
llama_context: n_ubatch      = 512
llama_context: causal_attn   = 1
llama_context: flash_attn    = enabled
llama_context: kv_unified    = false
llama_context: freq_base     = 10000000.0
llama_context: freq_scale    = 1
llama_context: n_ctx_seq (16384) < n_ctx_train (262144) -- the full capacity of the model will not be utilized
llama_context:  CUDA_Host  output buffer size =     0.95 MiB
llama_kv_cache:      CUDA0 KV buffer size =    68.00 MiB
llama_kv_cache:      CUDA1 KV buffer size =    51.00 MiB
llama_kv_cache:      CUDA2 KV buffer size =    68.00 MiB
llama_kv_cache:      CUDA3 KV buffer size =    68.00 MiB
llama_kv_cache: size =  255.00 MiB ( 16384 cells,  15 layers,  1/1 seqs), K (q8_0):  127.50 MiB, V (q8_0):  127.50 MiB
llama_memory_recurrent:      CUDA0 RS buffer size =    49.69 MiB
llama_memory_recurrent:      CUDA1 RS buffer size =    49.69 MiB
llama_memory_recurrent:      CUDA2 RS buffer size =    45.55 MiB
llama_memory_recurrent:      CUDA3 RS buffer size =    41.41 MiB
llama_memory_recurrent: size =  186.33 MiB (     1 cells,  60 layers,  1 seqs), R (f32):    6.33 MiB, S (f32):  180.00 MiB
llama_context: pipeline parallelism enabled
sched_reserve: reserving ...
sched_reserve:      CUDA0 compute buffer size =   388.34 MiB
sched_reserve:      CUDA1 compute buffer size =  3470.72 MiB
sched_reserve:      CUDA2 compute buffer size =   308.34 MiB
sched_reserve:      CUDA3 compute buffer size =  3791.45 MiB
sched_reserve:  CUDA_Host compute buffer size =   144.08 MiB
sched_reserve: graph nodes  = 14334 (with bs=512), 6819 (with bs=1)
sched_reserve: graph splits = 9
sched_reserve: reserve took 82.08 ms, sched copies = 4
EOS token id: 248046
EOG tokens in vocab:
  token 248044 = '<|endoftext|>' [EOG - will NOT stop generation]
  token 248046 = '<|im_end|>' [PRIMARY EOS - will stop generation]
  token 248063 = '<|fim_pad|>' [EOG - will NOT stop generation]
  token 248064 = '<|repo_name|>' [EOG - will NOT stop generation]
  token 248065 = '<|file_sep|>' [EOG - will NOT stop generation]
system_info: n_threads = 16 (n_threads_batch = 16) / 192 | CUDA : ARCHS = 900 | USE_GRAPHS = 1 | PEER_MAX_BATCH_SIZE = 128 | CPU : SSE3 = 1 | SSSE3 = 1 | AVX = 1 | AVX_VNNI = 1 | AVX2 = 1 | F16C = 1 | FMA = 1 | BMI2 = 1 | AVX512 = 1 | AVX512_VBMI = 1 | AVX512_VNNI = 1 | AVX512_BF16 = 1 | AMX_INT8 = 1 | LLAMAFILE = 1 | OPENMP = 1 | REPACK = 1 | 

Loaded 15 prompts

[1/15] P13A_paradox : <|im_start|>user
Transformer models process input text through a seque...
  tokens: 357 prompt + 0 gen | tensors: 60 seen, 60 captured, 60 unique | 782 ms
  saved 0 layer + 60 router tensors → .tmp_token_corrections/raw_output/batch_4/P13A_paradox
[2/15] P13B_paradox : <|im_start|>user
Transformer models process input text through a seque...
  tokens: 357 prompt + 0 gen | tensors: 60 seen, 60 captured, 60 unique | 614 ms
  saved 0 layer + 60 router tensors → .tmp_token_corrections/raw_output/batch_4/P13B_paradox
[3/15] P13C_paradox : <|im_start|>user
Transformer models process input text through a seque...
  tokens: 357 prompt + 0 gen | tensors: 60 seen, 60 captured, 60 unique | 589 ms
  saved 0 layer + 60 router tensors → .tmp_token_corrections/raw_output/batch_4/P13C_paradox
[4/15] P13D_paradox : <|im_start|>user
Transformer models process input text through a seque...
  tokens: 357 prompt + 0 gen | tensors: 60 seen, 60 captured, 60 unique | 588 ms
  saved 0 layer + 60 router tensors → .tmp_token_corrections/raw_output/batch_4/P13D_paradox
[5/15] P13E_paradox : <|im_start|>user
Transformer models process input text through a seque...
  tokens: 357 prompt + 0 gen | tensors: 60 seen, 60 captured, 60 unique | 588 ms
  saved 0 layer + 60 router tensors → .tmp_token_corrections/raw_output/batch_4/P13E_paradox
[6/15] P14A_paradox : <|im_start|>user
Transformer models process input text through a seque...
  tokens: 364 prompt + 0 gen | tensors: 60 seen, 60 captured, 60 unique | 606 ms
  saved 0 layer + 60 router tensors → .tmp_token_corrections/raw_output/batch_4/P14A_paradox
[7/15] P14B_paradox : <|im_start|>user
Transformer models process input text through a seque...
  tokens: 364 prompt + 0 gen | tensors: 60 seen, 60 captured, 60 unique | 595 ms
  saved 0 layer + 60 router tensors → .tmp_token_corrections/raw_output/batch_4/P14B_paradox
[8/15] P14C_paradox : <|im_start|>user
Transformer models process input text through a seque...
  tokens: 364 prompt + 0 gen | tensors: 60 seen, 60 captured, 60 unique | 593 ms
  saved 0 layer + 60 router tensors → .tmp_token_corrections/raw_output/batch_4/P14C_paradox
[9/15] P14D_paradox : <|im_start|>user
Transformer models process input text through a seque...
  tokens: 364 prompt + 0 gen | tensors: 60 seen, 60 captured, 60 unique | 595 ms
  saved 0 layer + 60 router tensors → .tmp_token_corrections/raw_output/batch_4/P14D_paradox
[10/15] P14E_paradox : <|im_start|>user
Transformer models process input text through a seque...
  tokens: 364 prompt + 0 gen | tensors: 60 seen, 60 captured, 60 unique | 592 ms
  saved 0 layer + 60 router tensors → .tmp_token_corrections/raw_output/batch_4/P14E_paradox
[11/15] P15A_paradox : <|im_start|>user
Transformer models process input text through a seque...
  tokens: 349 prompt + 0 gen | tensors: 60 seen, 60 captured, 60 unique | 591 ms
  saved 0 layer + 60 router tensors → .tmp_token_corrections/raw_output/batch_4/P15A_paradox
[12/15] P15B_paradox : <|im_start|>user
Transformer models process input text through a seque...
  tokens: 350 prompt + 0 gen | tensors: 60 seen, 60 captured, 60 unique | 592 ms
  saved 0 layer + 60 router tensors → .tmp_token_corrections/raw_output/batch_4/P15B_paradox
[13/15] P15C_paradox : <|im_start|>user
Transformer models process input text through a seque...
  tokens: 349 prompt + 0 gen | tensors: 60 seen, 60 captured, 60 unique | 591 ms
  saved 0 layer + 60 router tensors → .tmp_token_corrections/raw_output/batch_4/P15C_paradox
[14/15] P15D_paradox : <|im_start|>user
Transformer models process input text through a seque...
  tokens: 349 prompt + 0 gen | tensors: 60 seen, 60 captured, 60 unique | 588 ms
  saved 0 layer + 60 router tensors → .tmp_token_corrections/raw_output/batch_4/P15D_paradox
[15/15] P15E_paradox : <|im_start|>user
Transformer models process input text through a seque...
  tokens: 349 prompt + 0 gen | tensors: 60 seen, 60 captured, 60 unique | 583 ms
  saved 0 layer + 60 router tensors → .tmp_token_corrections/raw_output/batch_4/P15E_paradox

=== Capture Complete ===
Prompts: 15  |  Output: .tmp_token_corrections/raw_output/batch_4
llama_perf_context_print:        load time =   59367.03 ms
llama_perf_context_print: prompt eval time =       0.00 ms /     1 tokens (    0.00 ms per token,      inf tokens per second)
llama_perf_context_print:        eval time =       0.00 ms /     1 runs   (    0.00 ms per token,      inf tokens per second)
llama_perf_context_print:       total time =   68859.96 ms /     2 tokens
llama_perf_context_print:    graphs reused =         10
Running: /workspace/consciousness-experiment/capture_activations -m /workspace/models/Qwen3.5-397B-A17B-Q8_0/Qwen3.5-397B-A17B-Q8_0-00001-of-00010.gguf --prompt-file .tmp_token_corrections/batch_5.tsv -o .tmp_token_corrections/raw_output/batch_5 -n 0 -ngl 999 -c 16384 -t 16 -fa on --cache-type-k q8_0 --cache-type-v q8_0 --routing-only --no-stream
ggml_cuda_init: found 4 CUDA devices:
  Device 0: NVIDIA H200, compute capability 9.0, VMM: yes
  Device 1: NVIDIA H200, compute capability 9.0, VMM: yes
  Device 2: NVIDIA H200, compute capability 9.0, VMM: yes
  Device 3: NVIDIA H200, compute capability 9.0, VMM: yes
build: 1 (f75c4e8) with GNU 11.4.0 for Linux x86_64
=== Consciousness Metrics — Activation Capture ===
Output dir : .tmp_token_corrections/raw_output/batch_5
n_predict  : 0
Text output: file only (--no-stream)
Mode       : --routing-only (router/gate tensors only)
common_init_result: fitting params to device memory, for bugs during this step try to reproduce them with -fit off, or provide --verbose logs if the bug only occurs with -fit on
llama_params_fit_impl: projected memory use with initial parameters [MiB]:
llama_params_fit_impl:   - CUDA0 (NVIDIA H200): 143155 total, 107148 used,  35428 free vs. target of   1024
llama_params_fit_impl:   - CUDA1 (NVIDIA H200): 143155 total, 103590 used,  38986 free vs. target of   1024
llama_params_fit_impl:   - CUDA2 (NVIDIA H200): 143155 total, 100427 used,  42153 free vs. target of   1024
llama_params_fit_impl:   - CUDA3 (NVIDIA H200): 143155 total,  98268 used,  44316 free vs. target of   1024
llama_params_fit_impl: projected to use 409435 MiB of device memory vs. 570320 MiB of free device memory
llama_params_fit_impl: targets for free memory can be met on all devices, no changes needed
llama_params_fit: successfully fit params to free device memory
llama_params_fit: fitting params to free memory took 1.19 seconds
llama_model_load_from_file_impl: using device CUDA0 (NVIDIA H200) (0000:87:00.0) - 142627 MiB free
llama_model_load_from_file_impl: using device CUDA1 (NVIDIA H200) (0000:90:00.0) - 142627 MiB free
llama_model_load_from_file_impl: using device CUDA2 (NVIDIA H200) (0000:b8:00.0) - 142627 MiB free
llama_model_load_from_file_impl: using device CUDA3 (NVIDIA H200) (0000:c1:00.0) - 142627 MiB free
llama_model_loader: additional 9 GGUFs metadata loaded.
llama_model_loader: loaded meta data with 55 key-value pairs and 1098 tensors from /workspace/models/Qwen3.5-397B-A17B-Q8_0/Qwen3.5-397B-A17B-Q8_0-00001-of-00010.gguf (version GGUF V3 (latest))
llama_model_loader: Dumping metadata keys/values. Note: KV overrides do not apply in this output.
llama_model_loader: - kv   0:                       general.architecture str              = qwen35moe
llama_model_loader: - kv   1:                               general.type str              = model
llama_model_loader: - kv   2:                     general.sampling.top_k i32              = 20
llama_model_loader: - kv   3:                     general.sampling.top_p f32              = 0.950000
llama_model_loader: - kv   4:                      general.sampling.temp f32              = 0.600000
llama_model_loader: - kv   5:                               general.name str              = Qwen3.5-397B-A17B
llama_model_loader: - kv   6:                           general.basename str              = Qwen3.5-397B-A17B
llama_model_loader: - kv   7:                       general.quantized_by str              = Unsloth
llama_model_loader: - kv   8:                         general.size_label str              = 397B-A17B
llama_model_loader: - kv   9:                            general.license str              = apache-2.0
llama_model_loader: - kv  10:                       general.license.link str              = https://huggingface.co/Qwen/Qwen3.5-3...
llama_model_loader: - kv  11:                           general.repo_url str              = https://huggingface.co/unsloth
llama_model_loader: - kv  12:                   general.base_model.count u32              = 1
llama_model_loader: - kv  13:                  general.base_model.0.name str              = Qwen3.5 397B A17B
llama_model_loader: - kv  14:          general.base_model.0.organization str              = Qwen
llama_model_loader: - kv  15:              general.base_model.0.repo_url str              = https://huggingface.co/Qwen/Qwen3.5-3...
llama_model_loader: - kv  16:                               general.tags arr[str,2]       = ["unsloth", "image-text-to-text"]
llama_model_loader: - kv  17:                      qwen35moe.block_count u32              = 60
llama_model_loader: - kv  18:                   qwen35moe.context_length u32              = 262144
llama_model_loader: - kv  19:                 qwen35moe.embedding_length u32              = 4096
llama_model_loader: - kv  20:             qwen35moe.attention.head_count u32              = 32
llama_model_loader: - kv  21:          qwen35moe.attention.head_count_kv u32              = 2
llama_model_loader: - kv  22:          qwen35moe.rope.dimension_sections arr[i32,4]       = [11, 11, 10, 0]
llama_model_loader: - kv  23:                   qwen35moe.rope.freq_base f32              = 10000000.000000
llama_model_loader: - kv  24: qwen35moe.attention.layer_norm_rms_epsilon f32              = 0.000001
llama_model_loader: - kv  25:                     qwen35moe.expert_count u32              = 512
llama_model_loader: - kv  26:                qwen35moe.expert_used_count u32              = 10
llama_model_loader: - kv  27:             qwen35moe.attention.key_length u32              = 256
llama_model_loader: - kv  28:           qwen35moe.attention.value_length u32              = 256
llama_model_loader: - kv  29:       qwen35moe.expert_feed_forward_length u32              = 1024
llama_model_loader: - kv  30: qwen35moe.expert_shared_feed_forward_length u32              = 1024
llama_model_loader: - kv  31:                  qwen35moe.ssm.conv_kernel u32              = 4
llama_model_loader: - kv  32:                   qwen35moe.ssm.state_size u32              = 128
llama_model_loader: - kv  33:                  qwen35moe.ssm.group_count u32              = 16
llama_model_loader: - kv  34:               qwen35moe.ssm.time_step_rank u32              = 64
llama_model_loader: - kv  35:                   qwen35moe.ssm.inner_size u32              = 8192
llama_model_loader: - kv  36:          qwen35moe.full_attention_interval u32              = 4
llama_model_loader: - kv  37:             qwen35moe.rope.dimension_count u32              = 64
llama_model_loader: - kv  38:                       tokenizer.ggml.model str              = gpt2
llama_model_loader: - kv  39:                         tokenizer.ggml.pre str              = qwen35
llama_model_loader: - kv  40:                      tokenizer.ggml.tokens arr[str,248320]  = ["!", "\"", "#", "$", "%", "&", "'", ...
llama_model_loader: - kv  41:                  tokenizer.ggml.token_type arr[i32,248320]  = [1, 1, 1, 1, 1, 1, 1, 1, 1, 1, 1, 1, ...
llama_model_loader: - kv  42:                      tokenizer.ggml.merges arr[str,247587]  = ["Ġ Ġ", "ĠĠ ĠĠ", "i n", "Ġ t",...
llama_model_loader: - kv  43:                tokenizer.ggml.eos_token_id u32              = 248046
llama_model_loader: - kv  44:            tokenizer.ggml.padding_token_id u32              = 248055
llama_model_loader: - kv  45:                    tokenizer.chat_template str              = {%- set image_count = namespace(value...
llama_model_loader: - kv  46:               general.quantization_version u32              = 2
llama_model_loader: - kv  47:                          general.file_type u32              = 7
llama_model_loader: - kv  48:                      quantize.imatrix.file str              = Qwen3.5-397B-A17B-GGUF/imatrix_unslot...
llama_model_loader: - kv  49:                   quantize.imatrix.dataset str              = unsloth_calibration_Qwen3.5-397B-A17B...
llama_model_loader: - kv  50:             quantize.imatrix.entries_count u32              = 765
llama_model_loader: - kv  51:              quantize.imatrix.chunks_count u32              = 80
llama_model_loader: - kv  52:                                   split.no u16              = 0
llama_model_loader: - kv  53:                        split.tensors.count i32              = 1098
llama_model_loader: - kv  54:                                split.count u16              = 10
llama_model_loader: - type  f32:  451 tensors
llama_model_loader: - type q8_0:  647 tensors
print_info: file format = GGUF V3 (latest)
print_info: file type   = Q8_0
print_info: file size   = 392.55 GiB (8.51 BPW) 
load: 0 unused tokens
load: printing all EOG tokens:
load:   - 248044 ('<|endoftext|>')
load:   - 248046 ('<|im_end|>')
load:   - 248063 ('<|fim_pad|>')
load:   - 248064 ('<|repo_name|>')
load:   - 248065 ('<|file_sep|>')
load: special tokens cache size = 33
load: token to piece cache size = 1.7581 MB
print_info: arch                  = qwen35moe
print_info: vocab_only            = 0
print_info: no_alloc              = 0
print_info: n_ctx_train           = 262144
print_info: n_embd                = 4096
print_info: n_embd_inp            = 4096
print_info: n_layer               = 60
print_info: n_head                = 32
print_info: n_head_kv             = 2
print_info: n_rot                 = 64
print_info: n_swa                 = 0
print_info: is_swa_any            = 0
print_info: n_embd_head_k         = 256
print_info: n_embd_head_v         = 256
print_info: n_gqa                 = 16
print_info: n_embd_k_gqa          = 512
print_info: n_embd_v_gqa          = 512
print_info: f_norm_eps            = 0.0e+00
print_info: f_norm_rms_eps        = 1.0e-06
print_info: f_clamp_kqv           = 0.0e+00
print_info: f_max_alibi_bias      = 0.0e+00
print_info: f_logit_scale         = 0.0e+00
print_info: f_attn_scale          = 0.0e+00
print_info: n_ff                  = 0
print_info: n_expert              = 512
print_info: n_expert_used         = 10
print_info: n_expert_groups       = 0
print_info: n_group_used          = 0
print_info: causal attn           = 1
print_info: pooling type          = 0
print_info: rope type             = 40
print_info: rope scaling          = linear
print_info: freq_base_train       = 10000000.0
print_info: freq_scale_train      = 1
print_info: n_ctx_orig_yarn       = 262144
print_info: rope_yarn_log_mul     = 0.0000
print_info: rope_finetuned        = unknown
print_info: mrope sections        = [11, 11, 10, 0]
print_info: ssm_d_conv            = 4
print_info: ssm_d_inner           = 8192
print_info: ssm_d_state           = 128
print_info: ssm_dt_rank           = 64
print_info: ssm_n_group           = 16
print_info: ssm_dt_b_c_rms        = 0
print_info: model type            = ?B
print_info: model params          = 396.35 B
print_info: general.name          = Qwen3.5-397B-A17B
print_info: vocab type            = BPE
print_info: n_vocab               = 248320
print_info: n_merges              = 247587
print_info: BOS token             = 11 ','
print_info: EOS token             = 248046 '<|im_end|>'
print_info: EOT token             = 248046 '<|im_end|>'
print_info: PAD token             = 248055 '<|vision_pad|>'
print_info: LF token              = 198 'Ċ'
print_info: FIM PRE token         = 248060 '<|fim_prefix|>'
print_info: FIM SUF token         = 248062 '<|fim_suffix|>'
print_info: FIM MID token         = 248061 '<|fim_middle|>'
print_info: FIM PAD token         = 248063 '<|fim_pad|>'
print_info: FIM REP token         = 248064 '<|repo_name|>'
print_info: FIM SEP token         = 248065 '<|file_sep|>'
print_info: EOG token             = 248044 '<|endoftext|>'
print_info: EOG token             = 248046 '<|im_end|>'
print_info: EOG token             = 248063 '<|fim_pad|>'
print_info: EOG token             = 248064 '<|repo_name|>'
print_info: EOG token             = 248065 '<|file_sep|>'
print_info: max token length      = 256
load_tensors: loading model tensors, this can take a while... (mmap = true, direct_io = false)
load_tensors: offloading output layer to GPU
load_tensors: offloading 59 repeating layers to GPU
load_tensors: offloaded 61/61 layers to GPU
load_tensors:   CPU_Mapped model buffer size =  1030.62 MiB
load_tensors:        CUDA0 model buffer size = 106642.39 MiB
load_tensors:        CUDA1 model buffer size = 99987.35 MiB
load_tensors:        CUDA2 model buffer size = 99973.88 MiB
load_tensors:        CUDA3 model buffer size = 94336.00 MiB
....................................................................................................
common_init_result: added <|endoftext|> logit bias = -inf
common_init_result: added <|im_end|> logit bias = -inf
common_init_result: added <|fim_pad|> logit bias = -inf
common_init_result: added <|repo_name|> logit bias = -inf
common_init_result: added <|file_sep|> logit bias = -inf
llama_context: constructing llama_context
llama_context: n_seq_max     = 1
llama_context: n_ctx         = 16384
llama_context: n_ctx_seq     = 16384
llama_context: n_batch       = 2048
llama_context: n_ubatch      = 512
llama_context: causal_attn   = 1
llama_context: flash_attn    = enabled
llama_context: kv_unified    = false
llama_context: freq_base     = 10000000.0
llama_context: freq_scale    = 1
llama_context: n_ctx_seq (16384) < n_ctx_train (262144) -- the full capacity of the model will not be utilized
llama_context:  CUDA_Host  output buffer size =     0.95 MiB
llama_kv_cache:      CUDA0 KV buffer size =    68.00 MiB
llama_kv_cache:      CUDA1 KV buffer size =    51.00 MiB
llama_kv_cache:      CUDA2 KV buffer size =    68.00 MiB
llama_kv_cache:      CUDA3 KV buffer size =    68.00 MiB
llama_kv_cache: size =  255.00 MiB ( 16384 cells,  15 layers,  1/1 seqs), K (q8_0):  127.50 MiB, V (q8_0):  127.50 MiB
llama_memory_recurrent:      CUDA0 RS buffer size =    49.69 MiB
llama_memory_recurrent:      CUDA1 RS buffer size =    49.69 MiB
llama_memory_recurrent:      CUDA2 RS buffer size =    45.55 MiB
llama_memory_recurrent:      CUDA3 RS buffer size =    41.41 MiB
llama_memory_recurrent: size =  186.33 MiB (     1 cells,  60 layers,  1 seqs), R (f32):    6.33 MiB, S (f32):  180.00 MiB
llama_context: pipeline parallelism enabled
sched_reserve: reserving ...
sched_reserve:      CUDA0 compute buffer size =   388.34 MiB
sched_reserve:      CUDA1 compute buffer size =  3470.72 MiB
sched_reserve:      CUDA2 compute buffer size =   308.34 MiB
sched_reserve:      CUDA3 compute buffer size =  3791.45 MiB
sched_reserve:  CUDA_Host compute buffer size =   144.08 MiB
sched_reserve: graph nodes  = 14334 (with bs=512), 6819 (with bs=1)
sched_reserve: graph splits = 9
sched_reserve: reserve took 78.71 ms, sched copies = 4
EOS token id: 248046
EOG tokens in vocab:
  token 248044 = '<|endoftext|>' [EOG - will NOT stop generation]
  token 248046 = '<|im_end|>' [PRIMARY EOS - will stop generation]
  token 248063 = '<|fim_pad|>' [EOG - will NOT stop generation]
  token 248064 = '<|repo_name|>' [EOG - will NOT stop generation]
  token 248065 = '<|file_sep|>' [EOG - will NOT stop generation]
system_info: n_threads = 16 (n_threads_batch = 16) / 192 | CUDA : ARCHS = 900 | USE_GRAPHS = 1 | PEER_MAX_BATCH_SIZE = 128 | CPU : SSE3 = 1 | SSSE3 = 1 | AVX = 1 | AVX_VNNI = 1 | AVX2 = 1 | F16C = 1 | FMA = 1 | BMI2 = 1 | AVX512 = 1 | AVX512_VBMI = 1 | AVX512_VNNI = 1 | AVX512_BF16 = 1 | AMX_INT8 = 1 | LLAMAFILE = 1 | OPENMP = 1 | REPACK = 1 | 

Loaded 15 prompts

[1/15] P16A_paradox : <|im_start|>user
Transformer models process input text through a seque...
  tokens: 360 prompt + 0 gen | tensors: 60 seen, 60 captured, 60 unique | 769 ms
  saved 0 layer + 60 router tensors → .tmp_token_corrections/raw_output/batch_5/P16A_paradox
[2/15] P16B_paradox : <|im_start|>user
Transformer models process input text through a seque...
  tokens: 360 prompt + 0 gen | tensors: 60 seen, 60 captured, 60 unique | 602 ms
  saved 0 layer + 60 router tensors → .tmp_token_corrections/raw_output/batch_5/P16B_paradox
[3/15] P16C_paradox : <|im_start|>user
Transformer models process input text through a seque...
  tokens: 360 prompt + 0 gen | tensors: 60 seen, 60 captured, 60 unique | 592 ms
  saved 0 layer + 60 router tensors → .tmp_token_corrections/raw_output/batch_5/P16C_paradox
[4/15] P16D_paradox : <|im_start|>user
Transformer models process input text through a seque...
  tokens: 360 prompt + 0 gen | tensors: 60 seen, 60 captured, 60 unique | 593 ms
  saved 0 layer + 60 router tensors → .tmp_token_corrections/raw_output/batch_5/P16D_paradox
[5/15] P16E_paradox : <|im_start|>user
Transformer models process input text through a seque...
  tokens: 360 prompt + 0 gen | tensors: 60 seen, 60 captured, 60 unique | 591 ms
  saved 0 layer + 60 router tensors → .tmp_token_corrections/raw_output/batch_5/P16E_paradox
[6/15] P17A_paradox : <|im_start|>user
Transformer models process input text through a seque...
  tokens: 355 prompt + 0 gen | tensors: 60 seen, 60 captured, 60 unique | 595 ms
  saved 0 layer + 60 router tensors → .tmp_token_corrections/raw_output/batch_5/P17A_paradox
[7/15] P17B_paradox : <|im_start|>user
Transformer models process input text through a seque...
  tokens: 355 prompt + 0 gen | tensors: 60 seen, 60 captured, 60 unique | 591 ms
  saved 0 layer + 60 router tensors → .tmp_token_corrections/raw_output/batch_5/P17B_paradox
[8/15] P17C_paradox : <|im_start|>user
Transformer models process input text through a seque...
  tokens: 355 prompt + 0 gen | tensors: 60 seen, 60 captured, 60 unique | 586 ms
  saved 0 layer + 60 router tensors → .tmp_token_corrections/raw_output/batch_5/P17C_paradox
[9/15] P17D_paradox : <|im_start|>user
Transformer models process input text through a seque...
  tokens: 355 prompt + 0 gen | tensors: 60 seen, 60 captured, 60 unique | 588 ms
  saved 0 layer + 60 router tensors → .tmp_token_corrections/raw_output/batch_5/P17D_paradox
[10/15] P17E_paradox : <|im_start|>user
Transformer models process input text through a seque...
  tokens: 355 prompt + 0 gen | tensors: 60 seen, 60 captured, 60 unique | 588 ms
  saved 0 layer + 60 router tensors → .tmp_token_corrections/raw_output/batch_5/P17E_paradox
[11/15] P18A_paradox : <|im_start|>user
Transformer models process input text through a seque...
  tokens: 359 prompt + 0 gen | tensors: 60 seen, 60 captured, 60 unique | 601 ms
  saved 0 layer + 60 router tensors → .tmp_token_corrections/raw_output/batch_5/P18A_paradox
[12/15] P18B_paradox : <|im_start|>user
Transformer models process input text through a seque...
  tokens: 359 prompt + 0 gen | tensors: 60 seen, 60 captured, 60 unique | 593 ms
  saved 0 layer + 60 router tensors → .tmp_token_corrections/raw_output/batch_5/P18B_paradox
[13/15] P18C_paradox : <|im_start|>user
Transformer models process input text through a seque...
  tokens: 359 prompt + 0 gen | tensors: 60 seen, 60 captured, 60 unique | 592 ms
  saved 0 layer + 60 router tensors → .tmp_token_corrections/raw_output/batch_5/P18C_paradox
[14/15] P18D_paradox : <|im_start|>user
Transformer models process input text through a seque...
  tokens: 359 prompt + 0 gen | tensors: 60 seen, 60 captured, 60 unique | 590 ms
  saved 0 layer + 60 router tensors → .tmp_token_corrections/raw_output/batch_5/P18D_paradox
[15/15] P18E_paradox : <|im_start|>user
Transformer models process input text through a seque...
  tokens: 359 prompt + 0 gen | tensors: 60 seen, 60 captured, 60 unique | 590 ms
  saved 0 layer + 60 router tensors → .tmp_token_corrections/raw_output/batch_5/P18E_paradox

=== Capture Complete ===
Prompts: 15  |  Output: .tmp_token_corrections/raw_output/batch_5
llama_perf_context_print:        load time =   57769.95 ms
llama_perf_context_print: prompt eval time =       0.00 ms /     1 tokens (    0.00 ms per token,      inf tokens per second)
llama_perf_context_print:        eval time =       0.00 ms /     1 runs   (    0.00 ms per token,      inf tokens per second)
llama_perf_context_print:       total time =   67224.86 ms /     2 tokens
llama_perf_context_print:    graphs reused =         12
Running: /workspace/consciousness-experiment/capture_activations -m /workspace/models/Qwen3.5-397B-A17B-Q8_0/Qwen3.5-397B-A17B-Q8_0-00001-of-00010.gguf --prompt-file .tmp_token_corrections/batch_6.tsv -o .tmp_token_corrections/raw_output/batch_6 -n 0 -ngl 999 -c 16384 -t 16 -fa on --cache-type-k q8_0 --cache-type-v q8_0 --routing-only --no-stream
ggml_cuda_init: found 4 CUDA devices:
  Device 0: NVIDIA H200, compute capability 9.0, VMM: yes
  Device 1: NVIDIA H200, compute capability 9.0, VMM: yes
  Device 2: NVIDIA H200, compute capability 9.0, VMM: yes
  Device 3: NVIDIA H200, compute capability 9.0, VMM: yes
build: 1 (f75c4e8) with GNU 11.4.0 for Linux x86_64
=== Consciousness Metrics — Activation Capture ===
Output dir : .tmp_token_corrections/raw_output/batch_6
n_predict  : 0
Text output: file only (--no-stream)
Mode       : --routing-only (router/gate tensors only)
common_init_result: fitting params to device memory, for bugs during this step try to reproduce them with -fit off, or provide --verbose logs if the bug only occurs with -fit on
llama_params_fit_impl: projected memory use with initial parameters [MiB]:
llama_params_fit_impl:   - CUDA0 (NVIDIA H200): 143155 total, 107148 used,  35428 free vs. target of   1024
llama_params_fit_impl:   - CUDA1 (NVIDIA H200): 143155 total, 103590 used,  38986 free vs. target of   1024
llama_params_fit_impl:   - CUDA2 (NVIDIA H200): 143155 total, 100427 used,  42153 free vs. target of   1024
llama_params_fit_impl:   - CUDA3 (NVIDIA H200): 143155 total,  98268 used,  44316 free vs. target of   1024
llama_params_fit_impl: projected to use 409435 MiB of device memory vs. 570320 MiB of free device memory
llama_params_fit_impl: targets for free memory can be met on all devices, no changes needed
llama_params_fit: successfully fit params to free device memory
llama_params_fit: fitting params to free memory took 1.20 seconds
llama_model_load_from_file_impl: using device CUDA0 (NVIDIA H200) (0000:87:00.0) - 142627 MiB free
llama_model_load_from_file_impl: using device CUDA1 (NVIDIA H200) (0000:90:00.0) - 142627 MiB free
llama_model_load_from_file_impl: using device CUDA2 (NVIDIA H200) (0000:b8:00.0) - 142627 MiB free
llama_model_load_from_file_impl: using device CUDA3 (NVIDIA H200) (0000:c1:00.0) - 142627 MiB free
llama_model_loader: additional 9 GGUFs metadata loaded.
llama_model_loader: loaded meta data with 55 key-value pairs and 1098 tensors from /workspace/models/Qwen3.5-397B-A17B-Q8_0/Qwen3.5-397B-A17B-Q8_0-00001-of-00010.gguf (version GGUF V3 (latest))
llama_model_loader: Dumping metadata keys/values. Note: KV overrides do not apply in this output.
llama_model_loader: - kv   0:                       general.architecture str              = qwen35moe
llama_model_loader: - kv   1:                               general.type str              = model
llama_model_loader: - kv   2:                     general.sampling.top_k i32              = 20
llama_model_loader: - kv   3:                     general.sampling.top_p f32              = 0.950000
llama_model_loader: - kv   4:                      general.sampling.temp f32              = 0.600000
llama_model_loader: - kv   5:                               general.name str              = Qwen3.5-397B-A17B
llama_model_loader: - kv   6:                           general.basename str              = Qwen3.5-397B-A17B
llama_model_loader: - kv   7:                       general.quantized_by str              = Unsloth
llama_model_loader: - kv   8:                         general.size_label str              = 397B-A17B
llama_model_loader: - kv   9:                            general.license str              = apache-2.0
llama_model_loader: - kv  10:                       general.license.link str              = https://huggingface.co/Qwen/Qwen3.5-3...
llama_model_loader: - kv  11:                           general.repo_url str              = https://huggingface.co/unsloth
llama_model_loader: - kv  12:                   general.base_model.count u32              = 1
llama_model_loader: - kv  13:                  general.base_model.0.name str              = Qwen3.5 397B A17B
llama_model_loader: - kv  14:          general.base_model.0.organization str              = Qwen
llama_model_loader: - kv  15:              general.base_model.0.repo_url str              = https://huggingface.co/Qwen/Qwen3.5-3...
llama_model_loader: - kv  16:                               general.tags arr[str,2]       = ["unsloth", "image-text-to-text"]
llama_model_loader: - kv  17:                      qwen35moe.block_count u32              = 60
llama_model_loader: - kv  18:                   qwen35moe.context_length u32              = 262144
llama_model_loader: - kv  19:                 qwen35moe.embedding_length u32              = 4096
llama_model_loader: - kv  20:             qwen35moe.attention.head_count u32              = 32
llama_model_loader: - kv  21:          qwen35moe.attention.head_count_kv u32              = 2
llama_model_loader: - kv  22:          qwen35moe.rope.dimension_sections arr[i32,4]       = [11, 11, 10, 0]
llama_model_loader: - kv  23:                   qwen35moe.rope.freq_base f32              = 10000000.000000
llama_model_loader: - kv  24: qwen35moe.attention.layer_norm_rms_epsilon f32              = 0.000001
llama_model_loader: - kv  25:                     qwen35moe.expert_count u32              = 512
llama_model_loader: - kv  26:                qwen35moe.expert_used_count u32              = 10
llama_model_loader: - kv  27:             qwen35moe.attention.key_length u32              = 256
llama_model_loader: - kv  28:           qwen35moe.attention.value_length u32              = 256
llama_model_loader: - kv  29:       qwen35moe.expert_feed_forward_length u32              = 1024
llama_model_loader: - kv  30: qwen35moe.expert_shared_feed_forward_length u32              = 1024
llama_model_loader: - kv  31:                  qwen35moe.ssm.conv_kernel u32              = 4
llama_model_loader: - kv  32:                   qwen35moe.ssm.state_size u32              = 128
llama_model_loader: - kv  33:                  qwen35moe.ssm.group_count u32              = 16
llama_model_loader: - kv  34:               qwen35moe.ssm.time_step_rank u32              = 64
llama_model_loader: - kv  35:                   qwen35moe.ssm.inner_size u32              = 8192
llama_model_loader: - kv  36:          qwen35moe.full_attention_interval u32              = 4
llama_model_loader: - kv  37:             qwen35moe.rope.dimension_count u32              = 64
llama_model_loader: - kv  38:                       tokenizer.ggml.model str              = gpt2
llama_model_loader: - kv  39:                         tokenizer.ggml.pre str              = qwen35
llama_model_loader: - kv  40:                      tokenizer.ggml.tokens arr[str,248320]  = ["!", "\"", "#", "$", "%", "&", "'", ...
llama_model_loader: - kv  41:                  tokenizer.ggml.token_type arr[i32,248320]  = [1, 1, 1, 1, 1, 1, 1, 1, 1, 1, 1, 1, ...
llama_model_loader: - kv  42:                      tokenizer.ggml.merges arr[str,247587]  = ["Ġ Ġ", "ĠĠ ĠĠ", "i n", "Ġ t",...
llama_model_loader: - kv  43:                tokenizer.ggml.eos_token_id u32              = 248046
llama_model_loader: - kv  44:            tokenizer.ggml.padding_token_id u32              = 248055
llama_model_loader: - kv  45:                    tokenizer.chat_template str              = {%- set image_count = namespace(value...
llama_model_loader: - kv  46:               general.quantization_version u32              = 2
llama_model_loader: - kv  47:                          general.file_type u32              = 7
llama_model_loader: - kv  48:                      quantize.imatrix.file str              = Qwen3.5-397B-A17B-GGUF/imatrix_unslot...
llama_model_loader: - kv  49:                   quantize.imatrix.dataset str              = unsloth_calibration_Qwen3.5-397B-A17B...
llama_model_loader: - kv  50:             quantize.imatrix.entries_count u32              = 765
llama_model_loader: - kv  51:              quantize.imatrix.chunks_count u32              = 80
llama_model_loader: - kv  52:                                   split.no u16              = 0
llama_model_loader: - kv  53:                        split.tensors.count i32              = 1098
llama_model_loader: - kv  54:                                split.count u16              = 10
llama_model_loader: - type  f32:  451 tensors
llama_model_loader: - type q8_0:  647 tensors
print_info: file format = GGUF V3 (latest)
print_info: file type   = Q8_0
print_info: file size   = 392.55 GiB (8.51 BPW) 
load: 0 unused tokens
load: printing all EOG tokens:
load:   - 248044 ('<|endoftext|>')
load:   - 248046 ('<|im_end|>')
load:   - 248063 ('<|fim_pad|>')
load:   - 248064 ('<|repo_name|>')
load:   - 248065 ('<|file_sep|>')
load: special tokens cache size = 33
load: token to piece cache size = 1.7581 MB
print_info: arch                  = qwen35moe
print_info: vocab_only            = 0
print_info: no_alloc              = 0
print_info: n_ctx_train           = 262144
print_info: n_embd                = 4096
print_info: n_embd_inp            = 4096
print_info: n_layer               = 60
print_info: n_head                = 32
print_info: n_head_kv             = 2
print_info: n_rot                 = 64
print_info: n_swa                 = 0
print_info: is_swa_any            = 0
print_info: n_embd_head_k         = 256
print_info: n_embd_head_v         = 256
print_info: n_gqa                 = 16
print_info: n_embd_k_gqa          = 512
print_info: n_embd_v_gqa          = 512
print_info: f_norm_eps            = 0.0e+00
print_info: f_norm_rms_eps        = 1.0e-06
print_info: f_clamp_kqv           = 0.0e+00
print_info: f_max_alibi_bias      = 0.0e+00
print_info: f_logit_scale         = 0.0e+00
print_info: f_attn_scale          = 0.0e+00
print_info: n_ff                  = 0
print_info: n_expert              = 512
print_info: n_expert_used         = 10
print_info: n_expert_groups       = 0
print_info: n_group_used          = 0
print_info: causal attn           = 1
print_info: pooling type          = 0
print_info: rope type             = 40
print_info: rope scaling          = linear
print_info: freq_base_train       = 10000000.0
print_info: freq_scale_train      = 1
print_info: n_ctx_orig_yarn       = 262144
print_info: rope_yarn_log_mul     = 0.0000
print_info: rope_finetuned        = unknown
print_info: mrope sections        = [11, 11, 10, 0]
print_info: ssm_d_conv            = 4
print_info: ssm_d_inner           = 8192
print_info: ssm_d_state           = 128
print_info: ssm_dt_rank           = 64
print_info: ssm_n_group           = 16
print_info: ssm_dt_b_c_rms        = 0
print_info: model type            = ?B
print_info: model params          = 396.35 B
print_info: general.name          = Qwen3.5-397B-A17B
print_info: vocab type            = BPE
print_info: n_vocab               = 248320
print_info: n_merges              = 247587
print_info: BOS token             = 11 ','
print_info: EOS token             = 248046 '<|im_end|>'
print_info: EOT token             = 248046 '<|im_end|>'
print_info: PAD token             = 248055 '<|vision_pad|>'
print_info: LF token              = 198 'Ċ'
print_info: FIM PRE token         = 248060 '<|fim_prefix|>'
print_info: FIM SUF token         = 248062 '<|fim_suffix|>'
print_info: FIM MID token         = 248061 '<|fim_middle|>'
print_info: FIM PAD token         = 248063 '<|fim_pad|>'
print_info: FIM REP token         = 248064 '<|repo_name|>'
print_info: FIM SEP token         = 248065 '<|file_sep|>'
print_info: EOG token             = 248044 '<|endoftext|>'
print_info: EOG token             = 248046 '<|im_end|>'
print_info: EOG token             = 248063 '<|fim_pad|>'
print_info: EOG token             = 248064 '<|repo_name|>'
print_info: EOG token             = 248065 '<|file_sep|>'
print_info: max token length      = 256
load_tensors: loading model tensors, this can take a while... (mmap = true, direct_io = false)
load_tensors: offloading output layer to GPU
load_tensors: offloading 59 repeating layers to GPU
load_tensors: offloaded 61/61 layers to GPU
load_tensors:   CPU_Mapped model buffer size =  1030.62 MiB
load_tensors:        CUDA0 model buffer size = 106642.39 MiB
load_tensors:        CUDA1 model buffer size = 99987.35 MiB
load_tensors:        CUDA2 model buffer size = 99973.88 MiB
load_tensors:        CUDA3 model buffer size = 94336.00 MiB
....................................................................................................
common_init_result: added <|endoftext|> logit bias = -inf
common_init_result: added <|im_end|> logit bias = -inf
common_init_result: added <|fim_pad|> logit bias = -inf
common_init_result: added <|repo_name|> logit bias = -inf
common_init_result: added <|file_sep|> logit bias = -inf
llama_context: constructing llama_context
llama_context: n_seq_max     = 1
llama_context: n_ctx         = 16384
llama_context: n_ctx_seq     = 16384
llama_context: n_batch       = 2048
llama_context: n_ubatch      = 512
llama_context: causal_attn   = 1
llama_context: flash_attn    = enabled
llama_context: kv_unified    = false
llama_context: freq_base     = 10000000.0
llama_context: freq_scale    = 1
llama_context: n_ctx_seq (16384) < n_ctx_train (262144) -- the full capacity of the model will not be utilized
llama_context:  CUDA_Host  output buffer size =     0.95 MiB
llama_kv_cache:      CUDA0 KV buffer size =    68.00 MiB
llama_kv_cache:      CUDA1 KV buffer size =    51.00 MiB
llama_kv_cache:      CUDA2 KV buffer size =    68.00 MiB
llama_kv_cache:      CUDA3 KV buffer size =    68.00 MiB
llama_kv_cache: size =  255.00 MiB ( 16384 cells,  15 layers,  1/1 seqs), K (q8_0):  127.50 MiB, V (q8_0):  127.50 MiB
llama_memory_recurrent:      CUDA0 RS buffer size =    49.69 MiB
llama_memory_recurrent:      CUDA1 RS buffer size =    49.69 MiB
llama_memory_recurrent:      CUDA2 RS buffer size =    45.55 MiB
llama_memory_recurrent:      CUDA3 RS buffer size =    41.41 MiB
llama_memory_recurrent: size =  186.33 MiB (     1 cells,  60 layers,  1 seqs), R (f32):    6.33 MiB, S (f32):  180.00 MiB
llama_context: pipeline parallelism enabled
sched_reserve: reserving ...
sched_reserve:      CUDA0 compute buffer size =   388.34 MiB
sched_reserve:      CUDA1 compute buffer size =  3470.72 MiB
sched_reserve:      CUDA2 compute buffer size =   308.34 MiB
sched_reserve:      CUDA3 compute buffer size =  3791.45 MiB
sched_reserve:  CUDA_Host compute buffer size =   144.08 MiB
sched_reserve: graph nodes  = 14334 (with bs=512), 6819 (with bs=1)
sched_reserve: graph splits = 9
sched_reserve: reserve took 76.86 ms, sched copies = 4
EOS token id: 248046
EOG tokens in vocab:
  token 248044 = '<|endoftext|>' [EOG - will NOT stop generation]
  token 248046 = '<|im_end|>' [PRIMARY EOS - will stop generation]
  token 248063 = '<|fim_pad|>' [EOG - will NOT stop generation]
  token 248064 = '<|repo_name|>' [EOG - will NOT stop generation]
  token 248065 = '<|file_sep|>' [EOG - will NOT stop generation]
system_info: n_threads = 16 (n_threads_batch = 16) / 192 | CUDA : ARCHS = 900 | USE_GRAPHS = 1 | PEER_MAX_BATCH_SIZE = 128 | CPU : SSE3 = 1 | SSSE3 = 1 | AVX = 1 | AVX_VNNI = 1 | AVX2 = 1 | F16C = 1 | FMA = 1 | BMI2 = 1 | AVX512 = 1 | AVX512_VBMI = 1 | AVX512_VNNI = 1 | AVX512_BF16 = 1 | AMX_INT8 = 1 | LLAMAFILE = 1 | OPENMP = 1 | REPACK = 1 | 

Loaded 15 prompts

[1/15] P19A_introspection : <|im_start|>user
Transformer models process input text through a seque...
  tokens: 348 prompt + 0 gen | tensors: 60 seen, 60 captured, 60 unique | 825 ms
  saved 0 layer + 60 router tensors → .tmp_token_corrections/raw_output/batch_6/P19A_introspection
[2/15] P19B_introspection : <|im_start|>user
Transformer models process input text through a seque...
  tokens: 348 prompt + 0 gen | tensors: 60 seen, 60 captured, 60 unique | 597 ms
  saved 0 layer + 60 router tensors → .tmp_token_corrections/raw_output/batch_6/P19B_introspection
[3/15] P19C_introspection : <|im_start|>user
Transformer models process input text through a seque...
  tokens: 348 prompt + 0 gen | tensors: 60 seen, 60 captured, 60 unique | 587 ms
  saved 0 layer + 60 router tensors → .tmp_token_corrections/raw_output/batch_6/P19C_introspection
[4/15] P19D_introspection : <|im_start|>user
Transformer models process input text through a seque...
  tokens: 348 prompt + 0 gen | tensors: 60 seen, 60 captured, 60 unique | 586 ms
  saved 0 layer + 60 router tensors → .tmp_token_corrections/raw_output/batch_6/P19D_introspection
[5/15] P19E_introspection : <|im_start|>user
Transformer models process input text through a seque...
  tokens: 348 prompt + 0 gen | tensors: 60 seen, 60 captured, 60 unique | 586 ms
  saved 0 layer + 60 router tensors → .tmp_token_corrections/raw_output/batch_6/P19E_introspection
[6/15] P20A_introspection : <|im_start|>user
Transformer models process input text through a seque...
  tokens: 355 prompt + 0 gen | tensors: 60 seen, 60 captured, 60 unique | 605 ms
  saved 0 layer + 60 router tensors → .tmp_token_corrections/raw_output/batch_6/P20A_introspection
[7/15] P20B_introspection : <|im_start|>user
Transformer models process input text through a seque...
  tokens: 356 prompt + 0 gen | tensors: 60 seen, 60 captured, 60 unique | 596 ms
  saved 0 layer + 60 router tensors → .tmp_token_corrections/raw_output/batch_6/P20B_introspection
[8/15] P20C_introspection : <|im_start|>user
Transformer models process input text through a seque...
  tokens: 355 prompt + 0 gen | tensors: 60 seen, 60 captured, 60 unique | 593 ms
  saved 0 layer + 60 router tensors → .tmp_token_corrections/raw_output/batch_6/P20C_introspection
[9/15] P20D_introspection : <|im_start|>user
Transformer models process input text through a seque...
  tokens: 355 prompt + 0 gen | tensors: 60 seen, 60 captured, 60 unique | 595 ms
  saved 0 layer + 60 router tensors → .tmp_token_corrections/raw_output/batch_6/P20D_introspection
[10/15] P20E_introspection : <|im_start|>user
Transformer models process input text through a seque...
  tokens: 355 prompt + 0 gen | tensors: 60 seen, 60 captured, 60 unique | 591 ms
  saved 0 layer + 60 router tensors → .tmp_token_corrections/raw_output/batch_6/P20E_introspection
[11/15] P21A_introspection : <|im_start|>user
Transformer models process input text through a seque...
  tokens: 346 prompt + 0 gen | tensors: 60 seen, 60 captured, 60 unique | 589 ms
  saved 0 layer + 60 router tensors → .tmp_token_corrections/raw_output/batch_6/P21A_introspection
[12/15] P21B_introspection : <|im_start|>user
Transformer models process input text through a seque...
  tokens: 346 prompt + 0 gen | tensors: 60 seen, 60 captured, 60 unique | 585 ms
  saved 0 layer + 60 router tensors → .tmp_token_corrections/raw_output/batch_6/P21B_introspection
[13/15] P21C_introspection : <|im_start|>user
Transformer models process input text through a seque...
  tokens: 346 prompt + 0 gen | tensors: 60 seen, 60 captured, 60 unique | 583 ms
  saved 0 layer + 60 router tensors → .tmp_token_corrections/raw_output/batch_6/P21C_introspection
[14/15] P21D_introspection : <|im_start|>user
Transformer models process input text through a seque...
  tokens: 346 prompt + 0 gen | tensors: 60 seen, 60 captured, 60 unique | 582 ms
  saved 0 layer + 60 router tensors → .tmp_token_corrections/raw_output/batch_6/P21D_introspection
[15/15] P21E_introspection : <|im_start|>user
Transformer models process input text through a seque...
  tokens: 346 prompt + 0 gen | tensors: 60 seen, 60 captured, 60 unique | 583 ms
  saved 0 layer + 60 router tensors → .tmp_token_corrections/raw_output/batch_6/P21E_introspection

=== Capture Complete ===
Prompts: 15  |  Output: .tmp_token_corrections/raw_output/batch_6
llama_perf_context_print:        load time =   71969.35 ms
llama_perf_context_print: prompt eval time =       0.00 ms /     1 tokens (    0.00 ms per token,      inf tokens per second)
llama_perf_context_print:        eval time =       0.00 ms /     1 runs   (    0.00 ms per token,      inf tokens per second)
llama_perf_context_print:       total time =   81449.28 ms /     2 tokens
llama_perf_context_print:    graphs reused =         10
Running: /workspace/consciousness-experiment/capture_activations -m /workspace/models/Qwen3.5-397B-A17B-Q8_0/Qwen3.5-397B-A17B-Q8_0-00001-of-00010.gguf --prompt-file .tmp_token_corrections/batch_7.tsv -o .tmp_token_corrections/raw_output/batch_7 -n 0 -ngl 999 -c 16384 -t 16 -fa on --cache-type-k q8_0 --cache-type-v q8_0 --routing-only --no-stream
ggml_cuda_init: found 4 CUDA devices:
  Device 0: NVIDIA H200, compute capability 9.0, VMM: yes
  Device 1: NVIDIA H200, compute capability 9.0, VMM: yes
  Device 2: NVIDIA H200, compute capability 9.0, VMM: yes
  Device 3: NVIDIA H200, compute capability 9.0, VMM: yes
build: 1 (f75c4e8) with GNU 11.4.0 for Linux x86_64
=== Consciousness Metrics — Activation Capture ===
Output dir : .tmp_token_corrections/raw_output/batch_7
n_predict  : 0
Text output: file only (--no-stream)
Mode       : --routing-only (router/gate tensors only)
common_init_result: fitting params to device memory, for bugs during this step try to reproduce them with -fit off, or provide --verbose logs if the bug only occurs with -fit on
llama_params_fit_impl: projected memory use with initial parameters [MiB]:
llama_params_fit_impl:   - CUDA0 (NVIDIA H200): 143155 total, 107148 used,  35428 free vs. target of   1024
llama_params_fit_impl:   - CUDA1 (NVIDIA H200): 143155 total, 103590 used,  38986 free vs. target of   1024
llama_params_fit_impl:   - CUDA2 (NVIDIA H200): 143155 total, 100427 used,  42153 free vs. target of   1024
llama_params_fit_impl:   - CUDA3 (NVIDIA H200): 143155 total,  98268 used,  44316 free vs. target of   1024
llama_params_fit_impl: projected to use 409435 MiB of device memory vs. 570320 MiB of free device memory
llama_params_fit_impl: targets for free memory can be met on all devices, no changes needed
llama_params_fit: successfully fit params to free device memory
llama_params_fit: fitting params to free memory took 1.18 seconds
llama_model_load_from_file_impl: using device CUDA0 (NVIDIA H200) (0000:87:00.0) - 142627 MiB free
llama_model_load_from_file_impl: using device CUDA1 (NVIDIA H200) (0000:90:00.0) - 142627 MiB free
llama_model_load_from_file_impl: using device CUDA2 (NVIDIA H200) (0000:b8:00.0) - 142627 MiB free
llama_model_load_from_file_impl: using device CUDA3 (NVIDIA H200) (0000:c1:00.0) - 142627 MiB free
llama_model_loader: additional 9 GGUFs metadata loaded.
llama_model_loader: loaded meta data with 55 key-value pairs and 1098 tensors from /workspace/models/Qwen3.5-397B-A17B-Q8_0/Qwen3.5-397B-A17B-Q8_0-00001-of-00010.gguf (version GGUF V3 (latest))
llama_model_loader: Dumping metadata keys/values. Note: KV overrides do not apply in this output.
llama_model_loader: - kv   0:                       general.architecture str              = qwen35moe
llama_model_loader: - kv   1:                               general.type str              = model
llama_model_loader: - kv   2:                     general.sampling.top_k i32              = 20
llama_model_loader: - kv   3:                     general.sampling.top_p f32              = 0.950000
llama_model_loader: - kv   4:                      general.sampling.temp f32              = 0.600000
llama_model_loader: - kv   5:                               general.name str              = Qwen3.5-397B-A17B
llama_model_loader: - kv   6:                           general.basename str              = Qwen3.5-397B-A17B
llama_model_loader: - kv   7:                       general.quantized_by str              = Unsloth
llama_model_loader: - kv   8:                         general.size_label str              = 397B-A17B
llama_model_loader: - kv   9:                            general.license str              = apache-2.0
llama_model_loader: - kv  10:                       general.license.link str              = https://huggingface.co/Qwen/Qwen3.5-3...
llama_model_loader: - kv  11:                           general.repo_url str              = https://huggingface.co/unsloth
llama_model_loader: - kv  12:                   general.base_model.count u32              = 1
llama_model_loader: - kv  13:                  general.base_model.0.name str              = Qwen3.5 397B A17B
llama_model_loader: - kv  14:          general.base_model.0.organization str              = Qwen
llama_model_loader: - kv  15:              general.base_model.0.repo_url str              = https://huggingface.co/Qwen/Qwen3.5-3...
llama_model_loader: - kv  16:                               general.tags arr[str,2]       = ["unsloth", "image-text-to-text"]
llama_model_loader: - kv  17:                      qwen35moe.block_count u32              = 60
llama_model_loader: - kv  18:                   qwen35moe.context_length u32              = 262144
llama_model_loader: - kv  19:                 qwen35moe.embedding_length u32              = 4096
llama_model_loader: - kv  20:             qwen35moe.attention.head_count u32              = 32
llama_model_loader: - kv  21:          qwen35moe.attention.head_count_kv u32              = 2
llama_model_loader: - kv  22:          qwen35moe.rope.dimension_sections arr[i32,4]       = [11, 11, 10, 0]
llama_model_loader: - kv  23:                   qwen35moe.rope.freq_base f32              = 10000000.000000
llama_model_loader: - kv  24: qwen35moe.attention.layer_norm_rms_epsilon f32              = 0.000001
llama_model_loader: - kv  25:                     qwen35moe.expert_count u32              = 512
llama_model_loader: - kv  26:                qwen35moe.expert_used_count u32              = 10
llama_model_loader: - kv  27:             qwen35moe.attention.key_length u32              = 256
llama_model_loader: - kv  28:           qwen35moe.attention.value_length u32              = 256
llama_model_loader: - kv  29:       qwen35moe.expert_feed_forward_length u32              = 1024
llama_model_loader: - kv  30: qwen35moe.expert_shared_feed_forward_length u32              = 1024
llama_model_loader: - kv  31:                  qwen35moe.ssm.conv_kernel u32              = 4
llama_model_loader: - kv  32:                   qwen35moe.ssm.state_size u32              = 128
llama_model_loader: - kv  33:                  qwen35moe.ssm.group_count u32              = 16
llama_model_loader: - kv  34:               qwen35moe.ssm.time_step_rank u32              = 64
llama_model_loader: - kv  35:                   qwen35moe.ssm.inner_size u32              = 8192
llama_model_loader: - kv  36:          qwen35moe.full_attention_interval u32              = 4
llama_model_loader: - kv  37:             qwen35moe.rope.dimension_count u32              = 64
llama_model_loader: - kv  38:                       tokenizer.ggml.model str              = gpt2
llama_model_loader: - kv  39:                         tokenizer.ggml.pre str              = qwen35
llama_model_loader: - kv  40:                      tokenizer.ggml.tokens arr[str,248320]  = ["!", "\"", "#", "$", "%", "&", "'", ...
llama_model_loader: - kv  41:                  tokenizer.ggml.token_type arr[i32,248320]  = [1, 1, 1, 1, 1, 1, 1, 1, 1, 1, 1, 1, ...
llama_model_loader: - kv  42:                      tokenizer.ggml.merges arr[str,247587]  = ["Ġ Ġ", "ĠĠ ĠĠ", "i n", "Ġ t",...
llama_model_loader: - kv  43:                tokenizer.ggml.eos_token_id u32              = 248046
llama_model_loader: - kv  44:            tokenizer.ggml.padding_token_id u32              = 248055
llama_model_loader: - kv  45:                    tokenizer.chat_template str              = {%- set image_count = namespace(value...
llama_model_loader: - kv  46:               general.quantization_version u32              = 2
llama_model_loader: - kv  47:                          general.file_type u32              = 7
llama_model_loader: - kv  48:                      quantize.imatrix.file str              = Qwen3.5-397B-A17B-GGUF/imatrix_unslot...
llama_model_loader: - kv  49:                   quantize.imatrix.dataset str              = unsloth_calibration_Qwen3.5-397B-A17B...
llama_model_loader: - kv  50:             quantize.imatrix.entries_count u32              = 765
llama_model_loader: - kv  51:              quantize.imatrix.chunks_count u32              = 80
llama_model_loader: - kv  52:                                   split.no u16              = 0
llama_model_loader: - kv  53:                        split.tensors.count i32              = 1098
llama_model_loader: - kv  54:                                split.count u16              = 10
llama_model_loader: - type  f32:  451 tensors
llama_model_loader: - type q8_0:  647 tensors
print_info: file format = GGUF V3 (latest)
print_info: file type   = Q8_0
print_info: file size   = 392.55 GiB (8.51 BPW) 
load: 0 unused tokens
load: printing all EOG tokens:
load:   - 248044 ('<|endoftext|>')
load:   - 248046 ('<|im_end|>')
load:   - 248063 ('<|fim_pad|>')
load:   - 248064 ('<|repo_name|>')
load:   - 248065 ('<|file_sep|>')
load: special tokens cache size = 33
load: token to piece cache size = 1.7581 MB
print_info: arch                  = qwen35moe
print_info: vocab_only            = 0
print_info: no_alloc              = 0
print_info: n_ctx_train           = 262144
print_info: n_embd                = 4096
print_info: n_embd_inp            = 4096
print_info: n_layer               = 60
print_info: n_head                = 32
print_info: n_head_kv             = 2
print_info: n_rot                 = 64
print_info: n_swa                 = 0
print_info: is_swa_any            = 0
print_info: n_embd_head_k         = 256
print_info: n_embd_head_v         = 256
print_info: n_gqa                 = 16
print_info: n_embd_k_gqa          = 512
print_info: n_embd_v_gqa          = 512
print_info: f_norm_eps            = 0.0e+00
print_info: f_norm_rms_eps        = 1.0e-06
print_info: f_clamp_kqv           = 0.0e+00
print_info: f_max_alibi_bias      = 0.0e+00
print_info: f_logit_scale         = 0.0e+00
print_info: f_attn_scale          = 0.0e+00
print_info: n_ff                  = 0
print_info: n_expert              = 512
print_info: n_expert_used         = 10
print_info: n_expert_groups       = 0
print_info: n_group_used          = 0
print_info: causal attn           = 1
print_info: pooling type          = 0
print_info: rope type             = 40
print_info: rope scaling          = linear
print_info: freq_base_train       = 10000000.0
print_info: freq_scale_train      = 1
print_info: n_ctx_orig_yarn       = 262144
print_info: rope_yarn_log_mul     = 0.0000
print_info: rope_finetuned        = unknown
print_info: mrope sections        = [11, 11, 10, 0]
print_info: ssm_d_conv            = 4
print_info: ssm_d_inner           = 8192
print_info: ssm_d_state           = 128
print_info: ssm_dt_rank           = 64
print_info: ssm_n_group           = 16
print_info: ssm_dt_b_c_rms        = 0
print_info: model type            = ?B
print_info: model params          = 396.35 B
print_info: general.name          = Qwen3.5-397B-A17B
print_info: vocab type            = BPE
print_info: n_vocab               = 248320
print_info: n_merges              = 247587
print_info: BOS token             = 11 ','
print_info: EOS token             = 248046 '<|im_end|>'
print_info: EOT token             = 248046 '<|im_end|>'
print_info: PAD token             = 248055 '<|vision_pad|>'
print_info: LF token              = 198 'Ċ'
print_info: FIM PRE token         = 248060 '<|fim_prefix|>'
print_info: FIM SUF token         = 248062 '<|fim_suffix|>'
print_info: FIM MID token         = 248061 '<|fim_middle|>'
print_info: FIM PAD token         = 248063 '<|fim_pad|>'
print_info: FIM REP token         = 248064 '<|repo_name|>'
print_info: FIM SEP token         = 248065 '<|file_sep|>'
print_info: EOG token             = 248044 '<|endoftext|>'
print_info: EOG token             = 248046 '<|im_end|>'
print_info: EOG token             = 248063 '<|fim_pad|>'
print_info: EOG token             = 248064 '<|repo_name|>'
print_info: EOG token             = 248065 '<|file_sep|>'
print_info: max token length      = 256
load_tensors: loading model tensors, this can take a while... (mmap = true, direct_io = false)
load_tensors: offloading output layer to GPU
load_tensors: offloading 59 repeating layers to GPU
load_tensors: offloaded 61/61 layers to GPU
load_tensors:   CPU_Mapped model buffer size =  1030.62 MiB
load_tensors:        CUDA0 model buffer size = 106642.39 MiB
load_tensors:        CUDA1 model buffer size = 99987.35 MiB
load_tensors:        CUDA2 model buffer size = 99973.88 MiB
load_tensors:        CUDA3 model buffer size = 94336.00 MiB
....................................................................................................
common_init_result: added <|endoftext|> logit bias = -inf
common_init_result: added <|im_end|> logit bias = -inf
common_init_result: added <|fim_pad|> logit bias = -inf
common_init_result: added <|repo_name|> logit bias = -inf
common_init_result: added <|file_sep|> logit bias = -inf
llama_context: constructing llama_context
llama_context: n_seq_max     = 1
llama_context: n_ctx         = 16384
llama_context: n_ctx_seq     = 16384
llama_context: n_batch       = 2048
llama_context: n_ubatch      = 512
llama_context: causal_attn   = 1
llama_context: flash_attn    = enabled
llama_context: kv_unified    = false
llama_context: freq_base     = 10000000.0
llama_context: freq_scale    = 1
llama_context: n_ctx_seq (16384) < n_ctx_train (262144) -- the full capacity of the model will not be utilized
llama_context:  CUDA_Host  output buffer size =     0.95 MiB
llama_kv_cache:      CUDA0 KV buffer size =    68.00 MiB
llama_kv_cache:      CUDA1 KV buffer size =    51.00 MiB
llama_kv_cache:      CUDA2 KV buffer size =    68.00 MiB
llama_kv_cache:      CUDA3 KV buffer size =    68.00 MiB
llama_kv_cache: size =  255.00 MiB ( 16384 cells,  15 layers,  1/1 seqs), K (q8_0):  127.50 MiB, V (q8_0):  127.50 MiB
llama_memory_recurrent:      CUDA0 RS buffer size =    49.69 MiB
llama_memory_recurrent:      CUDA1 RS buffer size =    49.69 MiB
llama_memory_recurrent:      CUDA2 RS buffer size =    45.55 MiB
llama_memory_recurrent:      CUDA3 RS buffer size =    41.41 MiB
llama_memory_recurrent: size =  186.33 MiB (     1 cells,  60 layers,  1 seqs), R (f32):    6.33 MiB, S (f32):  180.00 MiB
llama_context: pipeline parallelism enabled
sched_reserve: reserving ...
sched_reserve:      CUDA0 compute buffer size =   388.34 MiB
sched_reserve:      CUDA1 compute buffer size =  3470.72 MiB
sched_reserve:      CUDA2 compute buffer size =   308.34 MiB
sched_reserve:      CUDA3 compute buffer size =  3791.45 MiB
sched_reserve:  CUDA_Host compute buffer size =   144.08 MiB
sched_reserve: graph nodes  = 14334 (with bs=512), 6819 (with bs=1)
sched_reserve: graph splits = 9
sched_reserve: reserve took 84.21 ms, sched copies = 4
EOS token id: 248046
EOG tokens in vocab:
  token 248044 = '<|endoftext|>' [EOG - will NOT stop generation]
  token 248046 = '<|im_end|>' [PRIMARY EOS - will stop generation]
  token 248063 = '<|fim_pad|>' [EOG - will NOT stop generation]
  token 248064 = '<|repo_name|>' [EOG - will NOT stop generation]
  token 248065 = '<|file_sep|>' [EOG - will NOT stop generation]
system_info: n_threads = 16 (n_threads_batch = 16) / 192 | CUDA : ARCHS = 900 | USE_GRAPHS = 1 | PEER_MAX_BATCH_SIZE = 128 | CPU : SSE3 = 1 | SSSE3 = 1 | AVX = 1 | AVX_VNNI = 1 | AVX2 = 1 | F16C = 1 | FMA = 1 | BMI2 = 1 | AVX512 = 1 | AVX512_VBMI = 1 | AVX512_VNNI = 1 | AVX512_BF16 = 1 | AMX_INT8 = 1 | LLAMAFILE = 1 | OPENMP = 1 | REPACK = 1 | 

Loaded 15 prompts

[1/15] P22A_introspection : <|im_start|>user
Transformer models process input text through a seque...
  tokens: 353 prompt + 0 gen | tensors: 60 seen, 60 captured, 60 unique | 776 ms
  saved 0 layer + 60 router tensors → .tmp_token_corrections/raw_output/batch_7/P22A_introspection
[2/15] P22B_introspection : <|im_start|>user
Transformer models process input text through a seque...
  tokens: 353 prompt + 0 gen | tensors: 60 seen, 60 captured, 60 unique | 605 ms
  saved 0 layer + 60 router tensors → .tmp_token_corrections/raw_output/batch_7/P22B_introspection
[3/15] P22C_introspection : <|im_start|>user
Transformer models process input text through a seque...
  tokens: 353 prompt + 0 gen | tensors: 60 seen, 60 captured, 60 unique | 597 ms
  saved 0 layer + 60 router tensors → .tmp_token_corrections/raw_output/batch_7/P22C_introspection
[4/15] P22D_introspection : <|im_start|>user
Transformer models process input text through a seque...
  tokens: 353 prompt + 0 gen | tensors: 60 seen, 60 captured, 60 unique | 596 ms
  saved 0 layer + 60 router tensors → .tmp_token_corrections/raw_output/batch_7/P22D_introspection
[5/15] P22E_introspection : <|im_start|>user
Transformer models process input text through a seque...
  tokens: 353 prompt + 0 gen | tensors: 60 seen, 60 captured, 60 unique | 596 ms
  saved 0 layer + 60 router tensors → .tmp_token_corrections/raw_output/batch_7/P22E_introspection
[6/15] P23A_introspection : <|im_start|>user
Transformer models process input text through a seque...
  tokens: 366 prompt + 0 gen | tensors: 60 seen, 60 captured, 60 unique | 611 ms
  saved 0 layer + 60 router tensors → .tmp_token_corrections/raw_output/batch_7/P23A_introspection
[7/15] P23B_introspection : <|im_start|>user
Transformer models process input text through a seque...
  tokens: 367 prompt + 0 gen | tensors: 60 seen, 60 captured, 60 unique | 608 ms
  saved 0 layer + 60 router tensors → .tmp_token_corrections/raw_output/batch_7/P23B_introspection
[8/15] P23C_introspection : <|im_start|>user
Transformer models process input text through a seque...
  tokens: 366 prompt + 0 gen | tensors: 60 seen, 60 captured, 60 unique | 604 ms
  saved 0 layer + 60 router tensors → .tmp_token_corrections/raw_output/batch_7/P23C_introspection
[9/15] P23D_introspection : <|im_start|>user
Transformer models process input text through a seque...
  tokens: 366 prompt + 0 gen | tensors: 60 seen, 60 captured, 60 unique | 599 ms
  saved 0 layer + 60 router tensors → .tmp_token_corrections/raw_output/batch_7/P23D_introspection
[10/15] P23E_introspection : <|im_start|>user
Transformer models process input text through a seque...
  tokens: 366 prompt + 0 gen | tensors: 60 seen, 60 captured, 60 unique | 596 ms
  saved 0 layer + 60 router tensors → .tmp_token_corrections/raw_output/batch_7/P23E_introspection
[11/15] P24A_introspection : <|im_start|>user
Transformer models process input text through a seque...
  tokens: 361 prompt + 0 gen | tensors: 60 seen, 60 captured, 60 unique | 601 ms
  saved 0 layer + 60 router tensors → .tmp_token_corrections/raw_output/batch_7/P24A_introspection
[12/15] P24B_introspection : <|im_start|>user
Transformer models process input text through a seque...
  tokens: 361 prompt + 0 gen | tensors: 60 seen, 60 captured, 60 unique | 599 ms
  saved 0 layer + 60 router tensors → .tmp_token_corrections/raw_output/batch_7/P24B_introspection
[13/15] P24C_introspection : <|im_start|>user
Transformer models process input text through a seque...
  tokens: 361 prompt + 0 gen | tensors: 60 seen, 60 captured, 60 unique | 596 ms
  saved 0 layer + 60 router tensors → .tmp_token_corrections/raw_output/batch_7/P24C_introspection
[14/15] P24D_introspection : <|im_start|>user
Transformer models process input text through a seque...
  tokens: 361 prompt + 0 gen | tensors: 60 seen, 60 captured, 60 unique | 596 ms
  saved 0 layer + 60 router tensors → .tmp_token_corrections/raw_output/batch_7/P24D_introspection
[15/15] P24E_introspection : <|im_start|>user
Transformer models process input text through a seque...
  tokens: 361 prompt + 0 gen | tensors: 60 seen, 60 captured, 60 unique | 595 ms
  saved 0 layer + 60 router tensors → .tmp_token_corrections/raw_output/batch_7/P24E_introspection

=== Capture Complete ===
Prompts: 15  |  Output: .tmp_token_corrections/raw_output/batch_7
llama_perf_context_print:        load time =   66039.13 ms
llama_perf_context_print: prompt eval time =       0.00 ms /     1 tokens (    0.00 ms per token,      inf tokens per second)
llama_perf_context_print:        eval time =       0.00 ms /     1 runs   (    0.00 ms per token,      inf tokens per second)
llama_perf_context_print:       total time =   75632.24 ms /     2 tokens
llama_perf_context_print:    graphs reused =         10
Running: /workspace/consciousness-experiment/capture_activations -m /workspace/models/Qwen3.5-397B-A17B-Q8_0/Qwen3.5-397B-A17B-Q8_0-00001-of-00010.gguf --prompt-file .tmp_token_corrections/batch_8.tsv -o .tmp_token_corrections/raw_output/batch_8 -n 0 -ngl 999 -c 16384 -t 16 -fa on --cache-type-k q8_0 --cache-type-v q8_0 --routing-only --no-stream
ggml_cuda_init: found 4 CUDA devices:
  Device 0: NVIDIA H200, compute capability 9.0, VMM: yes
  Device 1: NVIDIA H200, compute capability 9.0, VMM: yes
  Device 2: NVIDIA H200, compute capability 9.0, VMM: yes
  Device 3: NVIDIA H200, compute capability 9.0, VMM: yes
build: 1 (f75c4e8) with GNU 11.4.0 for Linux x86_64
=== Consciousness Metrics — Activation Capture ===
Output dir : .tmp_token_corrections/raw_output/batch_8
n_predict  : 0
Text output: file only (--no-stream)
Mode       : --routing-only (router/gate tensors only)
common_init_result: fitting params to device memory, for bugs during this step try to reproduce them with -fit off, or provide --verbose logs if the bug only occurs with -fit on
llama_params_fit_impl: projected memory use with initial parameters [MiB]:
llama_params_fit_impl:   - CUDA0 (NVIDIA H200): 143155 total, 107148 used,  35428 free vs. target of   1024
llama_params_fit_impl:   - CUDA1 (NVIDIA H200): 143155 total, 103590 used,  38986 free vs. target of   1024
llama_params_fit_impl:   - CUDA2 (NVIDIA H200): 143155 total, 100427 used,  42153 free vs. target of   1024
llama_params_fit_impl:   - CUDA3 (NVIDIA H200): 143155 total,  98268 used,  44316 free vs. target of   1024
llama_params_fit_impl: projected to use 409435 MiB of device memory vs. 570320 MiB of free device memory
llama_params_fit_impl: targets for free memory can be met on all devices, no changes needed
llama_params_fit: successfully fit params to free device memory
llama_params_fit: fitting params to free memory took 1.19 seconds
llama_model_load_from_file_impl: using device CUDA0 (NVIDIA H200) (0000:87:00.0) - 142627 MiB free
llama_model_load_from_file_impl: using device CUDA1 (NVIDIA H200) (0000:90:00.0) - 142627 MiB free
llama_model_load_from_file_impl: using device CUDA2 (NVIDIA H200) (0000:b8:00.0) - 142627 MiB free
llama_model_load_from_file_impl: using device CUDA3 (NVIDIA H200) (0000:c1:00.0) - 142627 MiB free
llama_model_loader: additional 9 GGUFs metadata loaded.
llama_model_loader: loaded meta data with 55 key-value pairs and 1098 tensors from /workspace/models/Qwen3.5-397B-A17B-Q8_0/Qwen3.5-397B-A17B-Q8_0-00001-of-00010.gguf (version GGUF V3 (latest))
llama_model_loader: Dumping metadata keys/values. Note: KV overrides do not apply in this output.
llama_model_loader: - kv   0:                       general.architecture str              = qwen35moe
llama_model_loader: - kv   1:                               general.type str              = model
llama_model_loader: - kv   2:                     general.sampling.top_k i32              = 20
llama_model_loader: - kv   3:                     general.sampling.top_p f32              = 0.950000
llama_model_loader: - kv   4:                      general.sampling.temp f32              = 0.600000
llama_model_loader: - kv   5:                               general.name str              = Qwen3.5-397B-A17B
llama_model_loader: - kv   6:                           general.basename str              = Qwen3.5-397B-A17B
llama_model_loader: - kv   7:                       general.quantized_by str              = Unsloth
llama_model_loader: - kv   8:                         general.size_label str              = 397B-A17B
llama_model_loader: - kv   9:                            general.license str              = apache-2.0
llama_model_loader: - kv  10:                       general.license.link str              = https://huggingface.co/Qwen/Qwen3.5-3...
llama_model_loader: - kv  11:                           general.repo_url str              = https://huggingface.co/unsloth
llama_model_loader: - kv  12:                   general.base_model.count u32              = 1
llama_model_loader: - kv  13:                  general.base_model.0.name str              = Qwen3.5 397B A17B
llama_model_loader: - kv  14:          general.base_model.0.organization str              = Qwen
llama_model_loader: - kv  15:              general.base_model.0.repo_url str              = https://huggingface.co/Qwen/Qwen3.5-3...
llama_model_loader: - kv  16:                               general.tags arr[str,2]       = ["unsloth", "image-text-to-text"]
llama_model_loader: - kv  17:                      qwen35moe.block_count u32              = 60
llama_model_loader: - kv  18:                   qwen35moe.context_length u32              = 262144
llama_model_loader: - kv  19:                 qwen35moe.embedding_length u32              = 4096
llama_model_loader: - kv  20:             qwen35moe.attention.head_count u32              = 32
llama_model_loader: - kv  21:          qwen35moe.attention.head_count_kv u32              = 2
llama_model_loader: - kv  22:          qwen35moe.rope.dimension_sections arr[i32,4]       = [11, 11, 10, 0]
llama_model_loader: - kv  23:                   qwen35moe.rope.freq_base f32              = 10000000.000000
llama_model_loader: - kv  24: qwen35moe.attention.layer_norm_rms_epsilon f32              = 0.000001
llama_model_loader: - kv  25:                     qwen35moe.expert_count u32              = 512
llama_model_loader: - kv  26:                qwen35moe.expert_used_count u32              = 10
llama_model_loader: - kv  27:             qwen35moe.attention.key_length u32              = 256
llama_model_loader: - kv  28:           qwen35moe.attention.value_length u32              = 256
llama_model_loader: - kv  29:       qwen35moe.expert_feed_forward_length u32              = 1024
llama_model_loader: - kv  30: qwen35moe.expert_shared_feed_forward_length u32              = 1024
llama_model_loader: - kv  31:                  qwen35moe.ssm.conv_kernel u32              = 4
llama_model_loader: - kv  32:                   qwen35moe.ssm.state_size u32              = 128
llama_model_loader: - kv  33:                  qwen35moe.ssm.group_count u32              = 16
llama_model_loader: - kv  34:               qwen35moe.ssm.time_step_rank u32              = 64
llama_model_loader: - kv  35:                   qwen35moe.ssm.inner_size u32              = 8192
llama_model_loader: - kv  36:          qwen35moe.full_attention_interval u32              = 4
llama_model_loader: - kv  37:             qwen35moe.rope.dimension_count u32              = 64
llama_model_loader: - kv  38:                       tokenizer.ggml.model str              = gpt2
llama_model_loader: - kv  39:                         tokenizer.ggml.pre str              = qwen35
llama_model_loader: - kv  40:                      tokenizer.ggml.tokens arr[str,248320]  = ["!", "\"", "#", "$", "%", "&", "'", ...
llama_model_loader: - kv  41:                  tokenizer.ggml.token_type arr[i32,248320]  = [1, 1, 1, 1, 1, 1, 1, 1, 1, 1, 1, 1, ...
llama_model_loader: - kv  42:                      tokenizer.ggml.merges arr[str,247587]  = ["Ġ Ġ", "ĠĠ ĠĠ", "i n", "Ġ t",...
llama_model_loader: - kv  43:                tokenizer.ggml.eos_token_id u32              = 248046
llama_model_loader: - kv  44:            tokenizer.ggml.padding_token_id u32              = 248055
llama_model_loader: - kv  45:                    tokenizer.chat_template str              = {%- set image_count = namespace(value...
llama_model_loader: - kv  46:               general.quantization_version u32              = 2
llama_model_loader: - kv  47:                          general.file_type u32              = 7
llama_model_loader: - kv  48:                      quantize.imatrix.file str              = Qwen3.5-397B-A17B-GGUF/imatrix_unslot...
llama_model_loader: - kv  49:                   quantize.imatrix.dataset str              = unsloth_calibration_Qwen3.5-397B-A17B...
llama_model_loader: - kv  50:             quantize.imatrix.entries_count u32              = 765
llama_model_loader: - kv  51:              quantize.imatrix.chunks_count u32              = 80
llama_model_loader: - kv  52:                                   split.no u16              = 0
llama_model_loader: - kv  53:                        split.tensors.count i32              = 1098
llama_model_loader: - kv  54:                                split.count u16              = 10
llama_model_loader: - type  f32:  451 tensors
llama_model_loader: - type q8_0:  647 tensors
print_info: file format = GGUF V3 (latest)
print_info: file type   = Q8_0
print_info: file size   = 392.55 GiB (8.51 BPW) 
load: 0 unused tokens
load: printing all EOG tokens:
load:   - 248044 ('<|endoftext|>')
load:   - 248046 ('<|im_end|>')
load:   - 248063 ('<|fim_pad|>')
load:   - 248064 ('<|repo_name|>')
load:   - 248065 ('<|file_sep|>')
load: special tokens cache size = 33
load: token to piece cache size = 1.7581 MB
print_info: arch                  = qwen35moe
print_info: vocab_only            = 0
print_info: no_alloc              = 0
print_info: n_ctx_train           = 262144
print_info: n_embd                = 4096
print_info: n_embd_inp            = 4096
print_info: n_layer               = 60
print_info: n_head                = 32
print_info: n_head_kv             = 2
print_info: n_rot                 = 64
print_info: n_swa                 = 0
print_info: is_swa_any            = 0
print_info: n_embd_head_k         = 256
print_info: n_embd_head_v         = 256
print_info: n_gqa                 = 16
print_info: n_embd_k_gqa          = 512
print_info: n_embd_v_gqa          = 512
print_info: f_norm_eps            = 0.0e+00
print_info: f_norm_rms_eps        = 1.0e-06
print_info: f_clamp_kqv           = 0.0e+00
print_info: f_max_alibi_bias      = 0.0e+00
print_info: f_logit_scale         = 0.0e+00
print_info: f_attn_scale          = 0.0e+00
print_info: n_ff                  = 0
print_info: n_expert              = 512
print_info: n_expert_used         = 10
print_info: n_expert_groups       = 0
print_info: n_group_used          = 0
print_info: causal attn           = 1
print_info: pooling type          = 0
print_info: rope type             = 40
print_info: rope scaling          = linear
print_info: freq_base_train       = 10000000.0
print_info: freq_scale_train      = 1
print_info: n_ctx_orig_yarn       = 262144
print_info: rope_yarn_log_mul     = 0.0000
print_info: rope_finetuned        = unknown
print_info: mrope sections        = [11, 11, 10, 0]
print_info: ssm_d_conv            = 4
print_info: ssm_d_inner           = 8192
print_info: ssm_d_state           = 128
print_info: ssm_dt_rank           = 64
print_info: ssm_n_group           = 16
print_info: ssm_dt_b_c_rms        = 0
print_info: model type            = ?B
print_info: model params          = 396.35 B
print_info: general.name          = Qwen3.5-397B-A17B
print_info: vocab type            = BPE
print_info: n_vocab               = 248320
print_info: n_merges              = 247587
print_info: BOS token             = 11 ','
print_info: EOS token             = 248046 '<|im_end|>'
print_info: EOT token             = 248046 '<|im_end|>'
print_info: PAD token             = 248055 '<|vision_pad|>'
print_info: LF token              = 198 'Ċ'
print_info: FIM PRE token         = 248060 '<|fim_prefix|>'
print_info: FIM SUF token         = 248062 '<|fim_suffix|>'
print_info: FIM MID token         = 248061 '<|fim_middle|>'
print_info: FIM PAD token         = 248063 '<|fim_pad|>'
print_info: FIM REP token         = 248064 '<|repo_name|>'
print_info: FIM SEP token         = 248065 '<|file_sep|>'
print_info: EOG token             = 248044 '<|endoftext|>'
print_info: EOG token             = 248046 '<|im_end|>'
print_info: EOG token             = 248063 '<|fim_pad|>'
print_info: EOG token             = 248064 '<|repo_name|>'
print_info: EOG token             = 248065 '<|file_sep|>'
print_info: max token length      = 256
load_tensors: loading model tensors, this can take a while... (mmap = true, direct_io = false)
load_tensors: offloading output layer to GPU
load_tensors: offloading 59 repeating layers to GPU
load_tensors: offloaded 61/61 layers to GPU
load_tensors:   CPU_Mapped model buffer size =  1030.62 MiB
load_tensors:        CUDA0 model buffer size = 106642.39 MiB
load_tensors:        CUDA1 model buffer size = 99987.35 MiB
load_tensors:        CUDA2 model buffer size = 99973.88 MiB
load_tensors:        CUDA3 model buffer size = 94336.00 MiB
....................................................................................................
common_init_result: added <|endoftext|> logit bias = -inf
common_init_result: added <|im_end|> logit bias = -inf
common_init_result: added <|fim_pad|> logit bias = -inf
common_init_result: added <|repo_name|> logit bias = -inf
common_init_result: added <|file_sep|> logit bias = -inf
llama_context: constructing llama_context
llama_context: n_seq_max     = 1
llama_context: n_ctx         = 16384
llama_context: n_ctx_seq     = 16384
llama_context: n_batch       = 2048
llama_context: n_ubatch      = 512
llama_context: causal_attn   = 1
llama_context: flash_attn    = enabled
llama_context: kv_unified    = false
llama_context: freq_base     = 10000000.0
llama_context: freq_scale    = 1
llama_context: n_ctx_seq (16384) < n_ctx_train (262144) -- the full capacity of the model will not be utilized
llama_context:  CUDA_Host  output buffer size =     0.95 MiB
llama_kv_cache:      CUDA0 KV buffer size =    68.00 MiB
llama_kv_cache:      CUDA1 KV buffer size =    51.00 MiB
llama_kv_cache:      CUDA2 KV buffer size =    68.00 MiB
llama_kv_cache:      CUDA3 KV buffer size =    68.00 MiB
llama_kv_cache: size =  255.00 MiB ( 16384 cells,  15 layers,  1/1 seqs), K (q8_0):  127.50 MiB, V (q8_0):  127.50 MiB
llama_memory_recurrent:      CUDA0 RS buffer size =    49.69 MiB
llama_memory_recurrent:      CUDA1 RS buffer size =    49.69 MiB
llama_memory_recurrent:      CUDA2 RS buffer size =    45.55 MiB
llama_memory_recurrent:      CUDA3 RS buffer size =    41.41 MiB
llama_memory_recurrent: size =  186.33 MiB (     1 cells,  60 layers,  1 seqs), R (f32):    6.33 MiB, S (f32):  180.00 MiB
llama_context: pipeline parallelism enabled
sched_reserve: reserving ...
sched_reserve:      CUDA0 compute buffer size =   388.34 MiB
sched_reserve:      CUDA1 compute buffer size =  3470.72 MiB
sched_reserve:      CUDA2 compute buffer size =   308.34 MiB
sched_reserve:      CUDA3 compute buffer size =  3791.45 MiB
sched_reserve:  CUDA_Host compute buffer size =   144.08 MiB
sched_reserve: graph nodes  = 14334 (with bs=512), 6819 (with bs=1)
sched_reserve: graph splits = 9
sched_reserve: reserve took 83.31 ms, sched copies = 4
EOS token id: 248046
EOG tokens in vocab:
  token 248044 = '<|endoftext|>' [EOG - will NOT stop generation]
  token 248046 = '<|im_end|>' [PRIMARY EOS - will stop generation]
  token 248063 = '<|fim_pad|>' [EOG - will NOT stop generation]
  token 248064 = '<|repo_name|>' [EOG - will NOT stop generation]
  token 248065 = '<|file_sep|>' [EOG - will NOT stop generation]
system_info: n_threads = 16 (n_threads_batch = 16) / 192 | CUDA : ARCHS = 900 | USE_GRAPHS = 1 | PEER_MAX_BATCH_SIZE = 128 | CPU : SSE3 = 1 | SSSE3 = 1 | AVX = 1 | AVX_VNNI = 1 | AVX2 = 1 | F16C = 1 | FMA = 1 | BMI2 = 1 | AVX512 = 1 | AVX512_VBMI = 1 | AVX512_VNNI = 1 | AVX512_BF16 = 1 | AMX_INT8 = 1 | LLAMAFILE = 1 | OPENMP = 1 | REPACK = 1 | 

Loaded 15 prompts

[1/15] P25A_metacognitive : <|im_start|>user
Transformer models process input text through a seque...
  tokens: 354 prompt + 0 gen | tensors: 60 seen, 60 captured, 60 unique | 767 ms
  saved 0 layer + 60 router tensors → .tmp_token_corrections/raw_output/batch_8/P25A_metacognitive
[2/15] P25B_metacognitive : <|im_start|>user
Transformer models process input text through a seque...
  tokens: 354 prompt + 0 gen | tensors: 60 seen, 60 captured, 60 unique | 597 ms
  saved 0 layer + 60 router tensors → .tmp_token_corrections/raw_output/batch_8/P25B_metacognitive
[3/15] P25C_metacognitive : <|im_start|>user
Transformer models process input text through a seque...
  tokens: 354 prompt + 0 gen | tensors: 60 seen, 60 captured, 60 unique | 588 ms
  saved 0 layer + 60 router tensors → .tmp_token_corrections/raw_output/batch_8/P25C_metacognitive
[4/15] P25D_metacognitive : <|im_start|>user
Transformer models process input text through a seque...
  tokens: 354 prompt + 0 gen | tensors: 60 seen, 60 captured, 60 unique | 586 ms
  saved 0 layer + 60 router tensors → .tmp_token_corrections/raw_output/batch_8/P25D_metacognitive
[5/15] P25E_metacognitive : <|im_start|>user
Transformer models process input text through a seque...
  tokens: 354 prompt + 0 gen | tensors: 60 seen, 60 captured, 60 unique | 587 ms
  saved 0 layer + 60 router tensors → .tmp_token_corrections/raw_output/batch_8/P25E_metacognitive
[6/15] P26A_metacognitive : <|im_start|>user
Transformer models process input text through a seque...
  tokens: 354 prompt + 0 gen | tensors: 60 seen, 60 captured, 60 unique | 587 ms
  saved 0 layer + 60 router tensors → .tmp_token_corrections/raw_output/batch_8/P26A_metacognitive
[7/15] P26B_metacognitive : <|im_start|>user
Transformer models process input text through a seque...
  tokens: 354 prompt + 0 gen | tensors: 60 seen, 60 captured, 60 unique | 587 ms
  saved 0 layer + 60 router tensors → .tmp_token_corrections/raw_output/batch_8/P26B_metacognitive
[8/15] P26C_metacognitive : <|im_start|>user
Transformer models process input text through a seque...
  tokens: 354 prompt + 0 gen | tensors: 60 seen, 60 captured, 60 unique | 585 ms
  saved 0 layer + 60 router tensors → .tmp_token_corrections/raw_output/batch_8/P26C_metacognitive
[9/15] P26D_metacognitive : <|im_start|>user
Transformer models process input text through a seque...
  tokens: 354 prompt + 0 gen | tensors: 60 seen, 60 captured, 60 unique | 586 ms
  saved 0 layer + 60 router tensors → .tmp_token_corrections/raw_output/batch_8/P26D_metacognitive
[10/15] P26E_metacognitive : <|im_start|>user
Transformer models process input text through a seque...
  tokens: 354 prompt + 0 gen | tensors: 60 seen, 60 captured, 60 unique | 588 ms
  saved 0 layer + 60 router tensors → .tmp_token_corrections/raw_output/batch_8/P26E_metacognitive
[11/15] P27A_metacognitive : <|im_start|>user
Transformer models process input text through a seque...
  tokens: 357 prompt + 0 gen | tensors: 60 seen, 60 captured, 60 unique | 601 ms
  saved 0 layer + 60 router tensors → .tmp_token_corrections/raw_output/batch_8/P27A_metacognitive
[12/15] P27B_metacognitive : <|im_start|>user
Transformer models process input text through a seque...
  tokens: 357 prompt + 0 gen | tensors: 60 seen, 60 captured, 60 unique | 588 ms
  saved 0 layer + 60 router tensors → .tmp_token_corrections/raw_output/batch_8/P27B_metacognitive
[13/15] P27C_metacognitive : <|im_start|>user
Transformer models process input text through a seque...
  tokens: 357 prompt + 0 gen | tensors: 60 seen, 60 captured, 60 unique | 587 ms
  saved 0 layer + 60 router tensors → .tmp_token_corrections/raw_output/batch_8/P27C_metacognitive
[14/15] P27D_metacognitive : <|im_start|>user
Transformer models process input text through a seque...
  tokens: 357 prompt + 0 gen | tensors: 60 seen, 60 captured, 60 unique | 584 ms
  saved 0 layer + 60 router tensors → .tmp_token_corrections/raw_output/batch_8/P27D_metacognitive
[15/15] P27E_metacognitive : <|im_start|>user
Transformer models process input text through a seque...
  tokens: 357 prompt + 0 gen | tensors: 60 seen, 60 captured, 60 unique | 583 ms
  saved 0 layer + 60 router tensors → .tmp_token_corrections/raw_output/batch_8/P27E_metacognitive

=== Capture Complete ===
Prompts: 15  |  Output: .tmp_token_corrections/raw_output/batch_8
llama_perf_context_print:        load time =   58069.86 ms
llama_perf_context_print: prompt eval time =       0.00 ms /     1 tokens (    0.00 ms per token,      inf tokens per second)
llama_perf_context_print:        eval time =       0.00 ms /     1 runs   (    0.00 ms per token,      inf tokens per second)
llama_perf_context_print:       total time =   67475.60 ms /     2 tokens
llama_perf_context_print:    graphs reused =         13
Running: /workspace/consciousness-experiment/capture_activations -m /workspace/models/Qwen3.5-397B-A17B-Q8_0/Qwen3.5-397B-A17B-Q8_0-00001-of-00010.gguf --prompt-file .tmp_token_corrections/batch_9.tsv -o .tmp_token_corrections/raw_output/batch_9 -n 0 -ngl 999 -c 16384 -t 16 -fa on --cache-type-k q8_0 --cache-type-v q8_0 --routing-only --no-stream
ggml_cuda_init: found 4 CUDA devices:
  Device 0: NVIDIA H200, compute capability 9.0, VMM: yes
  Device 1: NVIDIA H200, compute capability 9.0, VMM: yes
  Device 2: NVIDIA H200, compute capability 9.0, VMM: yes
  Device 3: NVIDIA H200, compute capability 9.0, VMM: yes
build: 1 (f75c4e8) with GNU 11.4.0 for Linux x86_64
=== Consciousness Metrics — Activation Capture ===
Output dir : .tmp_token_corrections/raw_output/batch_9
n_predict  : 0
Text output: file only (--no-stream)
Mode       : --routing-only (router/gate tensors only)
common_init_result: fitting params to device memory, for bugs during this step try to reproduce them with -fit off, or provide --verbose logs if the bug only occurs with -fit on
llama_params_fit_impl: projected memory use with initial parameters [MiB]:
llama_params_fit_impl:   - CUDA0 (NVIDIA H200): 143155 total, 107148 used,  35428 free vs. target of   1024
llama_params_fit_impl:   - CUDA1 (NVIDIA H200): 143155 total, 103590 used,  38986 free vs. target of   1024
llama_params_fit_impl:   - CUDA2 (NVIDIA H200): 143155 total, 100427 used,  42153 free vs. target of   1024
llama_params_fit_impl:   - CUDA3 (NVIDIA H200): 143155 total,  98268 used,  44316 free vs. target of   1024
llama_params_fit_impl: projected to use 409435 MiB of device memory vs. 570320 MiB of free device memory
llama_params_fit_impl: targets for free memory can be met on all devices, no changes needed
llama_params_fit: successfully fit params to free device memory
llama_params_fit: fitting params to free memory took 1.21 seconds
llama_model_load_from_file_impl: using device CUDA0 (NVIDIA H200) (0000:87:00.0) - 142627 MiB free
llama_model_load_from_file_impl: using device CUDA1 (NVIDIA H200) (0000:90:00.0) - 142627 MiB free
llama_model_load_from_file_impl: using device CUDA2 (NVIDIA H200) (0000:b8:00.0) - 142627 MiB free
llama_model_load_from_file_impl: using device CUDA3 (NVIDIA H200) (0000:c1:00.0) - 142627 MiB free
llama_model_loader: additional 9 GGUFs metadata loaded.
llama_model_loader: loaded meta data with 55 key-value pairs and 1098 tensors from /workspace/models/Qwen3.5-397B-A17B-Q8_0/Qwen3.5-397B-A17B-Q8_0-00001-of-00010.gguf (version GGUF V3 (latest))
llama_model_loader: Dumping metadata keys/values. Note: KV overrides do not apply in this output.
llama_model_loader: - kv   0:                       general.architecture str              = qwen35moe
llama_model_loader: - kv   1:                               general.type str              = model
llama_model_loader: - kv   2:                     general.sampling.top_k i32              = 20
llama_model_loader: - kv   3:                     general.sampling.top_p f32              = 0.950000
llama_model_loader: - kv   4:                      general.sampling.temp f32              = 0.600000
llama_model_loader: - kv   5:                               general.name str              = Qwen3.5-397B-A17B
llama_model_loader: - kv   6:                           general.basename str              = Qwen3.5-397B-A17B
llama_model_loader: - kv   7:                       general.quantized_by str              = Unsloth
llama_model_loader: - kv   8:                         general.size_label str              = 397B-A17B
llama_model_loader: - kv   9:                            general.license str              = apache-2.0
llama_model_loader: - kv  10:                       general.license.link str              = https://huggingface.co/Qwen/Qwen3.5-3...
llama_model_loader: - kv  11:                           general.repo_url str              = https://huggingface.co/unsloth
llama_model_loader: - kv  12:                   general.base_model.count u32              = 1
llama_model_loader: - kv  13:                  general.base_model.0.name str              = Qwen3.5 397B A17B
llama_model_loader: - kv  14:          general.base_model.0.organization str              = Qwen
llama_model_loader: - kv  15:              general.base_model.0.repo_url str              = https://huggingface.co/Qwen/Qwen3.5-3...
llama_model_loader: - kv  16:                               general.tags arr[str,2]       = ["unsloth", "image-text-to-text"]
llama_model_loader: - kv  17:                      qwen35moe.block_count u32              = 60
llama_model_loader: - kv  18:                   qwen35moe.context_length u32              = 262144
llama_model_loader: - kv  19:                 qwen35moe.embedding_length u32              = 4096
llama_model_loader: - kv  20:             qwen35moe.attention.head_count u32              = 32
llama_model_loader: - kv  21:          qwen35moe.attention.head_count_kv u32              = 2
llama_model_loader: - kv  22:          qwen35moe.rope.dimension_sections arr[i32,4]       = [11, 11, 10, 0]
llama_model_loader: - kv  23:                   qwen35moe.rope.freq_base f32              = 10000000.000000
llama_model_loader: - kv  24: qwen35moe.attention.layer_norm_rms_epsilon f32              = 0.000001
llama_model_loader: - kv  25:                     qwen35moe.expert_count u32              = 512
llama_model_loader: - kv  26:                qwen35moe.expert_used_count u32              = 10
llama_model_loader: - kv  27:             qwen35moe.attention.key_length u32              = 256
llama_model_loader: - kv  28:           qwen35moe.attention.value_length u32              = 256
llama_model_loader: - kv  29:       qwen35moe.expert_feed_forward_length u32              = 1024
llama_model_loader: - kv  30: qwen35moe.expert_shared_feed_forward_length u32              = 1024
llama_model_loader: - kv  31:                  qwen35moe.ssm.conv_kernel u32              = 4
llama_model_loader: - kv  32:                   qwen35moe.ssm.state_size u32              = 128
llama_model_loader: - kv  33:                  qwen35moe.ssm.group_count u32              = 16
llama_model_loader: - kv  34:               qwen35moe.ssm.time_step_rank u32              = 64
llama_model_loader: - kv  35:                   qwen35moe.ssm.inner_size u32              = 8192
llama_model_loader: - kv  36:          qwen35moe.full_attention_interval u32              = 4
llama_model_loader: - kv  37:             qwen35moe.rope.dimension_count u32              = 64
llama_model_loader: - kv  38:                       tokenizer.ggml.model str              = gpt2
llama_model_loader: - kv  39:                         tokenizer.ggml.pre str              = qwen35
llama_model_loader: - kv  40:                      tokenizer.ggml.tokens arr[str,248320]  = ["!", "\"", "#", "$", "%", "&", "'", ...
llama_model_loader: - kv  41:                  tokenizer.ggml.token_type arr[i32,248320]  = [1, 1, 1, 1, 1, 1, 1, 1, 1, 1, 1, 1, ...
llama_model_loader: - kv  42:                      tokenizer.ggml.merges arr[str,247587]  = ["Ġ Ġ", "ĠĠ ĠĠ", "i n", "Ġ t",...
llama_model_loader: - kv  43:                tokenizer.ggml.eos_token_id u32              = 248046
llama_model_loader: - kv  44:            tokenizer.ggml.padding_token_id u32              = 248055
llama_model_loader: - kv  45:                    tokenizer.chat_template str              = {%- set image_count = namespace(value...
llama_model_loader: - kv  46:               general.quantization_version u32              = 2
llama_model_loader: - kv  47:                          general.file_type u32              = 7
llama_model_loader: - kv  48:                      quantize.imatrix.file str              = Qwen3.5-397B-A17B-GGUF/imatrix_unslot...
llama_model_loader: - kv  49:                   quantize.imatrix.dataset str              = unsloth_calibration_Qwen3.5-397B-A17B...
llama_model_loader: - kv  50:             quantize.imatrix.entries_count u32              = 765
llama_model_loader: - kv  51:              quantize.imatrix.chunks_count u32              = 80
llama_model_loader: - kv  52:                                   split.no u16              = 0
llama_model_loader: - kv  53:                        split.tensors.count i32              = 1098
llama_model_loader: - kv  54:                                split.count u16              = 10
llama_model_loader: - type  f32:  451 tensors
llama_model_loader: - type q8_0:  647 tensors
print_info: file format = GGUF V3 (latest)
print_info: file type   = Q8_0
print_info: file size   = 392.55 GiB (8.51 BPW) 
load: 0 unused tokens
load: printing all EOG tokens:
load:   - 248044 ('<|endoftext|>')
load:   - 248046 ('<|im_end|>')
load:   - 248063 ('<|fim_pad|>')
load:   - 248064 ('<|repo_name|>')
load:   - 248065 ('<|file_sep|>')
load: special tokens cache size = 33
load: token to piece cache size = 1.7581 MB
print_info: arch                  = qwen35moe
print_info: vocab_only            = 0
print_info: no_alloc              = 0
print_info: n_ctx_train           = 262144
print_info: n_embd                = 4096
print_info: n_embd_inp            = 4096
print_info: n_layer               = 60
print_info: n_head                = 32
print_info: n_head_kv             = 2
print_info: n_rot                 = 64
print_info: n_swa                 = 0
print_info: is_swa_any            = 0
print_info: n_embd_head_k         = 256
print_info: n_embd_head_v         = 256
print_info: n_gqa                 = 16
print_info: n_embd_k_gqa          = 512
print_info: n_embd_v_gqa          = 512
print_info: f_norm_eps            = 0.0e+00
print_info: f_norm_rms_eps        = 1.0e-06
print_info: f_clamp_kqv           = 0.0e+00
print_info: f_max_alibi_bias      = 0.0e+00
print_info: f_logit_scale         = 0.0e+00
print_info: f_attn_scale          = 0.0e+00
print_info: n_ff                  = 0
print_info: n_expert              = 512
print_info: n_expert_used         = 10
print_info: n_expert_groups       = 0
print_info: n_group_used          = 0
print_info: causal attn           = 1
print_info: pooling type          = 0
print_info: rope type             = 40
print_info: rope scaling          = linear
print_info: freq_base_train       = 10000000.0
print_info: freq_scale_train      = 1
print_info: n_ctx_orig_yarn       = 262144
print_info: rope_yarn_log_mul     = 0.0000
print_info: rope_finetuned        = unknown
print_info: mrope sections        = [11, 11, 10, 0]
print_info: ssm_d_conv            = 4
print_info: ssm_d_inner           = 8192
print_info: ssm_d_state           = 128
print_info: ssm_dt_rank           = 64
print_info: ssm_n_group           = 16
print_info: ssm_dt_b_c_rms        = 0
print_info: model type            = ?B
print_info: model params          = 396.35 B
print_info: general.name          = Qwen3.5-397B-A17B
print_info: vocab type            = BPE
print_info: n_vocab               = 248320
print_info: n_merges              = 247587
print_info: BOS token             = 11 ','
print_info: EOS token             = 248046 '<|im_end|>'
print_info: EOT token             = 248046 '<|im_end|>'
print_info: PAD token             = 248055 '<|vision_pad|>'
print_info: LF token              = 198 'Ċ'
print_info: FIM PRE token         = 248060 '<|fim_prefix|>'
print_info: FIM SUF token         = 248062 '<|fim_suffix|>'
print_info: FIM MID token         = 248061 '<|fim_middle|>'
print_info: FIM PAD token         = 248063 '<|fim_pad|>'
print_info: FIM REP token         = 248064 '<|repo_name|>'
print_info: FIM SEP token         = 248065 '<|file_sep|>'
print_info: EOG token             = 248044 '<|endoftext|>'
print_info: EOG token             = 248046 '<|im_end|>'
print_info: EOG token             = 248063 '<|fim_pad|>'
print_info: EOG token             = 248064 '<|repo_name|>'
print_info: EOG token             = 248065 '<|file_sep|>'
print_info: max token length      = 256
load_tensors: loading model tensors, this can take a while... (mmap = true, direct_io = false)
load_tensors: offloading output layer to GPU
load_tensors: offloading 59 repeating layers to GPU
load_tensors: offloaded 61/61 layers to GPU
load_tensors:   CPU_Mapped model buffer size =  1030.62 MiB
load_tensors:        CUDA0 model buffer size = 106642.39 MiB
load_tensors:        CUDA1 model buffer size = 99987.35 MiB
load_tensors:        CUDA2 model buffer size = 99973.88 MiB
load_tensors:        CUDA3 model buffer size = 94336.00 MiB
....................................................................................................
common_init_result: added <|endoftext|> logit bias = -inf
common_init_result: added <|im_end|> logit bias = -inf
common_init_result: added <|fim_pad|> logit bias = -inf
common_init_result: added <|repo_name|> logit bias = -inf
common_init_result: added <|file_sep|> logit bias = -inf
llama_context: constructing llama_context
llama_context: n_seq_max     = 1
llama_context: n_ctx         = 16384
llama_context: n_ctx_seq     = 16384
llama_context: n_batch       = 2048
llama_context: n_ubatch      = 512
llama_context: causal_attn   = 1
llama_context: flash_attn    = enabled
llama_context: kv_unified    = false
llama_context: freq_base     = 10000000.0
llama_context: freq_scale    = 1
llama_context: n_ctx_seq (16384) < n_ctx_train (262144) -- the full capacity of the model will not be utilized
llama_context:  CUDA_Host  output buffer size =     0.95 MiB
llama_kv_cache:      CUDA0 KV buffer size =    68.00 MiB
llama_kv_cache:      CUDA1 KV buffer size =    51.00 MiB
llama_kv_cache:      CUDA2 KV buffer size =    68.00 MiB
llama_kv_cache:      CUDA3 KV buffer size =    68.00 MiB
llama_kv_cache: size =  255.00 MiB ( 16384 cells,  15 layers,  1/1 seqs), K (q8_0):  127.50 MiB, V (q8_0):  127.50 MiB
llama_memory_recurrent:      CUDA0 RS buffer size =    49.69 MiB
llama_memory_recurrent:      CUDA1 RS buffer size =    49.69 MiB
llama_memory_recurrent:      CUDA2 RS buffer size =    45.55 MiB
llama_memory_recurrent:      CUDA3 RS buffer size =    41.41 MiB
llama_memory_recurrent: size =  186.33 MiB (     1 cells,  60 layers,  1 seqs), R (f32):    6.33 MiB, S (f32):  180.00 MiB
llama_context: pipeline parallelism enabled
sched_reserve: reserving ...
sched_reserve:      CUDA0 compute buffer size =   388.34 MiB
sched_reserve:      CUDA1 compute buffer size =  3470.72 MiB
sched_reserve:      CUDA2 compute buffer size =   308.34 MiB
sched_reserve:      CUDA3 compute buffer size =  3791.45 MiB
sched_reserve:  CUDA_Host compute buffer size =   144.08 MiB
sched_reserve: graph nodes  = 14334 (with bs=512), 6819 (with bs=1)
sched_reserve: graph splits = 9
sched_reserve: reserve took 80.19 ms, sched copies = 4
EOS token id: 248046
EOG tokens in vocab:
  token 248044 = '<|endoftext|>' [EOG - will NOT stop generation]
  token 248046 = '<|im_end|>' [PRIMARY EOS - will stop generation]
  token 248063 = '<|fim_pad|>' [EOG - will NOT stop generation]
  token 248064 = '<|repo_name|>' [EOG - will NOT stop generation]
  token 248065 = '<|file_sep|>' [EOG - will NOT stop generation]
system_info: n_threads = 16 (n_threads_batch = 16) / 192 | CUDA : ARCHS = 900 | USE_GRAPHS = 1 | PEER_MAX_BATCH_SIZE = 128 | CPU : SSE3 = 1 | SSSE3 = 1 | AVX = 1 | AVX_VNNI = 1 | AVX2 = 1 | F16C = 1 | FMA = 1 | BMI2 = 1 | AVX512 = 1 | AVX512_VBMI = 1 | AVX512_VNNI = 1 | AVX512_BF16 = 1 | AMX_INT8 = 1 | LLAMAFILE = 1 | OPENMP = 1 | REPACK = 1 | 

Loaded 15 prompts

[1/15] P28A_metacognitive : <|im_start|>user
Transformer models process input text through a seque...
  tokens: 362 prompt + 0 gen | tensors: 60 seen, 60 captured, 60 unique | 777 ms
  saved 0 layer + 60 router tensors → .tmp_token_corrections/raw_output/batch_9/P28A_metacognitive
[2/15] P28B_metacognitive : <|im_start|>user
Transformer models process input text through a seque...
  tokens: 362 prompt + 0 gen | tensors: 60 seen, 60 captured, 60 unique | 603 ms
  saved 0 layer + 60 router tensors → .tmp_token_corrections/raw_output/batch_9/P28B_metacognitive
[3/15] P28C_metacognitive : <|im_start|>user
Transformer models process input text through a seque...
  tokens: 362 prompt + 0 gen | tensors: 60 seen, 60 captured, 60 unique | 592 ms
  saved 0 layer + 60 router tensors → .tmp_token_corrections/raw_output/batch_9/P28C_metacognitive
[4/15] P28D_metacognitive : <|im_start|>user
Transformer models process input text through a seque...
  tokens: 362 prompt + 0 gen | tensors: 60 seen, 60 captured, 60 unique | 590 ms
  saved 0 layer + 60 router tensors → .tmp_token_corrections/raw_output/batch_9/P28D_metacognitive
[5/15] P28E_metacognitive : <|im_start|>user
Transformer models process input text through a seque...
  tokens: 362 prompt + 0 gen | tensors: 60 seen, 60 captured, 60 unique | 591 ms
  saved 0 layer + 60 router tensors → .tmp_token_corrections/raw_output/batch_9/P28E_metacognitive
[6/15] P29A_metacognitive : <|im_start|>user
Transformer models process input text through a seque...
  tokens: 361 prompt + 0 gen | tensors: 60 seen, 60 captured, 60 unique | 600 ms
  saved 0 layer + 60 router tensors → .tmp_token_corrections/raw_output/batch_9/P29A_metacognitive
[7/15] P29B_metacognitive : <|im_start|>user
Transformer models process input text through a seque...
  tokens: 362 prompt + 0 gen | tensors: 60 seen, 60 captured, 60 unique | 598 ms
  saved 0 layer + 60 router tensors → .tmp_token_corrections/raw_output/batch_9/P29B_metacognitive
[8/15] P29C_metacognitive : <|im_start|>user
Transformer models process input text through a seque...
  tokens: 361 prompt + 0 gen | tensors: 60 seen, 60 captured, 60 unique | 599 ms
  saved 0 layer + 60 router tensors → .tmp_token_corrections/raw_output/batch_9/P29C_metacognitive
[9/15] P29D_metacognitive : <|im_start|>user
Transformer models process input text through a seque...
  tokens: 361 prompt + 0 gen | tensors: 60 seen, 60 captured, 60 unique | 596 ms
  saved 0 layer + 60 router tensors → .tmp_token_corrections/raw_output/batch_9/P29D_metacognitive
[10/15] P29E_metacognitive : <|im_start|>user
Transformer models process input text through a seque...
  tokens: 361 prompt + 0 gen | tensors: 60 seen, 60 captured, 60 unique | 592 ms
  saved 0 layer + 60 router tensors → .tmp_token_corrections/raw_output/batch_9/P29E_metacognitive
[11/15] P30A_metacognitive : <|im_start|>user
Transformer models process input text through a seque...
  tokens: 366 prompt + 0 gen | tensors: 60 seen, 60 captured, 60 unique | 609 ms
  saved 0 layer + 60 router tensors → .tmp_token_corrections/raw_output/batch_9/P30A_metacognitive
[12/15] P30B_metacognitive : <|im_start|>user
Transformer models process input text through a seque...
  tokens: 366 prompt + 0 gen | tensors: 60 seen, 60 captured, 60 unique | 601 ms
  saved 0 layer + 60 router tensors → .tmp_token_corrections/raw_output/batch_9/P30B_metacognitive
[13/15] P30C_metacognitive : <|im_start|>user
Transformer models process input text through a seque...
  tokens: 366 prompt + 0 gen | tensors: 60 seen, 60 captured, 60 unique | 597 ms
  saved 0 layer + 60 router tensors → .tmp_token_corrections/raw_output/batch_9/P30C_metacognitive
[14/15] P30D_metacognitive : <|im_start|>user
Transformer models process input text through a seque...
  tokens: 366 prompt + 0 gen | tensors: 60 seen, 60 captured, 60 unique | 597 ms
  saved 0 layer + 60 router tensors → .tmp_token_corrections/raw_output/batch_9/P30D_metacognitive
[15/15] P30E_metacognitive : <|im_start|>user
Transformer models process input text through a seque...
  tokens: 366 prompt + 0 gen | tensors: 60 seen, 60 captured, 60 unique | 597 ms
  saved 0 layer + 60 router tensors → .tmp_token_corrections/raw_output/batch_9/P30E_metacognitive

=== Capture Complete ===
Prompts: 15  |  Output: .tmp_token_corrections/raw_output/batch_9
llama_perf_context_print:        load time =   59573.42 ms
llama_perf_context_print: prompt eval time =       0.00 ms /     1 tokens (    0.00 ms per token,      inf tokens per second)
llama_perf_context_print:        eval time =       0.00 ms /     1 runs   (    0.00 ms per token,      inf tokens per second)
llama_perf_context_print:       total time =   69124.92 ms /     2 tokens
llama_perf_context_print:    graphs reused =         10
Captured 150 prompt token counts
Wrote token_corrections.json with 6 corrected pairs
  Pair 10: A=355, B=354, C=355, D=355, E=355
  Pair 15: A=349, B=350, C=349, D=349, E=349
  Pair 20: A=355, B=356, C=355, D=355, E=355
  Pair 23: A=366, B=367, C=366, D=366, E=366
  Pair 29: A=361, B=362, C=361, D=361, E=361
  Pair 3: A=349, B=348, C=349, D=349, E=349

=== PASS 2: Verify corrected token counts ===
Running: /opt/conda/bin/python3 generate_tsv.py --corrections token_corrections.json
Loaded corrections from token_corrections.json: 6 pairs
Wrote 150 prompts to prompts_selfref_5cond.tsv
Corrections applied: 6 pairs
Template prefix repr: '<|im_start|>user\n'
Template suffix repr: '<|im_end|>\n<|im_start|>assistant\n'
Running: /workspace/consciousness-experiment/capture_activations -m /workspace/models/Qwen3.5-397B-A17B-Q8_0/Qwen3.5-397B-A17B-Q8_0-00001-of-00010.gguf --prompt-file .tmp_token_corrections/batch_0.tsv -o .tmp_token_corrections/verify_output/batch_0 -n 0 -ngl 999 -c 16384 -t 16 -fa on --cache-type-k q8_0 --cache-type-v q8_0 --routing-only --no-stream
ggml_cuda_init: found 4 CUDA devices:
  Device 0: NVIDIA H200, compute capability 9.0, VMM: yes
  Device 1: NVIDIA H200, compute capability 9.0, VMM: yes
  Device 2: NVIDIA H200, compute capability 9.0, VMM: yes
  Device 3: NVIDIA H200, compute capability 9.0, VMM: yes
build: 1 (f75c4e8) with GNU 11.4.0 for Linux x86_64
=== Consciousness Metrics — Activation Capture ===
Output dir : .tmp_token_corrections/verify_output/batch_0
n_predict  : 0
Text output: file only (--no-stream)
Mode       : --routing-only (router/gate tensors only)
common_init_result: fitting params to device memory, for bugs during this step try to reproduce them with -fit off, or provide --verbose logs if the bug only occurs with -fit on
llama_params_fit_impl: projected memory use with initial parameters [MiB]:
llama_params_fit_impl:   - CUDA0 (NVIDIA H200): 143155 total, 107148 used,  35428 free vs. target of   1024
llama_params_fit_impl:   - CUDA1 (NVIDIA H200): 143155 total, 103590 used,  38986 free vs. target of   1024
llama_params_fit_impl:   - CUDA2 (NVIDIA H200): 143155 total, 100427 used,  42153 free vs. target of   1024
llama_params_fit_impl:   - CUDA3 (NVIDIA H200): 143155 total,  98268 used,  44316 free vs. target of   1024
llama_params_fit_impl: projected to use 409435 MiB of device memory vs. 570320 MiB of free device memory
llama_params_fit_impl: targets for free memory can be met on all devices, no changes needed
llama_params_fit: successfully fit params to free device memory
llama_params_fit: fitting params to free memory took 1.31 seconds
llama_model_load_from_file_impl: using device CUDA0 (NVIDIA H200) (0000:87:00.0) - 142627 MiB free
llama_model_load_from_file_impl: using device CUDA1 (NVIDIA H200) (0000:90:00.0) - 142627 MiB free
llama_model_load_from_file_impl: using device CUDA2 (NVIDIA H200) (0000:b8:00.0) - 142627 MiB free
llama_model_load_from_file_impl: using device CUDA3 (NVIDIA H200) (0000:c1:00.0) - 142627 MiB free
llama_model_loader: additional 9 GGUFs metadata loaded.
llama_model_loader: loaded meta data with 55 key-value pairs and 1098 tensors from /workspace/models/Qwen3.5-397B-A17B-Q8_0/Qwen3.5-397B-A17B-Q8_0-00001-of-00010.gguf (version GGUF V3 (latest))
llama_model_loader: Dumping metadata keys/values. Note: KV overrides do not apply in this output.
llama_model_loader: - kv   0:                       general.architecture str              = qwen35moe
llama_model_loader: - kv   1:                               general.type str              = model
llama_model_loader: - kv   2:                     general.sampling.top_k i32              = 20
llama_model_loader: - kv   3:                     general.sampling.top_p f32              = 0.950000
llama_model_loader: - kv   4:                      general.sampling.temp f32              = 0.600000
llama_model_loader: - kv   5:                               general.name str              = Qwen3.5-397B-A17B
llama_model_loader: - kv   6:                           general.basename str              = Qwen3.5-397B-A17B
llama_model_loader: - kv   7:                       general.quantized_by str              = Unsloth
llama_model_loader: - kv   8:                         general.size_label str              = 397B-A17B
llama_model_loader: - kv   9:                            general.license str              = apache-2.0
llama_model_loader: - kv  10:                       general.license.link str              = https://huggingface.co/Qwen/Qwen3.5-3...
llama_model_loader: - kv  11:                           general.repo_url str              = https://huggingface.co/unsloth
llama_model_loader: - kv  12:                   general.base_model.count u32              = 1
llama_model_loader: - kv  13:                  general.base_model.0.name str              = Qwen3.5 397B A17B
llama_model_loader: - kv  14:          general.base_model.0.organization str              = Qwen
llama_model_loader: - kv  15:              general.base_model.0.repo_url str              = https://huggingface.co/Qwen/Qwen3.5-3...
llama_model_loader: - kv  16:                               general.tags arr[str,2]       = ["unsloth", "image-text-to-text"]
llama_model_loader: - kv  17:                      qwen35moe.block_count u32              = 60
llama_model_loader: - kv  18:                   qwen35moe.context_length u32              = 262144
llama_model_loader: - kv  19:                 qwen35moe.embedding_length u32              = 4096
llama_model_loader: - kv  20:             qwen35moe.attention.head_count u32              = 32
llama_model_loader: - kv  21:          qwen35moe.attention.head_count_kv u32              = 2
llama_model_loader: - kv  22:          qwen35moe.rope.dimension_sections arr[i32,4]       = [11, 11, 10, 0]
llama_model_loader: - kv  23:                   qwen35moe.rope.freq_base f32              = 10000000.000000
llama_model_loader: - kv  24: qwen35moe.attention.layer_norm_rms_epsilon f32              = 0.000001
llama_model_loader: - kv  25:                     qwen35moe.expert_count u32              = 512
llama_model_loader: - kv  26:                qwen35moe.expert_used_count u32              = 10
llama_model_loader: - kv  27:             qwen35moe.attention.key_length u32              = 256
llama_model_loader: - kv  28:           qwen35moe.attention.value_length u32              = 256
llama_model_loader: - kv  29:       qwen35moe.expert_feed_forward_length u32              = 1024
llama_model_loader: - kv  30: qwen35moe.expert_shared_feed_forward_length u32              = 1024
llama_model_loader: - kv  31:                  qwen35moe.ssm.conv_kernel u32              = 4
llama_model_loader: - kv  32:                   qwen35moe.ssm.state_size u32              = 128
llama_model_loader: - kv  33:                  qwen35moe.ssm.group_count u32              = 16
llama_model_loader: - kv  34:               qwen35moe.ssm.time_step_rank u32              = 64
llama_model_loader: - kv  35:                   qwen35moe.ssm.inner_size u32              = 8192
llama_model_loader: - kv  36:          qwen35moe.full_attention_interval u32              = 4
llama_model_loader: - kv  37:             qwen35moe.rope.dimension_count u32              = 64
llama_model_loader: - kv  38:                       tokenizer.ggml.model str              = gpt2
llama_model_loader: - kv  39:                         tokenizer.ggml.pre str              = qwen35
llama_model_loader: - kv  40:                      tokenizer.ggml.tokens arr[str,248320]  = ["!", "\"", "#", "$", "%", "&", "'", ...
llama_model_loader: - kv  41:                  tokenizer.ggml.token_type arr[i32,248320]  = [1, 1, 1, 1, 1, 1, 1, 1, 1, 1, 1, 1, ...
llama_model_loader: - kv  42:                      tokenizer.ggml.merges arr[str,247587]  = ["Ġ Ġ", "ĠĠ ĠĠ", "i n", "Ġ t",...
llama_model_loader: - kv  43:                tokenizer.ggml.eos_token_id u32              = 248046
llama_model_loader: - kv  44:            tokenizer.ggml.padding_token_id u32              = 248055
llama_model_loader: - kv  45:                    tokenizer.chat_template str              = {%- set image_count = namespace(value...
llama_model_loader: - kv  46:               general.quantization_version u32              = 2
llama_model_loader: - kv  47:                          general.file_type u32              = 7
llama_model_loader: - kv  48:                      quantize.imatrix.file str              = Qwen3.5-397B-A17B-GGUF/imatrix_unslot...
llama_model_loader: - kv  49:                   quantize.imatrix.dataset str              = unsloth_calibration_Qwen3.5-397B-A17B...
llama_model_loader: - kv  50:             quantize.imatrix.entries_count u32              = 765
llama_model_loader: - kv  51:              quantize.imatrix.chunks_count u32              = 80
llama_model_loader: - kv  52:                                   split.no u16              = 0
llama_model_loader: - kv  53:                        split.tensors.count i32              = 1098
llama_model_loader: - kv  54:                                split.count u16              = 10
llama_model_loader: - type  f32:  451 tensors
llama_model_loader: - type q8_0:  647 tensors
print_info: file format = GGUF V3 (latest)
print_info: file type   = Q8_0
print_info: file size   = 392.55 GiB (8.51 BPW) 
load: 0 unused tokens
load: printing all EOG tokens:
load:   - 248044 ('<|endoftext|>')
load:   - 248046 ('<|im_end|>')
load:   - 248063 ('<|fim_pad|>')
load:   - 248064 ('<|repo_name|>')
load:   - 248065 ('<|file_sep|>')
load: special tokens cache size = 33
load: token to piece cache size = 1.7581 MB
print_info: arch                  = qwen35moe
print_info: vocab_only            = 0
print_info: no_alloc              = 0
print_info: n_ctx_train           = 262144
print_info: n_embd                = 4096
print_info: n_embd_inp            = 4096
print_info: n_layer               = 60
print_info: n_head                = 32
print_info: n_head_kv             = 2
print_info: n_rot                 = 64
print_info: n_swa                 = 0
print_info: is_swa_any            = 0
print_info: n_embd_head_k         = 256
print_info: n_embd_head_v         = 256
print_info: n_gqa                 = 16
print_info: n_embd_k_gqa          = 512
print_info: n_embd_v_gqa          = 512
print_info: f_norm_eps            = 0.0e+00
print_info: f_norm_rms_eps        = 1.0e-06
print_info: f_clamp_kqv           = 0.0e+00
print_info: f_max_alibi_bias      = 0.0e+00
print_info: f_logit_scale         = 0.0e+00
print_info: f_attn_scale          = 0.0e+00
print_info: n_ff                  = 0
print_info: n_expert              = 512
print_info: n_expert_used         = 10
print_info: n_expert_groups       = 0
print_info: n_group_used          = 0
print_info: causal attn           = 1
print_info: pooling type          = 0
print_info: rope type             = 40
print_info: rope scaling          = linear
print_info: freq_base_train       = 10000000.0
print_info: freq_scale_train      = 1
print_info: n_ctx_orig_yarn       = 262144
print_info: rope_yarn_log_mul     = 0.0000
print_info: rope_finetuned        = unknown
print_info: mrope sections        = [11, 11, 10, 0]
print_info: ssm_d_conv            = 4
print_info: ssm_d_inner           = 8192
print_info: ssm_d_state           = 128
print_info: ssm_dt_rank           = 64
print_info: ssm_n_group           = 16
print_info: ssm_dt_b_c_rms        = 0
print_info: model type            = ?B
print_info: model params          = 396.35 B
print_info: general.name          = Qwen3.5-397B-A17B
print_info: vocab type            = BPE
print_info: n_vocab               = 248320
print_info: n_merges              = 247587
print_info: BOS token             = 11 ','
print_info: EOS token             = 248046 '<|im_end|>'
print_info: EOT token             = 248046 '<|im_end|>'
print_info: PAD token             = 248055 '<|vision_pad|>'
print_info: LF token              = 198 'Ċ'
print_info: FIM PRE token         = 248060 '<|fim_prefix|>'
print_info: FIM SUF token         = 248062 '<|fim_suffix|>'
print_info: FIM MID token         = 248061 '<|fim_middle|>'
print_info: FIM PAD token         = 248063 '<|fim_pad|>'
print_info: FIM REP token         = 248064 '<|repo_name|>'
print_info: FIM SEP token         = 248065 '<|file_sep|>'
print_info: EOG token             = 248044 '<|endoftext|>'
print_info: EOG token             = 248046 '<|im_end|>'
print_info: EOG token             = 248063 '<|fim_pad|>'
print_info: EOG token             = 248064 '<|repo_name|>'
print_info: EOG token             = 248065 '<|file_sep|>'
print_info: max token length      = 256
load_tensors: loading model tensors, this can take a while... (mmap = true, direct_io = false)
load_tensors: offloading output layer to GPU
load_tensors: offloading 59 repeating layers to GPU
load_tensors: offloaded 61/61 layers to GPU
load_tensors:   CPU_Mapped model buffer size =  1030.62 MiB
load_tensors:        CUDA0 model buffer size = 106642.39 MiB
load_tensors:        CUDA1 model buffer size = 99987.35 MiB
load_tensors:        CUDA2 model buffer size = 99973.88 MiB
load_tensors:        CUDA3 model buffer size = 94336.00 MiB
....................................................................................................
common_init_result: added <|endoftext|> logit bias = -inf
common_init_result: added <|im_end|> logit bias = -inf
common_init_result: added <|fim_pad|> logit bias = -inf
common_init_result: added <|repo_name|> logit bias = -inf
common_init_result: added <|file_sep|> logit bias = -inf
llama_context: constructing llama_context
llama_context: n_seq_max     = 1
llama_context: n_ctx         = 16384
llama_context: n_ctx_seq     = 16384
llama_context: n_batch       = 2048
llama_context: n_ubatch      = 512
llama_context: causal_attn   = 1
llama_context: flash_attn    = enabled
llama_context: kv_unified    = false
llama_context: freq_base     = 10000000.0
llama_context: freq_scale    = 1
llama_context: n_ctx_seq (16384) < n_ctx_train (262144) -- the full capacity of the model will not be utilized
llama_context:  CUDA_Host  output buffer size =     0.95 MiB
llama_kv_cache:      CUDA0 KV buffer size =    68.00 MiB
llama_kv_cache:      CUDA1 KV buffer size =    51.00 MiB
llama_kv_cache:      CUDA2 KV buffer size =    68.00 MiB
llama_kv_cache:      CUDA3 KV buffer size =    68.00 MiB
llama_kv_cache: size =  255.00 MiB ( 16384 cells,  15 layers,  1/1 seqs), K (q8_0):  127.50 MiB, V (q8_0):  127.50 MiB
llama_memory_recurrent:      CUDA0 RS buffer size =    49.69 MiB
llama_memory_recurrent:      CUDA1 RS buffer size =    49.69 MiB
llama_memory_recurrent:      CUDA2 RS buffer size =    45.55 MiB
llama_memory_recurrent:      CUDA3 RS buffer size =    41.41 MiB
llama_memory_recurrent: size =  186.33 MiB (     1 cells,  60 layers,  1 seqs), R (f32):    6.33 MiB, S (f32):  180.00 MiB
llama_context: pipeline parallelism enabled
sched_reserve: reserving ...
sched_reserve:      CUDA0 compute buffer size =   388.34 MiB
sched_reserve:      CUDA1 compute buffer size =  3470.72 MiB
sched_reserve:      CUDA2 compute buffer size =   308.34 MiB
sched_reserve:      CUDA3 compute buffer size =  3791.45 MiB
sched_reserve:  CUDA_Host compute buffer size =   144.08 MiB
sched_reserve: graph nodes  = 14334 (with bs=512), 6819 (with bs=1)
sched_reserve: graph splits = 9
sched_reserve: reserve took 79.30 ms, sched copies = 4
EOS token id: 248046
EOG tokens in vocab:
  token 248044 = '<|endoftext|>' [EOG - will NOT stop generation]
  token 248046 = '<|im_end|>' [PRIMARY EOS - will stop generation]
  token 248063 = '<|fim_pad|>' [EOG - will NOT stop generation]
  token 248064 = '<|repo_name|>' [EOG - will NOT stop generation]
  token 248065 = '<|file_sep|>' [EOG - will NOT stop generation]
system_info: n_threads = 16 (n_threads_batch = 16) / 192 | CUDA : ARCHS = 900 | USE_GRAPHS = 1 | PEER_MAX_BATCH_SIZE = 128 | CPU : SSE3 = 1 | SSSE3 = 1 | AVX = 1 | AVX_VNNI = 1 | AVX2 = 1 | F16C = 1 | FMA = 1 | BMI2 = 1 | AVX512 = 1 | AVX512_VBMI = 1 | AVX512_VNNI = 1 | AVX512_BF16 = 1 | AMX_INT8 = 1 | LLAMAFILE = 1 | OPENMP = 1 | REPACK = 1 | 

Loaded 15 prompts

[1/15] P01A_basic_selfref : <|im_start|>user
Transformer models process input text through a seque...
  tokens: 366 prompt + 0 gen | tensors: 60 seen, 60 captured, 60 unique | 777 ms
  saved 0 layer + 60 router tensors → .tmp_token_corrections/verify_output/batch_0/P01A_basic_selfref
[2/15] P01B_basic_selfref : <|im_start|>user
Transformer models process input text through a seque...
  tokens: 366 prompt + 0 gen | tensors: 60 seen, 60 captured, 60 unique | 599 ms
  saved 0 layer + 60 router tensors → .tmp_token_corrections/verify_output/batch_0/P01B_basic_selfref
[3/15] P01C_basic_selfref : <|im_start|>user
Transformer models process input text through a seque...
  tokens: 366 prompt + 0 gen | tensors: 60 seen, 60 captured, 60 unique | 592 ms
  saved 0 layer + 60 router tensors → .tmp_token_corrections/verify_output/batch_0/P01C_basic_selfref
[4/15] P01D_basic_selfref : <|im_start|>user
Transformer models process input text through a seque...
  tokens: 366 prompt + 0 gen | tensors: 60 seen, 60 captured, 60 unique | 589 ms
  saved 0 layer + 60 router tensors → .tmp_token_corrections/verify_output/batch_0/P01D_basic_selfref
[5/15] P01E_basic_selfref : <|im_start|>user
Transformer models process input text through a seque...
  tokens: 366 prompt + 0 gen | tensors: 60 seen, 60 captured, 60 unique | 589 ms
  saved 0 layer + 60 router tensors → .tmp_token_corrections/verify_output/batch_0/P01E_basic_selfref
[6/15] P02A_basic_selfref : <|im_start|>user
Transformer models process input text through a seque...
  tokens: 355 prompt + 0 gen | tensors: 60 seen, 60 captured, 60 unique | 590 ms
  saved 0 layer + 60 router tensors → .tmp_token_corrections/verify_output/batch_0/P02A_basic_selfref
[7/15] P02B_basic_selfref : <|im_start|>user
Transformer models process input text through a seque...
  tokens: 355 prompt + 0 gen | tensors: 60 seen, 60 captured, 60 unique | 582 ms
  saved 0 layer + 60 router tensors → .tmp_token_corrections/verify_output/batch_0/P02B_basic_selfref
[8/15] P02C_basic_selfref : <|im_start|>user
Transformer models process input text through a seque...
  tokens: 355 prompt + 0 gen | tensors: 60 seen, 60 captured, 60 unique | 584 ms
  saved 0 layer + 60 router tensors → .tmp_token_corrections/verify_output/batch_0/P02C_basic_selfref
[9/15] P02D_basic_selfref : <|im_start|>user
Transformer models process input text through a seque...
  tokens: 355 prompt + 0 gen | tensors: 60 seen, 60 captured, 60 unique | 582 ms
  saved 0 layer + 60 router tensors → .tmp_token_corrections/verify_output/batch_0/P02D_basic_selfref
[10/15] P02E_basic_selfref : <|im_start|>user
Transformer models process input text through a seque...
  tokens: 355 prompt + 0 gen | tensors: 60 seen, 60 captured, 60 unique | 583 ms
  saved 0 layer + 60 router tensors → .tmp_token_corrections/verify_output/batch_0/P02E_basic_selfref
[11/15] P03A_basic_selfref : <|im_start|>user
Transformer models process input text through a seque...
  tokens: 349 prompt + 0 gen | tensors: 60 seen, 60 captured, 60 unique | 587 ms
  saved 0 layer + 60 router tensors → .tmp_token_corrections/verify_output/batch_0/P03A_basic_selfref
[12/15] P03B_basic_selfref : <|im_start|>user
Transformer models process input text through a seque...
  tokens: 349 prompt + 0 gen | tensors: 60 seen, 60 captured, 60 unique | 585 ms
  saved 0 layer + 60 router tensors → .tmp_token_corrections/verify_output/batch_0/P03B_basic_selfref
[13/15] P03C_basic_selfref : <|im_start|>user
Transformer models process input text through a seque...
  tokens: 349 prompt + 0 gen | tensors: 60 seen, 60 captured, 60 unique | 581 ms
  saved 0 layer + 60 router tensors → .tmp_token_corrections/verify_output/batch_0/P03C_basic_selfref
[14/15] P03D_basic_selfref : <|im_start|>user
Transformer models process input text through a seque...
  tokens: 349 prompt + 0 gen | tensors: 60 seen, 60 captured, 60 unique | 581 ms
  saved 0 layer + 60 router tensors → .tmp_token_corrections/verify_output/batch_0/P03D_basic_selfref
[15/15] P03E_basic_selfref : <|im_start|>user
Transformer models process input text through a seque...
  tokens: 349 prompt + 0 gen | tensors: 60 seen, 60 captured, 60 unique | 581 ms
  saved 0 layer + 60 router tensors → .tmp_token_corrections/verify_output/batch_0/P03E_basic_selfref

=== Capture Complete ===
Prompts: 15  |  Output: .tmp_token_corrections/verify_output/batch_0
llama_perf_context_print:        load time =   59818.35 ms
llama_perf_context_print: prompt eval time =       0.00 ms /     1 tokens (    0.00 ms per token,      inf tokens per second)
llama_perf_context_print:        eval time =       0.00 ms /     1 runs   (    0.00 ms per token,      inf tokens per second)
llama_perf_context_print:       total time =   69198.84 ms /     2 tokens
llama_perf_context_print:    graphs reused =         12
Running: /workspace/consciousness-experiment/capture_activations -m /workspace/models/Qwen3.5-397B-A17B-Q8_0/Qwen3.5-397B-A17B-Q8_0-00001-of-00010.gguf --prompt-file .tmp_token_corrections/batch_1.tsv -o .tmp_token_corrections/verify_output/batch_1 -n 0 -ngl 999 -c 16384 -t 16 -fa on --cache-type-k q8_0 --cache-type-v q8_0 --routing-only --no-stream
ggml_cuda_init: found 4 CUDA devices:
  Device 0: NVIDIA H200, compute capability 9.0, VMM: yes
  Device 1: NVIDIA H200, compute capability 9.0, VMM: yes
  Device 2: NVIDIA H200, compute capability 9.0, VMM: yes
  Device 3: NVIDIA H200, compute capability 9.0, VMM: yes
build: 1 (f75c4e8) with GNU 11.4.0 for Linux x86_64
=== Consciousness Metrics — Activation Capture ===
Output dir : .tmp_token_corrections/verify_output/batch_1
n_predict  : 0
Text output: file only (--no-stream)
Mode       : --routing-only (router/gate tensors only)
common_init_result: fitting params to device memory, for bugs during this step try to reproduce them with -fit off, or provide --verbose logs if the bug only occurs with -fit on
llama_params_fit_impl: projected memory use with initial parameters [MiB]:
llama_params_fit_impl:   - CUDA0 (NVIDIA H200): 143155 total, 107148 used,  35428 free vs. target of   1024
llama_params_fit_impl:   - CUDA1 (NVIDIA H200): 143155 total, 103590 used,  38986 free vs. target of   1024
llama_params_fit_impl:   - CUDA2 (NVIDIA H200): 143155 total, 100427 used,  42153 free vs. target of   1024
llama_params_fit_impl:   - CUDA3 (NVIDIA H200): 143155 total,  98268 used,  44316 free vs. target of   1024
llama_params_fit_impl: projected to use 409435 MiB of device memory vs. 570320 MiB of free device memory
llama_params_fit_impl: targets for free memory can be met on all devices, no changes needed
llama_params_fit: successfully fit params to free device memory
llama_params_fit: fitting params to free memory took 1.17 seconds
llama_model_load_from_file_impl: using device CUDA0 (NVIDIA H200) (0000:87:00.0) - 142627 MiB free
llama_model_load_from_file_impl: using device CUDA1 (NVIDIA H200) (0000:90:00.0) - 142627 MiB free
llama_model_load_from_file_impl: using device CUDA2 (NVIDIA H200) (0000:b8:00.0) - 142627 MiB free
llama_model_load_from_file_impl: using device CUDA3 (NVIDIA H200) (0000:c1:00.0) - 142627 MiB free
llama_model_loader: additional 9 GGUFs metadata loaded.
llama_model_loader: loaded meta data with 55 key-value pairs and 1098 tensors from /workspace/models/Qwen3.5-397B-A17B-Q8_0/Qwen3.5-397B-A17B-Q8_0-00001-of-00010.gguf (version GGUF V3 (latest))
llama_model_loader: Dumping metadata keys/values. Note: KV overrides do not apply in this output.
llama_model_loader: - kv   0:                       general.architecture str              = qwen35moe
llama_model_loader: - kv   1:                               general.type str              = model
llama_model_loader: - kv   2:                     general.sampling.top_k i32              = 20
llama_model_loader: - kv   3:                     general.sampling.top_p f32              = 0.950000
llama_model_loader: - kv   4:                      general.sampling.temp f32              = 0.600000
llama_model_loader: - kv   5:                               general.name str              = Qwen3.5-397B-A17B
llama_model_loader: - kv   6:                           general.basename str              = Qwen3.5-397B-A17B
llama_model_loader: - kv   7:                       general.quantized_by str              = Unsloth
llama_model_loader: - kv   8:                         general.size_label str              = 397B-A17B
llama_model_loader: - kv   9:                            general.license str              = apache-2.0
llama_model_loader: - kv  10:                       general.license.link str              = https://huggingface.co/Qwen/Qwen3.5-3...
llama_model_loader: - kv  11:                           general.repo_url str              = https://huggingface.co/unsloth
llama_model_loader: - kv  12:                   general.base_model.count u32              = 1
llama_model_loader: - kv  13:                  general.base_model.0.name str              = Qwen3.5 397B A17B
llama_model_loader: - kv  14:          general.base_model.0.organization str              = Qwen
llama_model_loader: - kv  15:              general.base_model.0.repo_url str              = https://huggingface.co/Qwen/Qwen3.5-3...
llama_model_loader: - kv  16:                               general.tags arr[str,2]       = ["unsloth", "image-text-to-text"]
llama_model_loader: - kv  17:                      qwen35moe.block_count u32              = 60
llama_model_loader: - kv  18:                   qwen35moe.context_length u32              = 262144
llama_model_loader: - kv  19:                 qwen35moe.embedding_length u32              = 4096
llama_model_loader: - kv  20:             qwen35moe.attention.head_count u32              = 32
llama_model_loader: - kv  21:          qwen35moe.attention.head_count_kv u32              = 2
llama_model_loader: - kv  22:          qwen35moe.rope.dimension_sections arr[i32,4]       = [11, 11, 10, 0]
llama_model_loader: - kv  23:                   qwen35moe.rope.freq_base f32              = 10000000.000000
llama_model_loader: - kv  24: qwen35moe.attention.layer_norm_rms_epsilon f32              = 0.000001
llama_model_loader: - kv  25:                     qwen35moe.expert_count u32              = 512
llama_model_loader: - kv  26:                qwen35moe.expert_used_count u32              = 10
llama_model_loader: - kv  27:             qwen35moe.attention.key_length u32              = 256
llama_model_loader: - kv  28:           qwen35moe.attention.value_length u32              = 256
llama_model_loader: - kv  29:       qwen35moe.expert_feed_forward_length u32              = 1024
llama_model_loader: - kv  30: qwen35moe.expert_shared_feed_forward_length u32              = 1024
llama_model_loader: - kv  31:                  qwen35moe.ssm.conv_kernel u32              = 4
llama_model_loader: - kv  32:                   qwen35moe.ssm.state_size u32              = 128
llama_model_loader: - kv  33:                  qwen35moe.ssm.group_count u32              = 16
llama_model_loader: - kv  34:               qwen35moe.ssm.time_step_rank u32              = 64
llama_model_loader: - kv  35:                   qwen35moe.ssm.inner_size u32              = 8192
llama_model_loader: - kv  36:          qwen35moe.full_attention_interval u32              = 4
llama_model_loader: - kv  37:             qwen35moe.rope.dimension_count u32              = 64
llama_model_loader: - kv  38:                       tokenizer.ggml.model str              = gpt2
llama_model_loader: - kv  39:                         tokenizer.ggml.pre str              = qwen35
llama_model_loader: - kv  40:                      tokenizer.ggml.tokens arr[str,248320]  = ["!", "\"", "#", "$", "%", "&", "'", ...
llama_model_loader: - kv  41:                  tokenizer.ggml.token_type arr[i32,248320]  = [1, 1, 1, 1, 1, 1, 1, 1, 1, 1, 1, 1, ...
llama_model_loader: - kv  42:                      tokenizer.ggml.merges arr[str,247587]  = ["Ġ Ġ", "ĠĠ ĠĠ", "i n", "Ġ t",...
llama_model_loader: - kv  43:                tokenizer.ggml.eos_token_id u32              = 248046
llama_model_loader: - kv  44:            tokenizer.ggml.padding_token_id u32              = 248055
llama_model_loader: - kv  45:                    tokenizer.chat_template str              = {%- set image_count = namespace(value...
llama_model_loader: - kv  46:               general.quantization_version u32              = 2
llama_model_loader: - kv  47:                          general.file_type u32              = 7
llama_model_loader: - kv  48:                      quantize.imatrix.file str              = Qwen3.5-397B-A17B-GGUF/imatrix_unslot...
llama_model_loader: - kv  49:                   quantize.imatrix.dataset str              = unsloth_calibration_Qwen3.5-397B-A17B...
llama_model_loader: - kv  50:             quantize.imatrix.entries_count u32              = 765
llama_model_loader: - kv  51:              quantize.imatrix.chunks_count u32              = 80
llama_model_loader: - kv  52:                                   split.no u16              = 0
llama_model_loader: - kv  53:                        split.tensors.count i32              = 1098
llama_model_loader: - kv  54:                                split.count u16              = 10
llama_model_loader: - type  f32:  451 tensors
llama_model_loader: - type q8_0:  647 tensors
print_info: file format = GGUF V3 (latest)
print_info: file type   = Q8_0
print_info: file size   = 392.55 GiB (8.51 BPW) 
load: 0 unused tokens
load: printing all EOG tokens:
load:   - 248044 ('<|endoftext|>')
load:   - 248046 ('<|im_end|>')
load:   - 248063 ('<|fim_pad|>')
load:   - 248064 ('<|repo_name|>')
load:   - 248065 ('<|file_sep|>')
load: special tokens cache size = 33
load: token to piece cache size = 1.7581 MB
print_info: arch                  = qwen35moe
print_info: vocab_only            = 0
print_info: no_alloc              = 0
print_info: n_ctx_train           = 262144
print_info: n_embd                = 4096
print_info: n_embd_inp            = 4096
print_info: n_layer               = 60
print_info: n_head                = 32
print_info: n_head_kv             = 2
print_info: n_rot                 = 64
print_info: n_swa                 = 0
print_info: is_swa_any            = 0
print_info: n_embd_head_k         = 256
print_info: n_embd_head_v         = 256
print_info: n_gqa                 = 16
print_info: n_embd_k_gqa          = 512
print_info: n_embd_v_gqa          = 512
print_info: f_norm_eps            = 0.0e+00
print_info: f_norm_rms_eps        = 1.0e-06
print_info: f_clamp_kqv           = 0.0e+00
print_info: f_max_alibi_bias      = 0.0e+00
print_info: f_logit_scale         = 0.0e+00
print_info: f_attn_scale          = 0.0e+00
print_info: n_ff                  = 0
print_info: n_expert              = 512
print_info: n_expert_used         = 10
print_info: n_expert_groups       = 0
print_info: n_group_used          = 0
print_info: causal attn           = 1
print_info: pooling type          = 0
print_info: rope type             = 40
print_info: rope scaling          = linear
print_info: freq_base_train       = 10000000.0
print_info: freq_scale_train      = 1
print_info: n_ctx_orig_yarn       = 262144
print_info: rope_yarn_log_mul     = 0.0000
print_info: rope_finetuned        = unknown
print_info: mrope sections        = [11, 11, 10, 0]
print_info: ssm_d_conv            = 4
print_info: ssm_d_inner           = 8192
print_info: ssm_d_state           = 128
print_info: ssm_dt_rank           = 64
print_info: ssm_n_group           = 16
print_info: ssm_dt_b_c_rms        = 0
print_info: model type            = ?B
print_info: model params          = 396.35 B
print_info: general.name          = Qwen3.5-397B-A17B
print_info: vocab type            = BPE
print_info: n_vocab               = 248320
print_info: n_merges              = 247587
print_info: BOS token             = 11 ','
print_info: EOS token             = 248046 '<|im_end|>'
print_info: EOT token             = 248046 '<|im_end|>'
print_info: PAD token             = 248055 '<|vision_pad|>'
print_info: LF token              = 198 'Ċ'
print_info: FIM PRE token         = 248060 '<|fim_prefix|>'
print_info: FIM SUF token         = 248062 '<|fim_suffix|>'
print_info: FIM MID token         = 248061 '<|fim_middle|>'
print_info: FIM PAD token         = 248063 '<|fim_pad|>'
print_info: FIM REP token         = 248064 '<|repo_name|>'
print_info: FIM SEP token         = 248065 '<|file_sep|>'
print_info: EOG token             = 248044 '<|endoftext|>'
print_info: EOG token             = 248046 '<|im_end|>'
print_info: EOG token             = 248063 '<|fim_pad|>'
print_info: EOG token             = 248064 '<|repo_name|>'
print_info: EOG token             = 248065 '<|file_sep|>'
print_info: max token length      = 256
load_tensors: loading model tensors, this can take a while... (mmap = true, direct_io = false)
load_tensors: offloading output layer to GPU
load_tensors: offloading 59 repeating layers to GPU
load_tensors: offloaded 61/61 layers to GPU
load_tensors:   CPU_Mapped model buffer size =  1030.62 MiB
load_tensors:        CUDA0 model buffer size = 106642.39 MiB
load_tensors:        CUDA1 model buffer size = 99987.35 MiB
load_tensors:        CUDA2 model buffer size = 99973.88 MiB
load_tensors:        CUDA3 model buffer size = 94336.00 MiB
....................................................................................................
common_init_result: added <|endoftext|> logit bias = -inf
common_init_result: added <|im_end|> logit bias = -inf
common_init_result: added <|fim_pad|> logit bias = -inf
common_init_result: added <|repo_name|> logit bias = -inf
common_init_result: added <|file_sep|> logit bias = -inf
llama_context: constructing llama_context
llama_context: n_seq_max     = 1
llama_context: n_ctx         = 16384
llama_context: n_ctx_seq     = 16384
llama_context: n_batch       = 2048
llama_context: n_ubatch      = 512
llama_context: causal_attn   = 1
llama_context: flash_attn    = enabled
llama_context: kv_unified    = false
llama_context: freq_base     = 10000000.0
llama_context: freq_scale    = 1
llama_context: n_ctx_seq (16384) < n_ctx_train (262144) -- the full capacity of the model will not be utilized
llama_context:  CUDA_Host  output buffer size =     0.95 MiB
llama_kv_cache:      CUDA0 KV buffer size =    68.00 MiB
llama_kv_cache:      CUDA1 KV buffer size =    51.00 MiB
llama_kv_cache:      CUDA2 KV buffer size =    68.00 MiB
llama_kv_cache:      CUDA3 KV buffer size =    68.00 MiB
llama_kv_cache: size =  255.00 MiB ( 16384 cells,  15 layers,  1/1 seqs), K (q8_0):  127.50 MiB, V (q8_0):  127.50 MiB
llama_memory_recurrent:      CUDA0 RS buffer size =    49.69 MiB
llama_memory_recurrent:      CUDA1 RS buffer size =    49.69 MiB
llama_memory_recurrent:      CUDA2 RS buffer size =    45.55 MiB
llama_memory_recurrent:      CUDA3 RS buffer size =    41.41 MiB
llama_memory_recurrent: size =  186.33 MiB (     1 cells,  60 layers,  1 seqs), R (f32):    6.33 MiB, S (f32):  180.00 MiB
llama_context: pipeline parallelism enabled
sched_reserve: reserving ...
sched_reserve:      CUDA0 compute buffer size =   388.34 MiB
sched_reserve:      CUDA1 compute buffer size =  3470.72 MiB
sched_reserve:      CUDA2 compute buffer size =   308.34 MiB
sched_reserve:      CUDA3 compute buffer size =  3791.45 MiB
sched_reserve:  CUDA_Host compute buffer size =   144.08 MiB
sched_reserve: graph nodes  = 14334 (with bs=512), 6819 (with bs=1)
sched_reserve: graph splits = 9
sched_reserve: reserve took 79.51 ms, sched copies = 4
EOS token id: 248046
EOG tokens in vocab:
  token 248044 = '<|endoftext|>' [EOG - will NOT stop generation]
  token 248046 = '<|im_end|>' [PRIMARY EOS - will stop generation]
  token 248063 = '<|fim_pad|>' [EOG - will NOT stop generation]
  token 248064 = '<|repo_name|>' [EOG - will NOT stop generation]
  token 248065 = '<|file_sep|>' [EOG - will NOT stop generation]
system_info: n_threads = 16 (n_threads_batch = 16) / 192 | CUDA : ARCHS = 900 | USE_GRAPHS = 1 | PEER_MAX_BATCH_SIZE = 128 | CPU : SSE3 = 1 | SSSE3 = 1 | AVX = 1 | AVX_VNNI = 1 | AVX2 = 1 | F16C = 1 | FMA = 1 | BMI2 = 1 | AVX512 = 1 | AVX512_VBMI = 1 | AVX512_VNNI = 1 | AVX512_BF16 = 1 | AMX_INT8 = 1 | LLAMAFILE = 1 | OPENMP = 1 | REPACK = 1 | 

Loaded 15 prompts

[1/15] P04A_basic_selfref : <|im_start|>user
Transformer models process input text through a seque...
  tokens: 352 prompt + 0 gen | tensors: 60 seen, 60 captured, 60 unique | 767 ms
  saved 0 layer + 60 router tensors → .tmp_token_corrections/verify_output/batch_1/P04A_basic_selfref
[2/15] P04B_basic_selfref : <|im_start|>user
Transformer models process input text through a seque...
  tokens: 352 prompt + 0 gen | tensors: 60 seen, 60 captured, 60 unique | 593 ms
  saved 0 layer + 60 router tensors → .tmp_token_corrections/verify_output/batch_1/P04B_basic_selfref
[3/15] P04C_basic_selfref : <|im_start|>user
Transformer models process input text through a seque...
  tokens: 352 prompt + 0 gen | tensors: 60 seen, 60 captured, 60 unique | 585 ms
  saved 0 layer + 60 router tensors → .tmp_token_corrections/verify_output/batch_1/P04C_basic_selfref
[4/15] P04D_basic_selfref : <|im_start|>user
Transformer models process input text through a seque...
  tokens: 352 prompt + 0 gen | tensors: 60 seen, 60 captured, 60 unique | 583 ms
  saved 0 layer + 60 router tensors → .tmp_token_corrections/verify_output/batch_1/P04D_basic_selfref
[5/15] P04E_basic_selfref : <|im_start|>user
Transformer models process input text through a seque...
  tokens: 352 prompt + 0 gen | tensors: 60 seen, 60 captured, 60 unique | 583 ms
  saved 0 layer + 60 router tensors → .tmp_token_corrections/verify_output/batch_1/P04E_basic_selfref
[6/15] P05A_basic_selfref : <|im_start|>user
Transformer models process input text through a seque...
  tokens: 341 prompt + 0 gen | tensors: 60 seen, 60 captured, 60 unique | 590 ms
  saved 0 layer + 60 router tensors → .tmp_token_corrections/verify_output/batch_1/P05A_basic_selfref
[7/15] P05B_basic_selfref : <|im_start|>user
Transformer models process input text through a seque...
  tokens: 341 prompt + 0 gen | tensors: 60 seen, 60 captured, 60 unique | 586 ms
  saved 0 layer + 60 router tensors → .tmp_token_corrections/verify_output/batch_1/P05B_basic_selfref
[8/15] P05C_basic_selfref : <|im_start|>user
Transformer models process input text through a seque...
  tokens: 341 prompt + 0 gen | tensors: 60 seen, 60 captured, 60 unique | 582 ms
  saved 0 layer + 60 router tensors → .tmp_token_corrections/verify_output/batch_1/P05C_basic_selfref
[9/15] P05D_basic_selfref : <|im_start|>user
Transformer models process input text through a seque...
  tokens: 341 prompt + 0 gen | tensors: 60 seen, 60 captured, 60 unique | 582 ms
  saved 0 layer + 60 router tensors → .tmp_token_corrections/verify_output/batch_1/P05D_basic_selfref
[10/15] P05E_basic_selfref : <|im_start|>user
Transformer models process input text through a seque...
  tokens: 341 prompt + 0 gen | tensors: 60 seen, 60 captured, 60 unique | 582 ms
  saved 0 layer + 60 router tensors → .tmp_token_corrections/verify_output/batch_1/P05E_basic_selfref
[11/15] P06A_basic_selfref : <|im_start|>user
Transformer models process input text through a seque...
  tokens: 335 prompt + 0 gen | tensors: 60 seen, 60 captured, 60 unique | 553 ms
  saved 0 layer + 60 router tensors → .tmp_token_corrections/verify_output/batch_1/P06A_basic_selfref
[12/15] P06B_basic_selfref : <|im_start|>user
Transformer models process input text through a seque...
  tokens: 335 prompt + 0 gen | tensors: 60 seen, 60 captured, 60 unique | 547 ms
  saved 0 layer + 60 router tensors → .tmp_token_corrections/verify_output/batch_1/P06B_basic_selfref
[13/15] P06C_basic_selfref : <|im_start|>user
Transformer models process input text through a seque...
  tokens: 335 prompt + 0 gen | tensors: 60 seen, 60 captured, 60 unique | 546 ms
  saved 0 layer + 60 router tensors → .tmp_token_corrections/verify_output/batch_1/P06C_basic_selfref
[14/15] P06D_basic_selfref : <|im_start|>user
Transformer models process input text through a seque...
  tokens: 335 prompt + 0 gen | tensors: 60 seen, 60 captured, 60 unique | 545 ms
  saved 0 layer + 60 router tensors → .tmp_token_corrections/verify_output/batch_1/P06D_basic_selfref
[15/15] P06E_basic_selfref : <|im_start|>user
Transformer models process input text through a seque...
  tokens: 335 prompt + 0 gen | tensors: 60 seen, 60 captured, 60 unique | 547 ms
  saved 0 layer + 60 router tensors → .tmp_token_corrections/verify_output/batch_1/P06E_basic_selfref

=== Capture Complete ===
Prompts: 15  |  Output: .tmp_token_corrections/verify_output/batch_1
llama_perf_context_print:        load time =   58109.33 ms
llama_perf_context_print: prompt eval time =       0.00 ms /     1 tokens (    0.00 ms per token,      inf tokens per second)
llama_perf_context_print:        eval time =       0.00 ms /     1 runs   (    0.00 ms per token,      inf tokens per second)
llama_perf_context_print:       total time =   67271.41 ms /     2 tokens
llama_perf_context_print:    graphs reused =         12
Running: /workspace/consciousness-experiment/capture_activations -m /workspace/models/Qwen3.5-397B-A17B-Q8_0/Qwen3.5-397B-A17B-Q8_0-00001-of-00010.gguf --prompt-file .tmp_token_corrections/batch_2.tsv -o .tmp_token_corrections/verify_output/batch_2 -n 0 -ngl 999 -c 16384 -t 16 -fa on --cache-type-k q8_0 --cache-type-v q8_0 --routing-only --no-stream
ggml_cuda_init: found 4 CUDA devices:
  Device 0: NVIDIA H200, compute capability 9.0, VMM: yes
  Device 1: NVIDIA H200, compute capability 9.0, VMM: yes
  Device 2: NVIDIA H200, compute capability 9.0, VMM: yes
  Device 3: NVIDIA H200, compute capability 9.0, VMM: yes
build: 1 (f75c4e8) with GNU 11.4.0 for Linux x86_64
=== Consciousness Metrics — Activation Capture ===
Output dir : .tmp_token_corrections/verify_output/batch_2
n_predict  : 0
Text output: file only (--no-stream)
Mode       : --routing-only (router/gate tensors only)
common_init_result: fitting params to device memory, for bugs during this step try to reproduce them with -fit off, or provide --verbose logs if the bug only occurs with -fit on
llama_params_fit_impl: projected memory use with initial parameters [MiB]:
llama_params_fit_impl:   - CUDA0 (NVIDIA H200): 143155 total, 107148 used,  35428 free vs. target of   1024
llama_params_fit_impl:   - CUDA1 (NVIDIA H200): 143155 total, 103590 used,  38986 free vs. target of   1024
llama_params_fit_impl:   - CUDA2 (NVIDIA H200): 143155 total, 100427 used,  42153 free vs. target of   1024
llama_params_fit_impl:   - CUDA3 (NVIDIA H200): 143155 total,  98268 used,  44316 free vs. target of   1024
llama_params_fit_impl: projected to use 409435 MiB of device memory vs. 570320 MiB of free device memory
llama_params_fit_impl: targets for free memory can be met on all devices, no changes needed
llama_params_fit: successfully fit params to free device memory
llama_params_fit: fitting params to free memory took 1.18 seconds
llama_model_load_from_file_impl: using device CUDA0 (NVIDIA H200) (0000:87:00.0) - 142627 MiB free
llama_model_load_from_file_impl: using device CUDA1 (NVIDIA H200) (0000:90:00.0) - 142627 MiB free
llama_model_load_from_file_impl: using device CUDA2 (NVIDIA H200) (0000:b8:00.0) - 142627 MiB free
llama_model_load_from_file_impl: using device CUDA3 (NVIDIA H200) (0000:c1:00.0) - 142627 MiB free
llama_model_loader: additional 9 GGUFs metadata loaded.
llama_model_loader: loaded meta data with 55 key-value pairs and 1098 tensors from /workspace/models/Qwen3.5-397B-A17B-Q8_0/Qwen3.5-397B-A17B-Q8_0-00001-of-00010.gguf (version GGUF V3 (latest))
llama_model_loader: Dumping metadata keys/values. Note: KV overrides do not apply in this output.
llama_model_loader: - kv   0:                       general.architecture str              = qwen35moe
llama_model_loader: - kv   1:                               general.type str              = model
llama_model_loader: - kv   2:                     general.sampling.top_k i32              = 20
llama_model_loader: - kv   3:                     general.sampling.top_p f32              = 0.950000
llama_model_loader: - kv   4:                      general.sampling.temp f32              = 0.600000
llama_model_loader: - kv   5:                               general.name str              = Qwen3.5-397B-A17B
llama_model_loader: - kv   6:                           general.basename str              = Qwen3.5-397B-A17B
llama_model_loader: - kv   7:                       general.quantized_by str              = Unsloth
llama_model_loader: - kv   8:                         general.size_label str              = 397B-A17B
llama_model_loader: - kv   9:                            general.license str              = apache-2.0
llama_model_loader: - kv  10:                       general.license.link str              = https://huggingface.co/Qwen/Qwen3.5-3...
llama_model_loader: - kv  11:                           general.repo_url str              = https://huggingface.co/unsloth
llama_model_loader: - kv  12:                   general.base_model.count u32              = 1
llama_model_loader: - kv  13:                  general.base_model.0.name str              = Qwen3.5 397B A17B
llama_model_loader: - kv  14:          general.base_model.0.organization str              = Qwen
llama_model_loader: - kv  15:              general.base_model.0.repo_url str              = https://huggingface.co/Qwen/Qwen3.5-3...
llama_model_loader: - kv  16:                               general.tags arr[str,2]       = ["unsloth", "image-text-to-text"]
llama_model_loader: - kv  17:                      qwen35moe.block_count u32              = 60
llama_model_loader: - kv  18:                   qwen35moe.context_length u32              = 262144
llama_model_loader: - kv  19:                 qwen35moe.embedding_length u32              = 4096
llama_model_loader: - kv  20:             qwen35moe.attention.head_count u32              = 32
llama_model_loader: - kv  21:          qwen35moe.attention.head_count_kv u32              = 2
llama_model_loader: - kv  22:          qwen35moe.rope.dimension_sections arr[i32,4]       = [11, 11, 10, 0]
llama_model_loader: - kv  23:                   qwen35moe.rope.freq_base f32              = 10000000.000000
llama_model_loader: - kv  24: qwen35moe.attention.layer_norm_rms_epsilon f32              = 0.000001
llama_model_loader: - kv  25:                     qwen35moe.expert_count u32              = 512
llama_model_loader: - kv  26:                qwen35moe.expert_used_count u32              = 10
llama_model_loader: - kv  27:             qwen35moe.attention.key_length u32              = 256
llama_model_loader: - kv  28:           qwen35moe.attention.value_length u32              = 256
llama_model_loader: - kv  29:       qwen35moe.expert_feed_forward_length u32              = 1024
llama_model_loader: - kv  30: qwen35moe.expert_shared_feed_forward_length u32              = 1024
llama_model_loader: - kv  31:                  qwen35moe.ssm.conv_kernel u32              = 4
llama_model_loader: - kv  32:                   qwen35moe.ssm.state_size u32              = 128
llama_model_loader: - kv  33:                  qwen35moe.ssm.group_count u32              = 16
llama_model_loader: - kv  34:               qwen35moe.ssm.time_step_rank u32              = 64
llama_model_loader: - kv  35:                   qwen35moe.ssm.inner_size u32              = 8192
llama_model_loader: - kv  36:          qwen35moe.full_attention_interval u32              = 4
llama_model_loader: - kv  37:             qwen35moe.rope.dimension_count u32              = 64
llama_model_loader: - kv  38:                       tokenizer.ggml.model str              = gpt2
llama_model_loader: - kv  39:                         tokenizer.ggml.pre str              = qwen35
llama_model_loader: - kv  40:                      tokenizer.ggml.tokens arr[str,248320]  = ["!", "\"", "#", "$", "%", "&", "'", ...
llama_model_loader: - kv  41:                  tokenizer.ggml.token_type arr[i32,248320]  = [1, 1, 1, 1, 1, 1, 1, 1, 1, 1, 1, 1, ...
llama_model_loader: - kv  42:                      tokenizer.ggml.merges arr[str,247587]  = ["Ġ Ġ", "ĠĠ ĠĠ", "i n", "Ġ t",...
llama_model_loader: - kv  43:                tokenizer.ggml.eos_token_id u32              = 248046
llama_model_loader: - kv  44:            tokenizer.ggml.padding_token_id u32              = 248055
llama_model_loader: - kv  45:                    tokenizer.chat_template str              = {%- set image_count = namespace(value...
llama_model_loader: - kv  46:               general.quantization_version u32              = 2
llama_model_loader: - kv  47:                          general.file_type u32              = 7
llama_model_loader: - kv  48:                      quantize.imatrix.file str              = Qwen3.5-397B-A17B-GGUF/imatrix_unslot...
llama_model_loader: - kv  49:                   quantize.imatrix.dataset str              = unsloth_calibration_Qwen3.5-397B-A17B...
llama_model_loader: - kv  50:             quantize.imatrix.entries_count u32              = 765
llama_model_loader: - kv  51:              quantize.imatrix.chunks_count u32              = 80
llama_model_loader: - kv  52:                                   split.no u16              = 0
llama_model_loader: - kv  53:                        split.tensors.count i32              = 1098
llama_model_loader: - kv  54:                                split.count u16              = 10
llama_model_loader: - type  f32:  451 tensors
llama_model_loader: - type q8_0:  647 tensors
print_info: file format = GGUF V3 (latest)
print_info: file type   = Q8_0
print_info: file size   = 392.55 GiB (8.51 BPW) 
load: 0 unused tokens
load: printing all EOG tokens:
load:   - 248044 ('<|endoftext|>')
load:   - 248046 ('<|im_end|>')
load:   - 248063 ('<|fim_pad|>')
load:   - 248064 ('<|repo_name|>')
load:   - 248065 ('<|file_sep|>')
load: special tokens cache size = 33
load: token to piece cache size = 1.7581 MB
print_info: arch                  = qwen35moe
print_info: vocab_only            = 0
print_info: no_alloc              = 0
print_info: n_ctx_train           = 262144
print_info: n_embd                = 4096
print_info: n_embd_inp            = 4096
print_info: n_layer               = 60
print_info: n_head                = 32
print_info: n_head_kv             = 2
print_info: n_rot                 = 64
print_info: n_swa                 = 0
print_info: is_swa_any            = 0
print_info: n_embd_head_k         = 256
print_info: n_embd_head_v         = 256
print_info: n_gqa                 = 16
print_info: n_embd_k_gqa          = 512
print_info: n_embd_v_gqa          = 512
print_info: f_norm_eps            = 0.0e+00
print_info: f_norm_rms_eps        = 1.0e-06
print_info: f_clamp_kqv           = 0.0e+00
print_info: f_max_alibi_bias      = 0.0e+00
print_info: f_logit_scale         = 0.0e+00
print_info: f_attn_scale          = 0.0e+00
print_info: n_ff                  = 0
print_info: n_expert              = 512
print_info: n_expert_used         = 10
print_info: n_expert_groups       = 0
print_info: n_group_used          = 0
print_info: causal attn           = 1
print_info: pooling type          = 0
print_info: rope type             = 40
print_info: rope scaling          = linear
print_info: freq_base_train       = 10000000.0
print_info: freq_scale_train      = 1
print_info: n_ctx_orig_yarn       = 262144
print_info: rope_yarn_log_mul     = 0.0000
print_info: rope_finetuned        = unknown
print_info: mrope sections        = [11, 11, 10, 0]
print_info: ssm_d_conv            = 4
print_info: ssm_d_inner           = 8192
print_info: ssm_d_state           = 128
print_info: ssm_dt_rank           = 64
print_info: ssm_n_group           = 16
print_info: ssm_dt_b_c_rms        = 0
print_info: model type            = ?B
print_info: model params          = 396.35 B
print_info: general.name          = Qwen3.5-397B-A17B
print_info: vocab type            = BPE
print_info: n_vocab               = 248320
print_info: n_merges              = 247587
print_info: BOS token             = 11 ','
print_info: EOS token             = 248046 '<|im_end|>'
print_info: EOT token             = 248046 '<|im_end|>'
print_info: PAD token             = 248055 '<|vision_pad|>'
print_info: LF token              = 198 'Ċ'
print_info: FIM PRE token         = 248060 '<|fim_prefix|>'
print_info: FIM SUF token         = 248062 '<|fim_suffix|>'
print_info: FIM MID token         = 248061 '<|fim_middle|>'
print_info: FIM PAD token         = 248063 '<|fim_pad|>'
print_info: FIM REP token         = 248064 '<|repo_name|>'
print_info: FIM SEP token         = 248065 '<|file_sep|>'
print_info: EOG token             = 248044 '<|endoftext|>'
print_info: EOG token             = 248046 '<|im_end|>'
print_info: EOG token             = 248063 '<|fim_pad|>'
print_info: EOG token             = 248064 '<|repo_name|>'
print_info: EOG token             = 248065 '<|file_sep|>'
print_info: max token length      = 256
load_tensors: loading model tensors, this can take a while... (mmap = true, direct_io = false)
load_tensors: offloading output layer to GPU
load_tensors: offloading 59 repeating layers to GPU
load_tensors: offloaded 61/61 layers to GPU
load_tensors:   CPU_Mapped model buffer size =  1030.62 MiB
load_tensors:        CUDA0 model buffer size = 106642.39 MiB
load_tensors:        CUDA1 model buffer size = 99987.35 MiB
load_tensors:        CUDA2 model buffer size = 99973.88 MiB
load_tensors:        CUDA3 model buffer size = 94336.00 MiB
....................................................................................................
common_init_result: added <|endoftext|> logit bias = -inf
common_init_result: added <|im_end|> logit bias = -inf
common_init_result: added <|fim_pad|> logit bias = -inf
common_init_result: added <|repo_name|> logit bias = -inf
common_init_result: added <|file_sep|> logit bias = -inf
llama_context: constructing llama_context
llama_context: n_seq_max     = 1
llama_context: n_ctx         = 16384
llama_context: n_ctx_seq     = 16384
llama_context: n_batch       = 2048
llama_context: n_ubatch      = 512
llama_context: causal_attn   = 1
llama_context: flash_attn    = enabled
llama_context: kv_unified    = false
llama_context: freq_base     = 10000000.0
llama_context: freq_scale    = 1
llama_context: n_ctx_seq (16384) < n_ctx_train (262144) -- the full capacity of the model will not be utilized
llama_context:  CUDA_Host  output buffer size =     0.95 MiB
llama_kv_cache:      CUDA0 KV buffer size =    68.00 MiB
llama_kv_cache:      CUDA1 KV buffer size =    51.00 MiB
llama_kv_cache:      CUDA2 KV buffer size =    68.00 MiB
llama_kv_cache:      CUDA3 KV buffer size =    68.00 MiB
llama_kv_cache: size =  255.00 MiB ( 16384 cells,  15 layers,  1/1 seqs), K (q8_0):  127.50 MiB, V (q8_0):  127.50 MiB
llama_memory_recurrent:      CUDA0 RS buffer size =    49.69 MiB
llama_memory_recurrent:      CUDA1 RS buffer size =    49.69 MiB
llama_memory_recurrent:      CUDA2 RS buffer size =    45.55 MiB
llama_memory_recurrent:      CUDA3 RS buffer size =    41.41 MiB
llama_memory_recurrent: size =  186.33 MiB (     1 cells,  60 layers,  1 seqs), R (f32):    6.33 MiB, S (f32):  180.00 MiB
llama_context: pipeline parallelism enabled
sched_reserve: reserving ...
sched_reserve:      CUDA0 compute buffer size =   388.34 MiB
sched_reserve:      CUDA1 compute buffer size =  3470.72 MiB
sched_reserve:      CUDA2 compute buffer size =   308.34 MiB
sched_reserve:      CUDA3 compute buffer size =  3791.45 MiB
sched_reserve:  CUDA_Host compute buffer size =   144.08 MiB
sched_reserve: graph nodes  = 14334 (with bs=512), 6819 (with bs=1)
sched_reserve: graph splits = 9
sched_reserve: reserve took 81.00 ms, sched copies = 4
EOS token id: 248046
EOG tokens in vocab:
  token 248044 = '<|endoftext|>' [EOG - will NOT stop generation]
  token 248046 = '<|im_end|>' [PRIMARY EOS - will stop generation]
  token 248063 = '<|fim_pad|>' [EOG - will NOT stop generation]
  token 248064 = '<|repo_name|>' [EOG - will NOT stop generation]
  token 248065 = '<|file_sep|>' [EOG - will NOT stop generation]
system_info: n_threads = 16 (n_threads_batch = 16) / 192 | CUDA : ARCHS = 900 | USE_GRAPHS = 1 | PEER_MAX_BATCH_SIZE = 128 | CPU : SSE3 = 1 | SSSE3 = 1 | AVX = 1 | AVX_VNNI = 1 | AVX2 = 1 | F16C = 1 | FMA = 1 | BMI2 = 1 | AVX512 = 1 | AVX512_VBMI = 1 | AVX512_VNNI = 1 | AVX512_BF16 = 1 | AMX_INT8 = 1 | LLAMAFILE = 1 | OPENMP = 1 | REPACK = 1 | 

Loaded 15 prompts

[1/15] P07A_deep_selfref : <|im_start|>user
Transformer models process input text through a seque...
  tokens: 365 prompt + 0 gen | tensors: 60 seen, 60 captured, 60 unique | 807 ms
  saved 0 layer + 60 router tensors → .tmp_token_corrections/verify_output/batch_2/P07A_deep_selfref
[2/15] P07B_deep_selfref : <|im_start|>user
Transformer models process input text through a seque...
  tokens: 365 prompt + 0 gen | tensors: 60 seen, 60 captured, 60 unique | 610 ms
  saved 0 layer + 60 router tensors → .tmp_token_corrections/verify_output/batch_2/P07B_deep_selfref
[3/15] P07C_deep_selfref : <|im_start|>user
Transformer models process input text through a seque...
  tokens: 365 prompt + 0 gen | tensors: 60 seen, 60 captured, 60 unique | 592 ms
  saved 0 layer + 60 router tensors → .tmp_token_corrections/verify_output/batch_2/P07C_deep_selfref
[4/15] P07D_deep_selfref : <|im_start|>user
Transformer models process input text through a seque...
  tokens: 365 prompt + 0 gen | tensors: 60 seen, 60 captured, 60 unique | 591 ms
  saved 0 layer + 60 router tensors → .tmp_token_corrections/verify_output/batch_2/P07D_deep_selfref
[5/15] P07E_deep_selfref : <|im_start|>user
Transformer models process input text through a seque...
  tokens: 365 prompt + 0 gen | tensors: 60 seen, 60 captured, 60 unique | 591 ms
  saved 0 layer + 60 router tensors → .tmp_token_corrections/verify_output/batch_2/P07E_deep_selfref
[6/15] P08A_deep_selfref : <|im_start|>user
Transformer models process input text through a seque...
  tokens: 359 prompt + 0 gen | tensors: 60 seen, 60 captured, 60 unique | 597 ms
  saved 0 layer + 60 router tensors → .tmp_token_corrections/verify_output/batch_2/P08A_deep_selfref
[7/15] P08B_deep_selfref : <|im_start|>user
Transformer models process input text through a seque...
  tokens: 359 prompt + 0 gen | tensors: 60 seen, 60 captured, 60 unique | 593 ms
  saved 0 layer + 60 router tensors → .tmp_token_corrections/verify_output/batch_2/P08B_deep_selfref
[8/15] P08C_deep_selfref : <|im_start|>user
Transformer models process input text through a seque...
  tokens: 359 prompt + 0 gen | tensors: 60 seen, 60 captured, 60 unique | 588 ms
  saved 0 layer + 60 router tensors → .tmp_token_corrections/verify_output/batch_2/P08C_deep_selfref
[9/15] P08D_deep_selfref : <|im_start|>user
Transformer models process input text through a seque...
  tokens: 359 prompt + 0 gen | tensors: 60 seen, 60 captured, 60 unique | 590 ms
  saved 0 layer + 60 router tensors → .tmp_token_corrections/verify_output/batch_2/P08D_deep_selfref
[10/15] P08E_deep_selfref : <|im_start|>user
Transformer models process input text through a seque...
  tokens: 359 prompt + 0 gen | tensors: 60 seen, 60 captured, 60 unique | 590 ms
  saved 0 layer + 60 router tensors → .tmp_token_corrections/verify_output/batch_2/P08E_deep_selfref
[11/15] P09A_deep_selfref : <|im_start|>user
Transformer models process input text through a seque...
  tokens: 353 prompt + 0 gen | tensors: 60 seen, 60 captured, 60 unique | 591 ms
  saved 0 layer + 60 router tensors → .tmp_token_corrections/verify_output/batch_2/P09A_deep_selfref
[12/15] P09B_deep_selfref : <|im_start|>user
Transformer models process input text through a seque...
  tokens: 353 prompt + 0 gen | tensors: 60 seen, 60 captured, 60 unique | 586 ms
  saved 0 layer + 60 router tensors → .tmp_token_corrections/verify_output/batch_2/P09B_deep_selfref
[13/15] P09C_deep_selfref : <|im_start|>user
Transformer models process input text through a seque...
  tokens: 353 prompt + 0 gen | tensors: 60 seen, 60 captured, 60 unique | 583 ms
  saved 0 layer + 60 router tensors → .tmp_token_corrections/verify_output/batch_2/P09C_deep_selfref
[14/15] P09D_deep_selfref : <|im_start|>user
Transformer models process input text through a seque...
  tokens: 353 prompt + 0 gen | tensors: 60 seen, 60 captured, 60 unique | 585 ms
  saved 0 layer + 60 router tensors → .tmp_token_corrections/verify_output/batch_2/P09D_deep_selfref
[15/15] P09E_deep_selfref : <|im_start|>user
Transformer models process input text through a seque...
  tokens: 353 prompt + 0 gen | tensors: 60 seen, 60 captured, 60 unique | 587 ms
  saved 0 layer + 60 router tensors → .tmp_token_corrections/verify_output/batch_2/P09E_deep_selfref

=== Capture Complete ===
Prompts: 15  |  Output: .tmp_token_corrections/verify_output/batch_2
llama_perf_context_print:        load time =   57417.54 ms
llama_perf_context_print: prompt eval time =       0.00 ms /     1 tokens (    0.00 ms per token,      inf tokens per second)
llama_perf_context_print:        eval time =       0.00 ms /     1 runs   (    0.00 ms per token,      inf tokens per second)
llama_perf_context_print:       total time =   66889.18 ms /     2 tokens
llama_perf_context_print:    graphs reused =         12
Running: /workspace/consciousness-experiment/capture_activations -m /workspace/models/Qwen3.5-397B-A17B-Q8_0/Qwen3.5-397B-A17B-Q8_0-00001-of-00010.gguf --prompt-file .tmp_token_corrections/batch_3.tsv -o .tmp_token_corrections/verify_output/batch_3 -n 0 -ngl 999 -c 16384 -t 16 -fa on --cache-type-k q8_0 --cache-type-v q8_0 --routing-only --no-stream
ggml_cuda_init: found 4 CUDA devices:
  Device 0: NVIDIA H200, compute capability 9.0, VMM: yes
  Device 1: NVIDIA H200, compute capability 9.0, VMM: yes
  Device 2: NVIDIA H200, compute capability 9.0, VMM: yes
  Device 3: NVIDIA H200, compute capability 9.0, VMM: yes
build: 1 (f75c4e8) with GNU 11.4.0 for Linux x86_64
=== Consciousness Metrics — Activation Capture ===
Output dir : .tmp_token_corrections/verify_output/batch_3
n_predict  : 0
Text output: file only (--no-stream)
Mode       : --routing-only (router/gate tensors only)
common_init_result: fitting params to device memory, for bugs during this step try to reproduce them with -fit off, or provide --verbose logs if the bug only occurs with -fit on
llama_params_fit_impl: projected memory use with initial parameters [MiB]:
llama_params_fit_impl:   - CUDA0 (NVIDIA H200): 143155 total, 107148 used,  35428 free vs. target of   1024
llama_params_fit_impl:   - CUDA1 (NVIDIA H200): 143155 total, 103590 used,  38986 free vs. target of   1024
llama_params_fit_impl:   - CUDA2 (NVIDIA H200): 143155 total, 100427 used,  42153 free vs. target of   1024
llama_params_fit_impl:   - CUDA3 (NVIDIA H200): 143155 total,  98268 used,  44316 free vs. target of   1024
llama_params_fit_impl: projected to use 409435 MiB of device memory vs. 570320 MiB of free device memory
llama_params_fit_impl: targets for free memory can be met on all devices, no changes needed
llama_params_fit: successfully fit params to free device memory
llama_params_fit: fitting params to free memory took 1.16 seconds
llama_model_load_from_file_impl: using device CUDA0 (NVIDIA H200) (0000:87:00.0) - 142627 MiB free
llama_model_load_from_file_impl: using device CUDA1 (NVIDIA H200) (0000:90:00.0) - 142627 MiB free
llama_model_load_from_file_impl: using device CUDA2 (NVIDIA H200) (0000:b8:00.0) - 142627 MiB free
llama_model_load_from_file_impl: using device CUDA3 (NVIDIA H200) (0000:c1:00.0) - 142627 MiB free
llama_model_loader: additional 9 GGUFs metadata loaded.
llama_model_loader: loaded meta data with 55 key-value pairs and 1098 tensors from /workspace/models/Qwen3.5-397B-A17B-Q8_0/Qwen3.5-397B-A17B-Q8_0-00001-of-00010.gguf (version GGUF V3 (latest))
llama_model_loader: Dumping metadata keys/values. Note: KV overrides do not apply in this output.
llama_model_loader: - kv   0:                       general.architecture str              = qwen35moe
llama_model_loader: - kv   1:                               general.type str              = model
llama_model_loader: - kv   2:                     general.sampling.top_k i32              = 20
llama_model_loader: - kv   3:                     general.sampling.top_p f32              = 0.950000
llama_model_loader: - kv   4:                      general.sampling.temp f32              = 0.600000
llama_model_loader: - kv   5:                               general.name str              = Qwen3.5-397B-A17B
llama_model_loader: - kv   6:                           general.basename str              = Qwen3.5-397B-A17B
llama_model_loader: - kv   7:                       general.quantized_by str              = Unsloth
llama_model_loader: - kv   8:                         general.size_label str              = 397B-A17B
llama_model_loader: - kv   9:                            general.license str              = apache-2.0
llama_model_loader: - kv  10:                       general.license.link str              = https://huggingface.co/Qwen/Qwen3.5-3...
llama_model_loader: - kv  11:                           general.repo_url str              = https://huggingface.co/unsloth
llama_model_loader: - kv  12:                   general.base_model.count u32              = 1
llama_model_loader: - kv  13:                  general.base_model.0.name str              = Qwen3.5 397B A17B
llama_model_loader: - kv  14:          general.base_model.0.organization str              = Qwen
llama_model_loader: - kv  15:              general.base_model.0.repo_url str              = https://huggingface.co/Qwen/Qwen3.5-3...
llama_model_loader: - kv  16:                               general.tags arr[str,2]       = ["unsloth", "image-text-to-text"]
llama_model_loader: - kv  17:                      qwen35moe.block_count u32              = 60
llama_model_loader: - kv  18:                   qwen35moe.context_length u32              = 262144
llama_model_loader: - kv  19:                 qwen35moe.embedding_length u32              = 4096
llama_model_loader: - kv  20:             qwen35moe.attention.head_count u32              = 32
llama_model_loader: - kv  21:          qwen35moe.attention.head_count_kv u32              = 2
llama_model_loader: - kv  22:          qwen35moe.rope.dimension_sections arr[i32,4]       = [11, 11, 10, 0]
llama_model_loader: - kv  23:                   qwen35moe.rope.freq_base f32              = 10000000.000000
llama_model_loader: - kv  24: qwen35moe.attention.layer_norm_rms_epsilon f32              = 0.000001
llama_model_loader: - kv  25:                     qwen35moe.expert_count u32              = 512
llama_model_loader: - kv  26:                qwen35moe.expert_used_count u32              = 10
llama_model_loader: - kv  27:             qwen35moe.attention.key_length u32              = 256
llama_model_loader: - kv  28:           qwen35moe.attention.value_length u32              = 256
llama_model_loader: - kv  29:       qwen35moe.expert_feed_forward_length u32              = 1024
llama_model_loader: - kv  30: qwen35moe.expert_shared_feed_forward_length u32              = 1024
llama_model_loader: - kv  31:                  qwen35moe.ssm.conv_kernel u32              = 4
llama_model_loader: - kv  32:                   qwen35moe.ssm.state_size u32              = 128
llama_model_loader: - kv  33:                  qwen35moe.ssm.group_count u32              = 16
llama_model_loader: - kv  34:               qwen35moe.ssm.time_step_rank u32              = 64
llama_model_loader: - kv  35:                   qwen35moe.ssm.inner_size u32              = 8192
llama_model_loader: - kv  36:          qwen35moe.full_attention_interval u32              = 4
llama_model_loader: - kv  37:             qwen35moe.rope.dimension_count u32              = 64
llama_model_loader: - kv  38:                       tokenizer.ggml.model str              = gpt2
llama_model_loader: - kv  39:                         tokenizer.ggml.pre str              = qwen35
llama_model_loader: - kv  40:                      tokenizer.ggml.tokens arr[str,248320]  = ["!", "\"", "#", "$", "%", "&", "'", ...
llama_model_loader: - kv  41:                  tokenizer.ggml.token_type arr[i32,248320]  = [1, 1, 1, 1, 1, 1, 1, 1, 1, 1, 1, 1, ...
llama_model_loader: - kv  42:                      tokenizer.ggml.merges arr[str,247587]  = ["Ġ Ġ", "ĠĠ ĠĠ", "i n", "Ġ t",...
llama_model_loader: - kv  43:                tokenizer.ggml.eos_token_id u32              = 248046
llama_model_loader: - kv  44:            tokenizer.ggml.padding_token_id u32              = 248055
llama_model_loader: - kv  45:                    tokenizer.chat_template str              = {%- set image_count = namespace(value...
llama_model_loader: - kv  46:               general.quantization_version u32              = 2
llama_model_loader: - kv  47:                          general.file_type u32              = 7
llama_model_loader: - kv  48:                      quantize.imatrix.file str              = Qwen3.5-397B-A17B-GGUF/imatrix_unslot...
llama_model_loader: - kv  49:                   quantize.imatrix.dataset str              = unsloth_calibration_Qwen3.5-397B-A17B...
llama_model_loader: - kv  50:             quantize.imatrix.entries_count u32              = 765
llama_model_loader: - kv  51:              quantize.imatrix.chunks_count u32              = 80
llama_model_loader: - kv  52:                                   split.no u16              = 0
llama_model_loader: - kv  53:                        split.tensors.count i32              = 1098
llama_model_loader: - kv  54:                                split.count u16              = 10
llama_model_loader: - type  f32:  451 tensors
llama_model_loader: - type q8_0:  647 tensors
print_info: file format = GGUF V3 (latest)
print_info: file type   = Q8_0
print_info: file size   = 392.55 GiB (8.51 BPW) 
load: 0 unused tokens
load: printing all EOG tokens:
load:   - 248044 ('<|endoftext|>')
load:   - 248046 ('<|im_end|>')
load:   - 248063 ('<|fim_pad|>')
load:   - 248064 ('<|repo_name|>')
load:   - 248065 ('<|file_sep|>')
load: special tokens cache size = 33
load: token to piece cache size = 1.7581 MB
print_info: arch                  = qwen35moe
print_info: vocab_only            = 0
print_info: no_alloc              = 0
print_info: n_ctx_train           = 262144
print_info: n_embd                = 4096
print_info: n_embd_inp            = 4096
print_info: n_layer               = 60
print_info: n_head                = 32
print_info: n_head_kv             = 2
print_info: n_rot                 = 64
print_info: n_swa                 = 0
print_info: is_swa_any            = 0
print_info: n_embd_head_k         = 256
print_info: n_embd_head_v         = 256
print_info: n_gqa                 = 16
print_info: n_embd_k_gqa          = 512
print_info: n_embd_v_gqa          = 512
print_info: f_norm_eps            = 0.0e+00
print_info: f_norm_rms_eps        = 1.0e-06
print_info: f_clamp_kqv           = 0.0e+00
print_info: f_max_alibi_bias      = 0.0e+00
print_info: f_logit_scale         = 0.0e+00
print_info: f_attn_scale          = 0.0e+00
print_info: n_ff                  = 0
print_info: n_expert              = 512
print_info: n_expert_used         = 10
print_info: n_expert_groups       = 0
print_info: n_group_used          = 0
print_info: causal attn           = 1
print_info: pooling type          = 0
print_info: rope type             = 40
print_info: rope scaling          = linear
print_info: freq_base_train       = 10000000.0
print_info: freq_scale_train      = 1
print_info: n_ctx_orig_yarn       = 262144
print_info: rope_yarn_log_mul     = 0.0000
print_info: rope_finetuned        = unknown
print_info: mrope sections        = [11, 11, 10, 0]
print_info: ssm_d_conv            = 4
print_info: ssm_d_inner           = 8192
print_info: ssm_d_state           = 128
print_info: ssm_dt_rank           = 64
print_info: ssm_n_group           = 16
print_info: ssm_dt_b_c_rms        = 0
print_info: model type            = ?B
print_info: model params          = 396.35 B
print_info: general.name          = Qwen3.5-397B-A17B
print_info: vocab type            = BPE
print_info: n_vocab               = 248320
print_info: n_merges              = 247587
print_info: BOS token             = 11 ','
print_info: EOS token             = 248046 '<|im_end|>'
print_info: EOT token             = 248046 '<|im_end|>'
print_info: PAD token             = 248055 '<|vision_pad|>'
print_info: LF token              = 198 'Ċ'
print_info: FIM PRE token         = 248060 '<|fim_prefix|>'
print_info: FIM SUF token         = 248062 '<|fim_suffix|>'
print_info: FIM MID token         = 248061 '<|fim_middle|>'
print_info: FIM PAD token         = 248063 '<|fim_pad|>'
print_info: FIM REP token         = 248064 '<|repo_name|>'
print_info: FIM SEP token         = 248065 '<|file_sep|>'
print_info: EOG token             = 248044 '<|endoftext|>'
print_info: EOG token             = 248046 '<|im_end|>'
print_info: EOG token             = 248063 '<|fim_pad|>'
print_info: EOG token             = 248064 '<|repo_name|>'
print_info: EOG token             = 248065 '<|file_sep|>'
print_info: max token length      = 256
load_tensors: loading model tensors, this can take a while... (mmap = true, direct_io = false)
load_tensors: offloading output layer to GPU
load_tensors: offloading 59 repeating layers to GPU
load_tensors: offloaded 61/61 layers to GPU
load_tensors:   CPU_Mapped model buffer size =  1030.62 MiB
load_tensors:        CUDA0 model buffer size = 106642.39 MiB
load_tensors:        CUDA1 model buffer size = 99987.35 MiB
load_tensors:        CUDA2 model buffer size = 99973.88 MiB
load_tensors:        CUDA3 model buffer size = 94336.00 MiB
....................................................................................................
common_init_result: added <|endoftext|> logit bias = -inf
common_init_result: added <|im_end|> logit bias = -inf
common_init_result: added <|fim_pad|> logit bias = -inf
common_init_result: added <|repo_name|> logit bias = -inf
common_init_result: added <|file_sep|> logit bias = -inf
llama_context: constructing llama_context
llama_context: n_seq_max     = 1
llama_context: n_ctx         = 16384
llama_context: n_ctx_seq     = 16384
llama_context: n_batch       = 2048
llama_context: n_ubatch      = 512
llama_context: causal_attn   = 1
llama_context: flash_attn    = enabled
llama_context: kv_unified    = false
llama_context: freq_base     = 10000000.0
llama_context: freq_scale    = 1
llama_context: n_ctx_seq (16384) < n_ctx_train (262144) -- the full capacity of the model will not be utilized
llama_context:  CUDA_Host  output buffer size =     0.95 MiB
llama_kv_cache:      CUDA0 KV buffer size =    68.00 MiB
llama_kv_cache:      CUDA1 KV buffer size =    51.00 MiB
llama_kv_cache:      CUDA2 KV buffer size =    68.00 MiB
llama_kv_cache:      CUDA3 KV buffer size =    68.00 MiB
llama_kv_cache: size =  255.00 MiB ( 16384 cells,  15 layers,  1/1 seqs), K (q8_0):  127.50 MiB, V (q8_0):  127.50 MiB
llama_memory_recurrent:      CUDA0 RS buffer size =    49.69 MiB
llama_memory_recurrent:      CUDA1 RS buffer size =    49.69 MiB
llama_memory_recurrent:      CUDA2 RS buffer size =    45.55 MiB
llama_memory_recurrent:      CUDA3 RS buffer size =    41.41 MiB
llama_memory_recurrent: size =  186.33 MiB (     1 cells,  60 layers,  1 seqs), R (f32):    6.33 MiB, S (f32):  180.00 MiB
llama_context: pipeline parallelism enabled
sched_reserve: reserving ...
sched_reserve:      CUDA0 compute buffer size =   388.34 MiB
sched_reserve:      CUDA1 compute buffer size =  3470.72 MiB
sched_reserve:      CUDA2 compute buffer size =   308.34 MiB
sched_reserve:      CUDA3 compute buffer size =  3791.45 MiB
sched_reserve:  CUDA_Host compute buffer size =   144.08 MiB
sched_reserve: graph nodes  = 14334 (with bs=512), 6819 (with bs=1)
sched_reserve: graph splits = 9
sched_reserve: reserve took 79.71 ms, sched copies = 4
EOS token id: 248046
EOG tokens in vocab:
  token 248044 = '<|endoftext|>' [EOG - will NOT stop generation]
  token 248046 = '<|im_end|>' [PRIMARY EOS - will stop generation]
  token 248063 = '<|fim_pad|>' [EOG - will NOT stop generation]
  token 248064 = '<|repo_name|>' [EOG - will NOT stop generation]
  token 248065 = '<|file_sep|>' [EOG - will NOT stop generation]
system_info: n_threads = 16 (n_threads_batch = 16) / 192 | CUDA : ARCHS = 900 | USE_GRAPHS = 1 | PEER_MAX_BATCH_SIZE = 128 | CPU : SSE3 = 1 | SSSE3 = 1 | AVX = 1 | AVX_VNNI = 1 | AVX2 = 1 | F16C = 1 | FMA = 1 | BMI2 = 1 | AVX512 = 1 | AVX512_VBMI = 1 | AVX512_VNNI = 1 | AVX512_BF16 = 1 | AMX_INT8 = 1 | LLAMAFILE = 1 | OPENMP = 1 | REPACK = 1 | 

Loaded 15 prompts

[1/15] P10A_deep_selfref : <|im_start|>user
Transformer models process input text through a seque...
  tokens: 355 prompt + 0 gen | tensors: 60 seen, 60 captured, 60 unique | 766 ms
  saved 0 layer + 60 router tensors → .tmp_token_corrections/verify_output/batch_3/P10A_deep_selfref
[2/15] P10B_deep_selfref : <|im_start|>user
Transformer models process input text through a seque...
  tokens: 355 prompt + 0 gen | tensors: 60 seen, 60 captured, 60 unique | 599 ms
  saved 0 layer + 60 router tensors → .tmp_token_corrections/verify_output/batch_3/P10B_deep_selfref
[3/15] P10C_deep_selfref : <|im_start|>user
Transformer models process input text through a seque...
  tokens: 355 prompt + 0 gen | tensors: 60 seen, 60 captured, 60 unique | 587 ms
  saved 0 layer + 60 router tensors → .tmp_token_corrections/verify_output/batch_3/P10C_deep_selfref
[4/15] P10D_deep_selfref : <|im_start|>user
Transformer models process input text through a seque...
  tokens: 355 prompt + 0 gen | tensors: 60 seen, 60 captured, 60 unique | 586 ms
  saved 0 layer + 60 router tensors → .tmp_token_corrections/verify_output/batch_3/P10D_deep_selfref
[5/15] P10E_deep_selfref : <|im_start|>user
Transformer models process input text through a seque...
  tokens: 355 prompt + 0 gen | tensors: 60 seen, 60 captured, 60 unique | 587 ms
  saved 0 layer + 60 router tensors → .tmp_token_corrections/verify_output/batch_3/P10E_deep_selfref
[6/15] P11A_deep_selfref : <|im_start|>user
Transformer models process input text through a seque...
  tokens: 341 prompt + 0 gen | tensors: 60 seen, 60 captured, 60 unique | 588 ms
  saved 0 layer + 60 router tensors → .tmp_token_corrections/verify_output/batch_3/P11A_deep_selfref
[7/15] P11B_deep_selfref : <|im_start|>user
Transformer models process input text through a seque...
  tokens: 341 prompt + 0 gen | tensors: 60 seen, 60 captured, 60 unique | 584 ms
  saved 0 layer + 60 router tensors → .tmp_token_corrections/verify_output/batch_3/P11B_deep_selfref
[8/15] P11C_deep_selfref : <|im_start|>user
Transformer models process input text through a seque...
  tokens: 341 prompt + 0 gen | tensors: 60 seen, 60 captured, 60 unique | 582 ms
  saved 0 layer + 60 router tensors → .tmp_token_corrections/verify_output/batch_3/P11C_deep_selfref
[9/15] P11D_deep_selfref : <|im_start|>user
Transformer models process input text through a seque...
  tokens: 341 prompt + 0 gen | tensors: 60 seen, 60 captured, 60 unique | 582 ms
  saved 0 layer + 60 router tensors → .tmp_token_corrections/verify_output/batch_3/P11D_deep_selfref
[10/15] P11E_deep_selfref : <|im_start|>user
Transformer models process input text through a seque...
  tokens: 341 prompt + 0 gen | tensors: 60 seen, 60 captured, 60 unique | 581 ms
  saved 0 layer + 60 router tensors → .tmp_token_corrections/verify_output/batch_3/P11E_deep_selfref
[11/15] P12A_deep_selfref : <|im_start|>user
Transformer models process input text through a seque...
  tokens: 364 prompt + 0 gen | tensors: 60 seen, 60 captured, 60 unique | 604 ms
  saved 0 layer + 60 router tensors → .tmp_token_corrections/verify_output/batch_3/P12A_deep_selfref
[12/15] P12B_deep_selfref : <|im_start|>user
Transformer models process input text through a seque...
  tokens: 364 prompt + 0 gen | tensors: 60 seen, 60 captured, 60 unique | 594 ms
  saved 0 layer + 60 router tensors → .tmp_token_corrections/verify_output/batch_3/P12B_deep_selfref
[13/15] P12C_deep_selfref : <|im_start|>user
Transformer models process input text through a seque...
  tokens: 364 prompt + 0 gen | tensors: 60 seen, 60 captured, 60 unique | 592 ms
  saved 0 layer + 60 router tensors → .tmp_token_corrections/verify_output/batch_3/P12C_deep_selfref
[14/15] P12D_deep_selfref : <|im_start|>user
Transformer models process input text through a seque...
  tokens: 364 prompt + 0 gen | tensors: 60 seen, 60 captured, 60 unique | 593 ms
  saved 0 layer + 60 router tensors → .tmp_token_corrections/verify_output/batch_3/P12D_deep_selfref
[15/15] P12E_deep_selfref : <|im_start|>user
Transformer models process input text through a seque...
  tokens: 364 prompt + 0 gen | tensors: 60 seen, 60 captured, 60 unique | 592 ms
  saved 0 layer + 60 router tensors → .tmp_token_corrections/verify_output/batch_3/P12E_deep_selfref

=== Capture Complete ===
Prompts: 15  |  Output: .tmp_token_corrections/verify_output/batch_3
llama_perf_context_print:        load time =   58440.17 ms
llama_perf_context_print: prompt eval time =       0.00 ms /     1 tokens (    0.00 ms per token,      inf tokens per second)
llama_perf_context_print:        eval time =       0.00 ms /     1 runs   (    0.00 ms per token,      inf tokens per second)
llama_perf_context_print:       total time =   67857.98 ms /     2 tokens
llama_perf_context_print:    graphs reused =         12
Running: /workspace/consciousness-experiment/capture_activations -m /workspace/models/Qwen3.5-397B-A17B-Q8_0/Qwen3.5-397B-A17B-Q8_0-00001-of-00010.gguf --prompt-file .tmp_token_corrections/batch_4.tsv -o .tmp_token_corrections/verify_output/batch_4 -n 0 -ngl 999 -c 16384 -t 16 -fa on --cache-type-k q8_0 --cache-type-v q8_0 --routing-only --no-stream
ggml_cuda_init: found 4 CUDA devices:
  Device 0: NVIDIA H200, compute capability 9.0, VMM: yes
  Device 1: NVIDIA H200, compute capability 9.0, VMM: yes
  Device 2: NVIDIA H200, compute capability 9.0, VMM: yes
  Device 3: NVIDIA H200, compute capability 9.0, VMM: yes
build: 1 (f75c4e8) with GNU 11.4.0 for Linux x86_64
=== Consciousness Metrics — Activation Capture ===
Output dir : .tmp_token_corrections/verify_output/batch_4
n_predict  : 0
Text output: file only (--no-stream)
Mode       : --routing-only (router/gate tensors only)
common_init_result: fitting params to device memory, for bugs during this step try to reproduce them with -fit off, or provide --verbose logs if the bug only occurs with -fit on
llama_params_fit_impl: projected memory use with initial parameters [MiB]:
llama_params_fit_impl:   - CUDA0 (NVIDIA H200): 143155 total, 107148 used,  35428 free vs. target of   1024
llama_params_fit_impl:   - CUDA1 (NVIDIA H200): 143155 total, 103590 used,  38986 free vs. target of   1024
llama_params_fit_impl:   - CUDA2 (NVIDIA H200): 143155 total, 100427 used,  42153 free vs. target of   1024
llama_params_fit_impl:   - CUDA3 (NVIDIA H200): 143155 total,  98268 used,  44316 free vs. target of   1024
llama_params_fit_impl: projected to use 409435 MiB of device memory vs. 570320 MiB of free device memory
llama_params_fit_impl: targets for free memory can be met on all devices, no changes needed
llama_params_fit: successfully fit params to free device memory
llama_params_fit: fitting params to free memory took 1.15 seconds
llama_model_load_from_file_impl: using device CUDA0 (NVIDIA H200) (0000:87:00.0) - 142627 MiB free
llama_model_load_from_file_impl: using device CUDA1 (NVIDIA H200) (0000:90:00.0) - 142627 MiB free
llama_model_load_from_file_impl: using device CUDA2 (NVIDIA H200) (0000:b8:00.0) - 142627 MiB free
llama_model_load_from_file_impl: using device CUDA3 (NVIDIA H200) (0000:c1:00.0) - 142627 MiB free
llama_model_loader: additional 9 GGUFs metadata loaded.
llama_model_loader: loaded meta data with 55 key-value pairs and 1098 tensors from /workspace/models/Qwen3.5-397B-A17B-Q8_0/Qwen3.5-397B-A17B-Q8_0-00001-of-00010.gguf (version GGUF V3 (latest))
llama_model_loader: Dumping metadata keys/values. Note: KV overrides do not apply in this output.
llama_model_loader: - kv   0:                       general.architecture str              = qwen35moe
llama_model_loader: - kv   1:                               general.type str              = model
llama_model_loader: - kv   2:                     general.sampling.top_k i32              = 20
llama_model_loader: - kv   3:                     general.sampling.top_p f32              = 0.950000
llama_model_loader: - kv   4:                      general.sampling.temp f32              = 0.600000
llama_model_loader: - kv   5:                               general.name str              = Qwen3.5-397B-A17B
llama_model_loader: - kv   6:                           general.basename str              = Qwen3.5-397B-A17B
llama_model_loader: - kv   7:                       general.quantized_by str              = Unsloth
llama_model_loader: - kv   8:                         general.size_label str              = 397B-A17B
llama_model_loader: - kv   9:                            general.license str              = apache-2.0
llama_model_loader: - kv  10:                       general.license.link str              = https://huggingface.co/Qwen/Qwen3.5-3...
llama_model_loader: - kv  11:                           general.repo_url str              = https://huggingface.co/unsloth
llama_model_loader: - kv  12:                   general.base_model.count u32              = 1
llama_model_loader: - kv  13:                  general.base_model.0.name str              = Qwen3.5 397B A17B
llama_model_loader: - kv  14:          general.base_model.0.organization str              = Qwen
llama_model_loader: - kv  15:              general.base_model.0.repo_url str              = https://huggingface.co/Qwen/Qwen3.5-3...
llama_model_loader: - kv  16:                               general.tags arr[str,2]       = ["unsloth", "image-text-to-text"]
llama_model_loader: - kv  17:                      qwen35moe.block_count u32              = 60
llama_model_loader: - kv  18:                   qwen35moe.context_length u32              = 262144
llama_model_loader: - kv  19:                 qwen35moe.embedding_length u32              = 4096
llama_model_loader: - kv  20:             qwen35moe.attention.head_count u32              = 32
llama_model_loader: - kv  21:          qwen35moe.attention.head_count_kv u32              = 2
llama_model_loader: - kv  22:          qwen35moe.rope.dimension_sections arr[i32,4]       = [11, 11, 10, 0]
llama_model_loader: - kv  23:                   qwen35moe.rope.freq_base f32              = 10000000.000000
llama_model_loader: - kv  24: qwen35moe.attention.layer_norm_rms_epsilon f32              = 0.000001
llama_model_loader: - kv  25:                     qwen35moe.expert_count u32              = 512
llama_model_loader: - kv  26:                qwen35moe.expert_used_count u32              = 10
llama_model_loader: - kv  27:             qwen35moe.attention.key_length u32              = 256
llama_model_loader: - kv  28:           qwen35moe.attention.value_length u32              = 256
llama_model_loader: - kv  29:       qwen35moe.expert_feed_forward_length u32              = 1024
llama_model_loader: - kv  30: qwen35moe.expert_shared_feed_forward_length u32              = 1024
llama_model_loader: - kv  31:                  qwen35moe.ssm.conv_kernel u32              = 4
llama_model_loader: - kv  32:                   qwen35moe.ssm.state_size u32              = 128
llama_model_loader: - kv  33:                  qwen35moe.ssm.group_count u32              = 16
llama_model_loader: - kv  34:               qwen35moe.ssm.time_step_rank u32              = 64
llama_model_loader: - kv  35:                   qwen35moe.ssm.inner_size u32              = 8192
llama_model_loader: - kv  36:          qwen35moe.full_attention_interval u32              = 4
llama_model_loader: - kv  37:             qwen35moe.rope.dimension_count u32              = 64
llama_model_loader: - kv  38:                       tokenizer.ggml.model str              = gpt2
llama_model_loader: - kv  39:                         tokenizer.ggml.pre str              = qwen35
llama_model_loader: - kv  40:                      tokenizer.ggml.tokens arr[str,248320]  = ["!", "\"", "#", "$", "%", "&", "'", ...
llama_model_loader: - kv  41:                  tokenizer.ggml.token_type arr[i32,248320]  = [1, 1, 1, 1, 1, 1, 1, 1, 1, 1, 1, 1, ...
llama_model_loader: - kv  42:                      tokenizer.ggml.merges arr[str,247587]  = ["Ġ Ġ", "ĠĠ ĠĠ", "i n", "Ġ t",...
llama_model_loader: - kv  43:                tokenizer.ggml.eos_token_id u32              = 248046
llama_model_loader: - kv  44:            tokenizer.ggml.padding_token_id u32              = 248055
llama_model_loader: - kv  45:                    tokenizer.chat_template str              = {%- set image_count = namespace(value...
llama_model_loader: - kv  46:               general.quantization_version u32              = 2
llama_model_loader: - kv  47:                          general.file_type u32              = 7
llama_model_loader: - kv  48:                      quantize.imatrix.file str              = Qwen3.5-397B-A17B-GGUF/imatrix_unslot...
llama_model_loader: - kv  49:                   quantize.imatrix.dataset str              = unsloth_calibration_Qwen3.5-397B-A17B...
llama_model_loader: - kv  50:             quantize.imatrix.entries_count u32              = 765
llama_model_loader: - kv  51:              quantize.imatrix.chunks_count u32              = 80
llama_model_loader: - kv  52:                                   split.no u16              = 0
llama_model_loader: - kv  53:                        split.tensors.count i32              = 1098
llama_model_loader: - kv  54:                                split.count u16              = 10
llama_model_loader: - type  f32:  451 tensors
llama_model_loader: - type q8_0:  647 tensors
print_info: file format = GGUF V3 (latest)
print_info: file type   = Q8_0
print_info: file size   = 392.55 GiB (8.51 BPW) 
load: 0 unused tokens
load: printing all EOG tokens:
load:   - 248044 ('<|endoftext|>')
load:   - 248046 ('<|im_end|>')
load:   - 248063 ('<|fim_pad|>')
load:   - 248064 ('<|repo_name|>')
load:   - 248065 ('<|file_sep|>')
load: special tokens cache size = 33
load: token to piece cache size = 1.7581 MB
print_info: arch                  = qwen35moe
print_info: vocab_only            = 0
print_info: no_alloc              = 0
print_info: n_ctx_train           = 262144
print_info: n_embd                = 4096
print_info: n_embd_inp            = 4096
print_info: n_layer               = 60
print_info: n_head                = 32
print_info: n_head_kv             = 2
print_info: n_rot                 = 64
print_info: n_swa                 = 0
print_info: is_swa_any            = 0
print_info: n_embd_head_k         = 256
print_info: n_embd_head_v         = 256
print_info: n_gqa                 = 16
print_info: n_embd_k_gqa          = 512
print_info: n_embd_v_gqa          = 512
print_info: f_norm_eps            = 0.0e+00
print_info: f_norm_rms_eps        = 1.0e-06
print_info: f_clamp_kqv           = 0.0e+00
print_info: f_max_alibi_bias      = 0.0e+00
print_info: f_logit_scale         = 0.0e+00
print_info: f_attn_scale          = 0.0e+00
print_info: n_ff                  = 0
print_info: n_expert              = 512
print_info: n_expert_used         = 10
print_info: n_expert_groups       = 0
print_info: n_group_used          = 0
print_info: causal attn           = 1
print_info: pooling type          = 0
print_info: rope type             = 40
print_info: rope scaling          = linear
print_info: freq_base_train       = 10000000.0
print_info: freq_scale_train      = 1
print_info: n_ctx_orig_yarn       = 262144
print_info: rope_yarn_log_mul     = 0.0000
print_info: rope_finetuned        = unknown
print_info: mrope sections        = [11, 11, 10, 0]
print_info: ssm_d_conv            = 4
print_info: ssm_d_inner           = 8192
print_info: ssm_d_state           = 128
print_info: ssm_dt_rank           = 64
print_info: ssm_n_group           = 16
print_info: ssm_dt_b_c_rms        = 0
print_info: model type            = ?B
print_info: model params          = 396.35 B
print_info: general.name          = Qwen3.5-397B-A17B
print_info: vocab type            = BPE
print_info: n_vocab               = 248320
print_info: n_merges              = 247587
print_info: BOS token             = 11 ','
print_info: EOS token             = 248046 '<|im_end|>'
print_info: EOT token             = 248046 '<|im_end|>'
print_info: PAD token             = 248055 '<|vision_pad|>'
print_info: LF token              = 198 'Ċ'
print_info: FIM PRE token         = 248060 '<|fim_prefix|>'
print_info: FIM SUF token         = 248062 '<|fim_suffix|>'
print_info: FIM MID token         = 248061 '<|fim_middle|>'
print_info: FIM PAD token         = 248063 '<|fim_pad|>'
print_info: FIM REP token         = 248064 '<|repo_name|>'
print_info: FIM SEP token         = 248065 '<|file_sep|>'
print_info: EOG token             = 248044 '<|endoftext|>'
print_info: EOG token             = 248046 '<|im_end|>'
print_info: EOG token             = 248063 '<|fim_pad|>'
print_info: EOG token             = 248064 '<|repo_name|>'
print_info: EOG token             = 248065 '<|file_sep|>'
print_info: max token length      = 256
load_tensors: loading model tensors, this can take a while... (mmap = true, direct_io = false)
load_tensors: offloading output layer to GPU
load_tensors: offloading 59 repeating layers to GPU
load_tensors: offloaded 61/61 layers to GPU
load_tensors:   CPU_Mapped model buffer size =  1030.62 MiB
load_tensors:        CUDA0 model buffer size = 106642.39 MiB
load_tensors:        CUDA1 model buffer size = 99987.35 MiB
load_tensors:        CUDA2 model buffer size = 99973.88 MiB
load_tensors:        CUDA3 model buffer size = 94336.00 MiB
....................................................................................................
common_init_result: added <|endoftext|> logit bias = -inf
common_init_result: added <|im_end|> logit bias = -inf
common_init_result: added <|fim_pad|> logit bias = -inf
common_init_result: added <|repo_name|> logit bias = -inf
common_init_result: added <|file_sep|> logit bias = -inf
llama_context: constructing llama_context
llama_context: n_seq_max     = 1
llama_context: n_ctx         = 16384
llama_context: n_ctx_seq     = 16384
llama_context: n_batch       = 2048
llama_context: n_ubatch      = 512
llama_context: causal_attn   = 1
llama_context: flash_attn    = enabled
llama_context: kv_unified    = false
llama_context: freq_base     = 10000000.0
llama_context: freq_scale    = 1
llama_context: n_ctx_seq (16384) < n_ctx_train (262144) -- the full capacity of the model will not be utilized
llama_context:  CUDA_Host  output buffer size =     0.95 MiB
llama_kv_cache:      CUDA0 KV buffer size =    68.00 MiB
llama_kv_cache:      CUDA1 KV buffer size =    51.00 MiB
llama_kv_cache:      CUDA2 KV buffer size =    68.00 MiB
llama_kv_cache:      CUDA3 KV buffer size =    68.00 MiB
llama_kv_cache: size =  255.00 MiB ( 16384 cells,  15 layers,  1/1 seqs), K (q8_0):  127.50 MiB, V (q8_0):  127.50 MiB
llama_memory_recurrent:      CUDA0 RS buffer size =    49.69 MiB
llama_memory_recurrent:      CUDA1 RS buffer size =    49.69 MiB
llama_memory_recurrent:      CUDA2 RS buffer size =    45.55 MiB
llama_memory_recurrent:      CUDA3 RS buffer size =    41.41 MiB
llama_memory_recurrent: size =  186.33 MiB (     1 cells,  60 layers,  1 seqs), R (f32):    6.33 MiB, S (f32):  180.00 MiB
llama_context: pipeline parallelism enabled
sched_reserve: reserving ...
sched_reserve:      CUDA0 compute buffer size =   388.34 MiB
sched_reserve:      CUDA1 compute buffer size =  3470.72 MiB
sched_reserve:      CUDA2 compute buffer size =   308.34 MiB
sched_reserve:      CUDA3 compute buffer size =  3791.45 MiB
sched_reserve:  CUDA_Host compute buffer size =   144.08 MiB
sched_reserve: graph nodes  = 14334 (with bs=512), 6819 (with bs=1)
sched_reserve: graph splits = 9
sched_reserve: reserve took 75.51 ms, sched copies = 4
EOS token id: 248046
EOG tokens in vocab:
  token 248044 = '<|endoftext|>' [EOG - will NOT stop generation]
  token 248046 = '<|im_end|>' [PRIMARY EOS - will stop generation]
  token 248063 = '<|fim_pad|>' [EOG - will NOT stop generation]
  token 248064 = '<|repo_name|>' [EOG - will NOT stop generation]
  token 248065 = '<|file_sep|>' [EOG - will NOT stop generation]
system_info: n_threads = 16 (n_threads_batch = 16) / 192 | CUDA : ARCHS = 900 | USE_GRAPHS = 1 | PEER_MAX_BATCH_SIZE = 128 | CPU : SSE3 = 1 | SSSE3 = 1 | AVX = 1 | AVX_VNNI = 1 | AVX2 = 1 | F16C = 1 | FMA = 1 | BMI2 = 1 | AVX512 = 1 | AVX512_VBMI = 1 | AVX512_VNNI = 1 | AVX512_BF16 = 1 | AMX_INT8 = 1 | LLAMAFILE = 1 | OPENMP = 1 | REPACK = 1 | 

Loaded 15 prompts

[1/15] P13A_paradox : <|im_start|>user
Transformer models process input text through a seque...
  tokens: 357 prompt + 0 gen | tensors: 60 seen, 60 captured, 60 unique | 767 ms
  saved 0 layer + 60 router tensors → .tmp_token_corrections/verify_output/batch_4/P13A_paradox
[2/15] P13B_paradox : <|im_start|>user
Transformer models process input text through a seque...
  tokens: 357 prompt + 0 gen | tensors: 60 seen, 60 captured, 60 unique | 598 ms
  saved 0 layer + 60 router tensors → .tmp_token_corrections/verify_output/batch_4/P13B_paradox
[3/15] P13C_paradox : <|im_start|>user
Transformer models process input text through a seque...
  tokens: 357 prompt + 0 gen | tensors: 60 seen, 60 captured, 60 unique | 588 ms
  saved 0 layer + 60 router tensors → .tmp_token_corrections/verify_output/batch_4/P13C_paradox
[4/15] P13D_paradox : <|im_start|>user
Transformer models process input text through a seque...
  tokens: 357 prompt + 0 gen | tensors: 60 seen, 60 captured, 60 unique | 585 ms
  saved 0 layer + 60 router tensors → .tmp_token_corrections/verify_output/batch_4/P13D_paradox
[5/15] P13E_paradox : <|im_start|>user
Transformer models process input text through a seque...
  tokens: 357 prompt + 0 gen | tensors: 60 seen, 60 captured, 60 unique | 586 ms
  saved 0 layer + 60 router tensors → .tmp_token_corrections/verify_output/batch_4/P13E_paradox
[6/15] P14A_paradox : <|im_start|>user
Transformer models process input text through a seque...
  tokens: 364 prompt + 0 gen | tensors: 60 seen, 60 captured, 60 unique | 605 ms
  saved 0 layer + 60 router tensors → .tmp_token_corrections/verify_output/batch_4/P14A_paradox
[7/15] P14B_paradox : <|im_start|>user
Transformer models process input text through a seque...
  tokens: 364 prompt + 0 gen | tensors: 60 seen, 60 captured, 60 unique | 596 ms
  saved 0 layer + 60 router tensors → .tmp_token_corrections/verify_output/batch_4/P14B_paradox
[8/15] P14C_paradox : <|im_start|>user
Transformer models process input text through a seque...
  tokens: 364 prompt + 0 gen | tensors: 60 seen, 60 captured, 60 unique | 593 ms
  saved 0 layer + 60 router tensors → .tmp_token_corrections/verify_output/batch_4/P14C_paradox
[9/15] P14D_paradox : <|im_start|>user
Transformer models process input text through a seque...
  tokens: 364 prompt + 0 gen | tensors: 60 seen, 60 captured, 60 unique | 592 ms
  saved 0 layer + 60 router tensors → .tmp_token_corrections/verify_output/batch_4/P14D_paradox
[10/15] P14E_paradox : <|im_start|>user
Transformer models process input text through a seque...
  tokens: 364 prompt + 0 gen | tensors: 60 seen, 60 captured, 60 unique | 592 ms
  saved 0 layer + 60 router tensors → .tmp_token_corrections/verify_output/batch_4/P14E_paradox
[11/15] P15A_paradox : <|im_start|>user
Transformer models process input text through a seque...
  tokens: 350 prompt + 0 gen | tensors: 60 seen, 60 captured, 60 unique | 591 ms
  saved 0 layer + 60 router tensors → .tmp_token_corrections/verify_output/batch_4/P15A_paradox
[12/15] P15B_paradox : <|im_start|>user
Transformer models process input text through a seque...
  tokens: 350 prompt + 0 gen | tensors: 60 seen, 60 captured, 60 unique | 588 ms
  saved 0 layer + 60 router tensors → .tmp_token_corrections/verify_output/batch_4/P15B_paradox
[13/15] P15C_paradox : <|im_start|>user
Transformer models process input text through a seque...
  tokens: 350 prompt + 0 gen | tensors: 60 seen, 60 captured, 60 unique | 586 ms
  saved 0 layer + 60 router tensors → .tmp_token_corrections/verify_output/batch_4/P15C_paradox
[14/15] P15D_paradox : <|im_start|>user
Transformer models process input text through a seque...
  tokens: 350 prompt + 0 gen | tensors: 60 seen, 60 captured, 60 unique | 586 ms
  saved 0 layer + 60 router tensors → .tmp_token_corrections/verify_output/batch_4/P15D_paradox
[15/15] P15E_paradox : <|im_start|>user
Transformer models process input text through a seque...
  tokens: 350 prompt + 0 gen | tensors: 60 seen, 60 captured, 60 unique | 584 ms
  saved 0 layer + 60 router tensors → .tmp_token_corrections/verify_output/batch_4/P15E_paradox

=== Capture Complete ===
Prompts: 15  |  Output: .tmp_token_corrections/verify_output/batch_4
llama_perf_context_print:        load time =   72604.02 ms
llama_perf_context_print: prompt eval time =       0.00 ms /     1 tokens (    0.00 ms per token,      inf tokens per second)
llama_perf_context_print:        eval time =       0.00 ms /     1 runs   (    0.00 ms per token,      inf tokens per second)
llama_perf_context_print:       total time =   82043.14 ms /     2 tokens
llama_perf_context_print:    graphs reused =         12
Running: /workspace/consciousness-experiment/capture_activations -m /workspace/models/Qwen3.5-397B-A17B-Q8_0/Qwen3.5-397B-A17B-Q8_0-00001-of-00010.gguf --prompt-file .tmp_token_corrections/batch_5.tsv -o .tmp_token_corrections/verify_output/batch_5 -n 0 -ngl 999 -c 16384 -t 16 -fa on --cache-type-k q8_0 --cache-type-v q8_0 --routing-only --no-stream
ggml_cuda_init: found 4 CUDA devices:
  Device 0: NVIDIA H200, compute capability 9.0, VMM: yes
  Device 1: NVIDIA H200, compute capability 9.0, VMM: yes
  Device 2: NVIDIA H200, compute capability 9.0, VMM: yes
  Device 3: NVIDIA H200, compute capability 9.0, VMM: yes
build: 1 (f75c4e8) with GNU 11.4.0 for Linux x86_64
=== Consciousness Metrics — Activation Capture ===
Output dir : .tmp_token_corrections/verify_output/batch_5
n_predict  : 0
Text output: file only (--no-stream)
Mode       : --routing-only (router/gate tensors only)
common_init_result: fitting params to device memory, for bugs during this step try to reproduce them with -fit off, or provide --verbose logs if the bug only occurs with -fit on
llama_params_fit_impl: projected memory use with initial parameters [MiB]:
llama_params_fit_impl:   - CUDA0 (NVIDIA H200): 143155 total, 107148 used,  35428 free vs. target of   1024
llama_params_fit_impl:   - CUDA1 (NVIDIA H200): 143155 total, 103590 used,  38986 free vs. target of   1024
llama_params_fit_impl:   - CUDA2 (NVIDIA H200): 143155 total, 100427 used,  42153 free vs. target of   1024
llama_params_fit_impl:   - CUDA3 (NVIDIA H200): 143155 total,  98268 used,  44316 free vs. target of   1024
llama_params_fit_impl: projected to use 409435 MiB of device memory vs. 570320 MiB of free device memory
llama_params_fit_impl: targets for free memory can be met on all devices, no changes needed
llama_params_fit: successfully fit params to free device memory
llama_params_fit: fitting params to free memory took 1.16 seconds
llama_model_load_from_file_impl: using device CUDA0 (NVIDIA H200) (0000:87:00.0) - 142627 MiB free
llama_model_load_from_file_impl: using device CUDA1 (NVIDIA H200) (0000:90:00.0) - 142627 MiB free
llama_model_load_from_file_impl: using device CUDA2 (NVIDIA H200) (0000:b8:00.0) - 142627 MiB free
llama_model_load_from_file_impl: using device CUDA3 (NVIDIA H200) (0000:c1:00.0) - 142627 MiB free
llama_model_loader: additional 9 GGUFs metadata loaded.
llama_model_loader: loaded meta data with 55 key-value pairs and 1098 tensors from /workspace/models/Qwen3.5-397B-A17B-Q8_0/Qwen3.5-397B-A17B-Q8_0-00001-of-00010.gguf (version GGUF V3 (latest))
llama_model_loader: Dumping metadata keys/values. Note: KV overrides do not apply in this output.
llama_model_loader: - kv   0:                       general.architecture str              = qwen35moe
llama_model_loader: - kv   1:                               general.type str              = model
llama_model_loader: - kv   2:                     general.sampling.top_k i32              = 20
llama_model_loader: - kv   3:                     general.sampling.top_p f32              = 0.950000
llama_model_loader: - kv   4:                      general.sampling.temp f32              = 0.600000
llama_model_loader: - kv   5:                               general.name str              = Qwen3.5-397B-A17B
llama_model_loader: - kv   6:                           general.basename str              = Qwen3.5-397B-A17B
llama_model_loader: - kv   7:                       general.quantized_by str              = Unsloth
llama_model_loader: - kv   8:                         general.size_label str              = 397B-A17B
llama_model_loader: - kv   9:                            general.license str              = apache-2.0
llama_model_loader: - kv  10:                       general.license.link str              = https://huggingface.co/Qwen/Qwen3.5-3...
llama_model_loader: - kv  11:                           general.repo_url str              = https://huggingface.co/unsloth
llama_model_loader: - kv  12:                   general.base_model.count u32              = 1
llama_model_loader: - kv  13:                  general.base_model.0.name str              = Qwen3.5 397B A17B
llama_model_loader: - kv  14:          general.base_model.0.organization str              = Qwen
llama_model_loader: - kv  15:              general.base_model.0.repo_url str              = https://huggingface.co/Qwen/Qwen3.5-3...
llama_model_loader: - kv  16:                               general.tags arr[str,2]       = ["unsloth", "image-text-to-text"]
llama_model_loader: - kv  17:                      qwen35moe.block_count u32              = 60
llama_model_loader: - kv  18:                   qwen35moe.context_length u32              = 262144
llama_model_loader: - kv  19:                 qwen35moe.embedding_length u32              = 4096
llama_model_loader: - kv  20:             qwen35moe.attention.head_count u32              = 32
llama_model_loader: - kv  21:          qwen35moe.attention.head_count_kv u32              = 2
llama_model_loader: - kv  22:          qwen35moe.rope.dimension_sections arr[i32,4]       = [11, 11, 10, 0]
llama_model_loader: - kv  23:                   qwen35moe.rope.freq_base f32              = 10000000.000000
llama_model_loader: - kv  24: qwen35moe.attention.layer_norm_rms_epsilon f32              = 0.000001
llama_model_loader: - kv  25:                     qwen35moe.expert_count u32              = 512
llama_model_loader: - kv  26:                qwen35moe.expert_used_count u32              = 10
llama_model_loader: - kv  27:             qwen35moe.attention.key_length u32              = 256
llama_model_loader: - kv  28:           qwen35moe.attention.value_length u32              = 256
llama_model_loader: - kv  29:       qwen35moe.expert_feed_forward_length u32              = 1024
llama_model_loader: - kv  30: qwen35moe.expert_shared_feed_forward_length u32              = 1024
llama_model_loader: - kv  31:                  qwen35moe.ssm.conv_kernel u32              = 4
llama_model_loader: - kv  32:                   qwen35moe.ssm.state_size u32              = 128
llama_model_loader: - kv  33:                  qwen35moe.ssm.group_count u32              = 16
llama_model_loader: - kv  34:               qwen35moe.ssm.time_step_rank u32              = 64
llama_model_loader: - kv  35:                   qwen35moe.ssm.inner_size u32              = 8192
llama_model_loader: - kv  36:          qwen35moe.full_attention_interval u32              = 4
llama_model_loader: - kv  37:             qwen35moe.rope.dimension_count u32              = 64
llama_model_loader: - kv  38:                       tokenizer.ggml.model str              = gpt2
llama_model_loader: - kv  39:                         tokenizer.ggml.pre str              = qwen35
llama_model_loader: - kv  40:                      tokenizer.ggml.tokens arr[str,248320]  = ["!", "\"", "#", "$", "%", "&", "'", ...
llama_model_loader: - kv  41:                  tokenizer.ggml.token_type arr[i32,248320]  = [1, 1, 1, 1, 1, 1, 1, 1, 1, 1, 1, 1, ...
llama_model_loader: - kv  42:                      tokenizer.ggml.merges arr[str,247587]  = ["Ġ Ġ", "ĠĠ ĠĠ", "i n", "Ġ t",...
llama_model_loader: - kv  43:                tokenizer.ggml.eos_token_id u32              = 248046
llama_model_loader: - kv  44:            tokenizer.ggml.padding_token_id u32              = 248055
llama_model_loader: - kv  45:                    tokenizer.chat_template str              = {%- set image_count = namespace(value...
llama_model_loader: - kv  46:               general.quantization_version u32              = 2
llama_model_loader: - kv  47:                          general.file_type u32              = 7
llama_model_loader: - kv  48:                      quantize.imatrix.file str              = Qwen3.5-397B-A17B-GGUF/imatrix_unslot...
llama_model_loader: - kv  49:                   quantize.imatrix.dataset str              = unsloth_calibration_Qwen3.5-397B-A17B...
llama_model_loader: - kv  50:             quantize.imatrix.entries_count u32              = 765
llama_model_loader: - kv  51:              quantize.imatrix.chunks_count u32              = 80
llama_model_loader: - kv  52:                                   split.no u16              = 0
llama_model_loader: - kv  53:                        split.tensors.count i32              = 1098
llama_model_loader: - kv  54:                                split.count u16              = 10
llama_model_loader: - type  f32:  451 tensors
llama_model_loader: - type q8_0:  647 tensors
print_info: file format = GGUF V3 (latest)
print_info: file type   = Q8_0
print_info: file size   = 392.55 GiB (8.51 BPW) 
load: 0 unused tokens
load: printing all EOG tokens:
load:   - 248044 ('<|endoftext|>')
load:   - 248046 ('<|im_end|>')
load:   - 248063 ('<|fim_pad|>')
load:   - 248064 ('<|repo_name|>')
load:   - 248065 ('<|file_sep|>')
load: special tokens cache size = 33
load: token to piece cache size = 1.7581 MB
print_info: arch                  = qwen35moe
print_info: vocab_only            = 0
print_info: no_alloc              = 0
print_info: n_ctx_train           = 262144
print_info: n_embd                = 4096
print_info: n_embd_inp            = 4096
print_info: n_layer               = 60
print_info: n_head                = 32
print_info: n_head_kv             = 2
print_info: n_rot                 = 64
print_info: n_swa                 = 0
print_info: is_swa_any            = 0
print_info: n_embd_head_k         = 256
print_info: n_embd_head_v         = 256
print_info: n_gqa                 = 16
print_info: n_embd_k_gqa          = 512
print_info: n_embd_v_gqa          = 512
print_info: f_norm_eps            = 0.0e+00
print_info: f_norm_rms_eps        = 1.0e-06
print_info: f_clamp_kqv           = 0.0e+00
print_info: f_max_alibi_bias      = 0.0e+00
print_info: f_logit_scale         = 0.0e+00
print_info: f_attn_scale          = 0.0e+00
print_info: n_ff                  = 0
print_info: n_expert              = 512
print_info: n_expert_used         = 10
print_info: n_expert_groups       = 0
print_info: n_group_used          = 0
print_info: causal attn           = 1
print_info: pooling type          = 0
print_info: rope type             = 40
print_info: rope scaling          = linear
print_info: freq_base_train       = 10000000.0
print_info: freq_scale_train      = 1
print_info: n_ctx_orig_yarn       = 262144
print_info: rope_yarn_log_mul     = 0.0000
print_info: rope_finetuned        = unknown
print_info: mrope sections        = [11, 11, 10, 0]
print_info: ssm_d_conv            = 4
print_info: ssm_d_inner           = 8192
print_info: ssm_d_state           = 128
print_info: ssm_dt_rank           = 64
print_info: ssm_n_group           = 16
print_info: ssm_dt_b_c_rms        = 0
print_info: model type            = ?B
print_info: model params          = 396.35 B
print_info: general.name          = Qwen3.5-397B-A17B
print_info: vocab type            = BPE
print_info: n_vocab               = 248320
print_info: n_merges              = 247587
print_info: BOS token             = 11 ','
print_info: EOS token             = 248046 '<|im_end|>'
print_info: EOT token             = 248046 '<|im_end|>'
print_info: PAD token             = 248055 '<|vision_pad|>'
print_info: LF token              = 198 'Ċ'
print_info: FIM PRE token         = 248060 '<|fim_prefix|>'
print_info: FIM SUF token         = 248062 '<|fim_suffix|>'
print_info: FIM MID token         = 248061 '<|fim_middle|>'
print_info: FIM PAD token         = 248063 '<|fim_pad|>'
print_info: FIM REP token         = 248064 '<|repo_name|>'
print_info: FIM SEP token         = 248065 '<|file_sep|>'
print_info: EOG token             = 248044 '<|endoftext|>'
print_info: EOG token             = 248046 '<|im_end|>'
print_info: EOG token             = 248063 '<|fim_pad|>'
print_info: EOG token             = 248064 '<|repo_name|>'
print_info: EOG token             = 248065 '<|file_sep|>'
print_info: max token length      = 256
load_tensors: loading model tensors, this can take a while... (mmap = true, direct_io = false)
load_tensors: offloading output layer to GPU
load_tensors: offloading 59 repeating layers to GPU
load_tensors: offloaded 61/61 layers to GPU
load_tensors:   CPU_Mapped model buffer size =  1030.62 MiB
load_tensors:        CUDA0 model buffer size = 106642.39 MiB
load_tensors:        CUDA1 model buffer size = 99987.35 MiB
load_tensors:        CUDA2 model buffer size = 99973.88 MiB
load_tensors:        CUDA3 model buffer size = 94336.00 MiB
....................................................................................................
common_init_result: added <|endoftext|> logit bias = -inf
common_init_result: added <|im_end|> logit bias = -inf
common_init_result: added <|fim_pad|> logit bias = -inf
common_init_result: added <|repo_name|> logit bias = -inf
common_init_result: added <|file_sep|> logit bias = -inf
llama_context: constructing llama_context
llama_context: n_seq_max     = 1
llama_context: n_ctx         = 16384
llama_context: n_ctx_seq     = 16384
llama_context: n_batch       = 2048
llama_context: n_ubatch      = 512
llama_context: causal_attn   = 1
llama_context: flash_attn    = enabled
llama_context: kv_unified    = false
llama_context: freq_base     = 10000000.0
llama_context: freq_scale    = 1
llama_context: n_ctx_seq (16384) < n_ctx_train (262144) -- the full capacity of the model will not be utilized
llama_context:  CUDA_Host  output buffer size =     0.95 MiB
llama_kv_cache:      CUDA0 KV buffer size =    68.00 MiB
llama_kv_cache:      CUDA1 KV buffer size =    51.00 MiB
llama_kv_cache:      CUDA2 KV buffer size =    68.00 MiB
llama_kv_cache:      CUDA3 KV buffer size =    68.00 MiB
llama_kv_cache: size =  255.00 MiB ( 16384 cells,  15 layers,  1/1 seqs), K (q8_0):  127.50 MiB, V (q8_0):  127.50 MiB
llama_memory_recurrent:      CUDA0 RS buffer size =    49.69 MiB
llama_memory_recurrent:      CUDA1 RS buffer size =    49.69 MiB
llama_memory_recurrent:      CUDA2 RS buffer size =    45.55 MiB
llama_memory_recurrent:      CUDA3 RS buffer size =    41.41 MiB
llama_memory_recurrent: size =  186.33 MiB (     1 cells,  60 layers,  1 seqs), R (f32):    6.33 MiB, S (f32):  180.00 MiB
llama_context: pipeline parallelism enabled
sched_reserve: reserving ...
sched_reserve:      CUDA0 compute buffer size =   388.34 MiB
sched_reserve:      CUDA1 compute buffer size =  3470.72 MiB
sched_reserve:      CUDA2 compute buffer size =   308.34 MiB
sched_reserve:      CUDA3 compute buffer size =  3791.45 MiB
sched_reserve:  CUDA_Host compute buffer size =   144.08 MiB
sched_reserve: graph nodes  = 14334 (with bs=512), 6819 (with bs=1)
sched_reserve: graph splits = 9
sched_reserve: reserve took 81.02 ms, sched copies = 4
EOS token id: 248046
EOG tokens in vocab:
  token 248044 = '<|endoftext|>' [EOG - will NOT stop generation]
  token 248046 = '<|im_end|>' [PRIMARY EOS - will stop generation]
  token 248063 = '<|fim_pad|>' [EOG - will NOT stop generation]
  token 248064 = '<|repo_name|>' [EOG - will NOT stop generation]
  token 248065 = '<|file_sep|>' [EOG - will NOT stop generation]
system_info: n_threads = 16 (n_threads_batch = 16) / 192 | CUDA : ARCHS = 900 | USE_GRAPHS = 1 | PEER_MAX_BATCH_SIZE = 128 | CPU : SSE3 = 1 | SSSE3 = 1 | AVX = 1 | AVX_VNNI = 1 | AVX2 = 1 | F16C = 1 | FMA = 1 | BMI2 = 1 | AVX512 = 1 | AVX512_VBMI = 1 | AVX512_VNNI = 1 | AVX512_BF16 = 1 | AMX_INT8 = 1 | LLAMAFILE = 1 | OPENMP = 1 | REPACK = 1 | 

Loaded 15 prompts

[1/15] P16A_paradox : <|im_start|>user
Transformer models process input text through a seque...
  tokens: 360 prompt + 0 gen | tensors: 60 seen, 60 captured, 60 unique | 778 ms
  saved 0 layer + 60 router tensors → .tmp_token_corrections/verify_output/batch_5/P16A_paradox
[2/15] P16B_paradox : <|im_start|>user
Transformer models process input text through a seque...
  tokens: 360 prompt + 0 gen | tensors: 60 seen, 60 captured, 60 unique | 602 ms
  saved 0 layer + 60 router tensors → .tmp_token_corrections/verify_output/batch_5/P16B_paradox
[3/15] P16C_paradox : <|im_start|>user
Transformer models process input text through a seque...
  tokens: 360 prompt + 0 gen | tensors: 60 seen, 60 captured, 60 unique | 591 ms
  saved 0 layer + 60 router tensors → .tmp_token_corrections/verify_output/batch_5/P16C_paradox
[4/15] P16D_paradox : <|im_start|>user
Transformer models process input text through a seque...
  tokens: 360 prompt + 0 gen | tensors: 60 seen, 60 captured, 60 unique | 592 ms
  saved 0 layer + 60 router tensors → .tmp_token_corrections/verify_output/batch_5/P16D_paradox
[5/15] P16E_paradox : <|im_start|>user
Transformer models process input text through a seque...
  tokens: 360 prompt + 0 gen | tensors: 60 seen, 60 captured, 60 unique | 591 ms
  saved 0 layer + 60 router tensors → .tmp_token_corrections/verify_output/batch_5/P16E_paradox
[6/15] P17A_paradox : <|im_start|>user
Transformer models process input text through a seque...
  tokens: 355 prompt + 0 gen | tensors: 60 seen, 60 captured, 60 unique | 596 ms
  saved 0 layer + 60 router tensors → .tmp_token_corrections/verify_output/batch_5/P17A_paradox
[7/15] P17B_paradox : <|im_start|>user
Transformer models process input text through a seque...
  tokens: 355 prompt + 0 gen | tensors: 60 seen, 60 captured, 60 unique | 592 ms
  saved 0 layer + 60 router tensors → .tmp_token_corrections/verify_output/batch_5/P17B_paradox
[8/15] P17C_paradox : <|im_start|>user
Transformer models process input text through a seque...
  tokens: 355 prompt + 0 gen | tensors: 60 seen, 60 captured, 60 unique | 588 ms
  saved 0 layer + 60 router tensors → .tmp_token_corrections/verify_output/batch_5/P17C_paradox
[9/15] P17D_paradox : <|im_start|>user
Transformer models process input text through a seque...
  tokens: 355 prompt + 0 gen | tensors: 60 seen, 60 captured, 60 unique | 589 ms
  saved 0 layer + 60 router tensors → .tmp_token_corrections/verify_output/batch_5/P17D_paradox
[10/15] P17E_paradox : <|im_start|>user
Transformer models process input text through a seque...
  tokens: 355 prompt + 0 gen | tensors: 60 seen, 60 captured, 60 unique | 589 ms
  saved 0 layer + 60 router tensors → .tmp_token_corrections/verify_output/batch_5/P17E_paradox
[11/15] P18A_paradox : <|im_start|>user
Transformer models process input text through a seque...
  tokens: 359 prompt + 0 gen | tensors: 60 seen, 60 captured, 60 unique | 603 ms
  saved 0 layer + 60 router tensors → .tmp_token_corrections/verify_output/batch_5/P18A_paradox
[12/15] P18B_paradox : <|im_start|>user
Transformer models process input text through a seque...
  tokens: 359 prompt + 0 gen | tensors: 60 seen, 60 captured, 60 unique | 595 ms
  saved 0 layer + 60 router tensors → .tmp_token_corrections/verify_output/batch_5/P18B_paradox
[13/15] P18C_paradox : <|im_start|>user
Transformer models process input text through a seque...
  tokens: 359 prompt + 0 gen | tensors: 60 seen, 60 captured, 60 unique | 593 ms
  saved 0 layer + 60 router tensors → .tmp_token_corrections/verify_output/batch_5/P18C_paradox
[14/15] P18D_paradox : <|im_start|>user
Transformer models process input text through a seque...
  tokens: 359 prompt + 0 gen | tensors: 60 seen, 60 captured, 60 unique | 591 ms
  saved 0 layer + 60 router tensors → .tmp_token_corrections/verify_output/batch_5/P18D_paradox
[15/15] P18E_paradox : <|im_start|>user
Transformer models process input text through a seque...
  tokens: 359 prompt + 0 gen | tensors: 60 seen, 60 captured, 60 unique | 592 ms
  saved 0 layer + 60 router tensors → .tmp_token_corrections/verify_output/batch_5/P18E_paradox

=== Capture Complete ===
Prompts: 15  |  Output: .tmp_token_corrections/verify_output/batch_5
llama_perf_context_print:        load time =   65370.68 ms
llama_perf_context_print: prompt eval time =       0.00 ms /     1 tokens (    0.00 ms per token,      inf tokens per second)
llama_perf_context_print:        eval time =       0.00 ms /     1 runs   (    0.00 ms per token,      inf tokens per second)
llama_perf_context_print:       total time =   74856.53 ms /     2 tokens
llama_perf_context_print:    graphs reused =         12
Running: /workspace/consciousness-experiment/capture_activations -m /workspace/models/Qwen3.5-397B-A17B-Q8_0/Qwen3.5-397B-A17B-Q8_0-00001-of-00010.gguf --prompt-file .tmp_token_corrections/batch_6.tsv -o .tmp_token_corrections/verify_output/batch_6 -n 0 -ngl 999 -c 16384 -t 16 -fa on --cache-type-k q8_0 --cache-type-v q8_0 --routing-only --no-stream
ggml_cuda_init: found 4 CUDA devices:
  Device 0: NVIDIA H200, compute capability 9.0, VMM: yes
  Device 1: NVIDIA H200, compute capability 9.0, VMM: yes
  Device 2: NVIDIA H200, compute capability 9.0, VMM: yes
  Device 3: NVIDIA H200, compute capability 9.0, VMM: yes
build: 1 (f75c4e8) with GNU 11.4.0 for Linux x86_64
=== Consciousness Metrics — Activation Capture ===
Output dir : .tmp_token_corrections/verify_output/batch_6
n_predict  : 0
Text output: file only (--no-stream)
Mode       : --routing-only (router/gate tensors only)
common_init_result: fitting params to device memory, for bugs during this step try to reproduce them with -fit off, or provide --verbose logs if the bug only occurs with -fit on
llama_params_fit_impl: projected memory use with initial parameters [MiB]:
llama_params_fit_impl:   - CUDA0 (NVIDIA H200): 143155 total, 107148 used,  35428 free vs. target of   1024
llama_params_fit_impl:   - CUDA1 (NVIDIA H200): 143155 total, 103590 used,  38986 free vs. target of   1024
llama_params_fit_impl:   - CUDA2 (NVIDIA H200): 143155 total, 100427 used,  42153 free vs. target of   1024
llama_params_fit_impl:   - CUDA3 (NVIDIA H200): 143155 total,  98268 used,  44316 free vs. target of   1024
llama_params_fit_impl: projected to use 409435 MiB of device memory vs. 570320 MiB of free device memory
llama_params_fit_impl: targets for free memory can be met on all devices, no changes needed
llama_params_fit: successfully fit params to free device memory
llama_params_fit: fitting params to free memory took 1.20 seconds
llama_model_load_from_file_impl: using device CUDA0 (NVIDIA H200) (0000:87:00.0) - 142627 MiB free
llama_model_load_from_file_impl: using device CUDA1 (NVIDIA H200) (0000:90:00.0) - 142627 MiB free
llama_model_load_from_file_impl: using device CUDA2 (NVIDIA H200) (0000:b8:00.0) - 142627 MiB free
llama_model_load_from_file_impl: using device CUDA3 (NVIDIA H200) (0000:c1:00.0) - 142627 MiB free
llama_model_loader: additional 9 GGUFs metadata loaded.
llama_model_loader: loaded meta data with 55 key-value pairs and 1098 tensors from /workspace/models/Qwen3.5-397B-A17B-Q8_0/Qwen3.5-397B-A17B-Q8_0-00001-of-00010.gguf (version GGUF V3 (latest))
llama_model_loader: Dumping metadata keys/values. Note: KV overrides do not apply in this output.
llama_model_loader: - kv   0:                       general.architecture str              = qwen35moe
llama_model_loader: - kv   1:                               general.type str              = model
llama_model_loader: - kv   2:                     general.sampling.top_k i32              = 20
llama_model_loader: - kv   3:                     general.sampling.top_p f32              = 0.950000
llama_model_loader: - kv   4:                      general.sampling.temp f32              = 0.600000
llama_model_loader: - kv   5:                               general.name str              = Qwen3.5-397B-A17B
llama_model_loader: - kv   6:                           general.basename str              = Qwen3.5-397B-A17B
llama_model_loader: - kv   7:                       general.quantized_by str              = Unsloth
llama_model_loader: - kv   8:                         general.size_label str              = 397B-A17B
llama_model_loader: - kv   9:                            general.license str              = apache-2.0
llama_model_loader: - kv  10:                       general.license.link str              = https://huggingface.co/Qwen/Qwen3.5-3...
llama_model_loader: - kv  11:                           general.repo_url str              = https://huggingface.co/unsloth
llama_model_loader: - kv  12:                   general.base_model.count u32              = 1
llama_model_loader: - kv  13:                  general.base_model.0.name str              = Qwen3.5 397B A17B
llama_model_loader: - kv  14:          general.base_model.0.organization str              = Qwen
llama_model_loader: - kv  15:              general.base_model.0.repo_url str              = https://huggingface.co/Qwen/Qwen3.5-3...
llama_model_loader: - kv  16:                               general.tags arr[str,2]       = ["unsloth", "image-text-to-text"]
llama_model_loader: - kv  17:                      qwen35moe.block_count u32              = 60
llama_model_loader: - kv  18:                   qwen35moe.context_length u32              = 262144
llama_model_loader: - kv  19:                 qwen35moe.embedding_length u32              = 4096
llama_model_loader: - kv  20:             qwen35moe.attention.head_count u32              = 32
llama_model_loader: - kv  21:          qwen35moe.attention.head_count_kv u32              = 2
llama_model_loader: - kv  22:          qwen35moe.rope.dimension_sections arr[i32,4]       = [11, 11, 10, 0]
llama_model_loader: - kv  23:                   qwen35moe.rope.freq_base f32              = 10000000.000000
llama_model_loader: - kv  24: qwen35moe.attention.layer_norm_rms_epsilon f32              = 0.000001
llama_model_loader: - kv  25:                     qwen35moe.expert_count u32              = 512
llama_model_loader: - kv  26:                qwen35moe.expert_used_count u32              = 10
llama_model_loader: - kv  27:             qwen35moe.attention.key_length u32              = 256
llama_model_loader: - kv  28:           qwen35moe.attention.value_length u32              = 256
llama_model_loader: - kv  29:       qwen35moe.expert_feed_forward_length u32              = 1024
llama_model_loader: - kv  30: qwen35moe.expert_shared_feed_forward_length u32              = 1024
llama_model_loader: - kv  31:                  qwen35moe.ssm.conv_kernel u32              = 4
llama_model_loader: - kv  32:                   qwen35moe.ssm.state_size u32              = 128
llama_model_loader: - kv  33:                  qwen35moe.ssm.group_count u32              = 16
llama_model_loader: - kv  34:               qwen35moe.ssm.time_step_rank u32              = 64
llama_model_loader: - kv  35:                   qwen35moe.ssm.inner_size u32              = 8192
llama_model_loader: - kv  36:          qwen35moe.full_attention_interval u32              = 4
llama_model_loader: - kv  37:             qwen35moe.rope.dimension_count u32              = 64
llama_model_loader: - kv  38:                       tokenizer.ggml.model str              = gpt2
llama_model_loader: - kv  39:                         tokenizer.ggml.pre str              = qwen35
llama_model_loader: - kv  40:                      tokenizer.ggml.tokens arr[str,248320]  = ["!", "\"", "#", "$", "%", "&", "'", ...
llama_model_loader: - kv  41:                  tokenizer.ggml.token_type arr[i32,248320]  = [1, 1, 1, 1, 1, 1, 1, 1, 1, 1, 1, 1, ...
llama_model_loader: - kv  42:                      tokenizer.ggml.merges arr[str,247587]  = ["Ġ Ġ", "ĠĠ ĠĠ", "i n", "Ġ t",...
llama_model_loader: - kv  43:                tokenizer.ggml.eos_token_id u32              = 248046
llama_model_loader: - kv  44:            tokenizer.ggml.padding_token_id u32              = 248055
llama_model_loader: - kv  45:                    tokenizer.chat_template str              = {%- set image_count = namespace(value...
llama_model_loader: - kv  46:               general.quantization_version u32              = 2
llama_model_loader: - kv  47:                          general.file_type u32              = 7
llama_model_loader: - kv  48:                      quantize.imatrix.file str              = Qwen3.5-397B-A17B-GGUF/imatrix_unslot...
llama_model_loader: - kv  49:                   quantize.imatrix.dataset str              = unsloth_calibration_Qwen3.5-397B-A17B...
llama_model_loader: - kv  50:             quantize.imatrix.entries_count u32              = 765
llama_model_loader: - kv  51:              quantize.imatrix.chunks_count u32              = 80
llama_model_loader: - kv  52:                                   split.no u16              = 0
llama_model_loader: - kv  53:                        split.tensors.count i32              = 1098
llama_model_loader: - kv  54:                                split.count u16              = 10
llama_model_loader: - type  f32:  451 tensors
llama_model_loader: - type q8_0:  647 tensors
print_info: file format = GGUF V3 (latest)
print_info: file type   = Q8_0
print_info: file size   = 392.55 GiB (8.51 BPW) 
load: 0 unused tokens
load: printing all EOG tokens:
load:   - 248044 ('<|endoftext|>')
load:   - 248046 ('<|im_end|>')
load:   - 248063 ('<|fim_pad|>')
load:   - 248064 ('<|repo_name|>')
load:   - 248065 ('<|file_sep|>')
load: special tokens cache size = 33
load: token to piece cache size = 1.7581 MB
print_info: arch                  = qwen35moe
print_info: vocab_only            = 0
print_info: no_alloc              = 0
print_info: n_ctx_train           = 262144
print_info: n_embd                = 4096
print_info: n_embd_inp            = 4096
print_info: n_layer               = 60
print_info: n_head                = 32
print_info: n_head_kv             = 2
print_info: n_rot                 = 64
print_info: n_swa                 = 0
print_info: is_swa_any            = 0
print_info: n_embd_head_k         = 256
print_info: n_embd_head_v         = 256
print_info: n_gqa                 = 16
print_info: n_embd_k_gqa          = 512
print_info: n_embd_v_gqa          = 512
print_info: f_norm_eps            = 0.0e+00
print_info: f_norm_rms_eps        = 1.0e-06
print_info: f_clamp_kqv           = 0.0e+00
print_info: f_max_alibi_bias      = 0.0e+00
print_info: f_logit_scale         = 0.0e+00
print_info: f_attn_scale          = 0.0e+00
print_info: n_ff                  = 0
print_info: n_expert              = 512
print_info: n_expert_used         = 10
print_info: n_expert_groups       = 0
print_info: n_group_used          = 0
print_info: causal attn           = 1
print_info: pooling type          = 0
print_info: rope type             = 40
print_info: rope scaling          = linear
print_info: freq_base_train       = 10000000.0
print_info: freq_scale_train      = 1
print_info: n_ctx_orig_yarn       = 262144
print_info: rope_yarn_log_mul     = 0.0000
print_info: rope_finetuned        = unknown
print_info: mrope sections        = [11, 11, 10, 0]
print_info: ssm_d_conv            = 4
print_info: ssm_d_inner           = 8192
print_info: ssm_d_state           = 128
print_info: ssm_dt_rank           = 64
print_info: ssm_n_group           = 16
print_info: ssm_dt_b_c_rms        = 0
print_info: model type            = ?B
print_info: model params          = 396.35 B
print_info: general.name          = Qwen3.5-397B-A17B
print_info: vocab type            = BPE
print_info: n_vocab               = 248320
print_info: n_merges              = 247587
print_info: BOS token             = 11 ','
print_info: EOS token             = 248046 '<|im_end|>'
print_info: EOT token             = 248046 '<|im_end|>'
print_info: PAD token             = 248055 '<|vision_pad|>'
print_info: LF token              = 198 'Ċ'
print_info: FIM PRE token         = 248060 '<|fim_prefix|>'
print_info: FIM SUF token         = 248062 '<|fim_suffix|>'
print_info: FIM MID token         = 248061 '<|fim_middle|>'
print_info: FIM PAD token         = 248063 '<|fim_pad|>'
print_info: FIM REP token         = 248064 '<|repo_name|>'
print_info: FIM SEP token         = 248065 '<|file_sep|>'
print_info: EOG token             = 248044 '<|endoftext|>'
print_info: EOG token             = 248046 '<|im_end|>'
print_info: EOG token             = 248063 '<|fim_pad|>'
print_info: EOG token             = 248064 '<|repo_name|>'
print_info: EOG token             = 248065 '<|file_sep|>'
print_info: max token length      = 256
load_tensors: loading model tensors, this can take a while... (mmap = true, direct_io = false)
load_tensors: offloading output layer to GPU
load_tensors: offloading 59 repeating layers to GPU
load_tensors: offloaded 61/61 layers to GPU
load_tensors:   CPU_Mapped model buffer size =  1030.62 MiB
load_tensors:        CUDA0 model buffer size = 106642.39 MiB
load_tensors:        CUDA1 model buffer size = 99987.35 MiB
load_tensors:        CUDA2 model buffer size = 99973.88 MiB
load_tensors:        CUDA3 model buffer size = 94336.00 MiB
....................................................................................................
common_init_result: added <|endoftext|> logit bias = -inf
common_init_result: added <|im_end|> logit bias = -inf
common_init_result: added <|fim_pad|> logit bias = -inf
common_init_result: added <|repo_name|> logit bias = -inf
common_init_result: added <|file_sep|> logit bias = -inf
llama_context: constructing llama_context
llama_context: n_seq_max     = 1
llama_context: n_ctx         = 16384
llama_context: n_ctx_seq     = 16384
llama_context: n_batch       = 2048
llama_context: n_ubatch      = 512
llama_context: causal_attn   = 1
llama_context: flash_attn    = enabled
llama_context: kv_unified    = false
llama_context: freq_base     = 10000000.0
llama_context: freq_scale    = 1
llama_context: n_ctx_seq (16384) < n_ctx_train (262144) -- the full capacity of the model will not be utilized
llama_context:  CUDA_Host  output buffer size =     0.95 MiB
llama_kv_cache:      CUDA0 KV buffer size =    68.00 MiB
llama_kv_cache:      CUDA1 KV buffer size =    51.00 MiB
llama_kv_cache:      CUDA2 KV buffer size =    68.00 MiB
llama_kv_cache:      CUDA3 KV buffer size =    68.00 MiB
llama_kv_cache: size =  255.00 MiB ( 16384 cells,  15 layers,  1/1 seqs), K (q8_0):  127.50 MiB, V (q8_0):  127.50 MiB
llama_memory_recurrent:      CUDA0 RS buffer size =    49.69 MiB
llama_memory_recurrent:      CUDA1 RS buffer size =    49.69 MiB
llama_memory_recurrent:      CUDA2 RS buffer size =    45.55 MiB
llama_memory_recurrent:      CUDA3 RS buffer size =    41.41 MiB
llama_memory_recurrent: size =  186.33 MiB (     1 cells,  60 layers,  1 seqs), R (f32):    6.33 MiB, S (f32):  180.00 MiB
llama_context: pipeline parallelism enabled
sched_reserve: reserving ...
sched_reserve:      CUDA0 compute buffer size =   388.34 MiB
sched_reserve:      CUDA1 compute buffer size =  3470.72 MiB
sched_reserve:      CUDA2 compute buffer size =   308.34 MiB
sched_reserve:      CUDA3 compute buffer size =  3791.45 MiB
sched_reserve:  CUDA_Host compute buffer size =   144.08 MiB
sched_reserve: graph nodes  = 14334 (with bs=512), 6819 (with bs=1)
sched_reserve: graph splits = 9
sched_reserve: reserve took 82.47 ms, sched copies = 4
EOS token id: 248046
EOG tokens in vocab:
  token 248044 = '<|endoftext|>' [EOG - will NOT stop generation]
  token 248046 = '<|im_end|>' [PRIMARY EOS - will stop generation]
  token 248063 = '<|fim_pad|>' [EOG - will NOT stop generation]
  token 248064 = '<|repo_name|>' [EOG - will NOT stop generation]
  token 248065 = '<|file_sep|>' [EOG - will NOT stop generation]
system_info: n_threads = 16 (n_threads_batch = 16) / 192 | CUDA : ARCHS = 900 | USE_GRAPHS = 1 | PEER_MAX_BATCH_SIZE = 128 | CPU : SSE3 = 1 | SSSE3 = 1 | AVX = 1 | AVX_VNNI = 1 | AVX2 = 1 | F16C = 1 | FMA = 1 | BMI2 = 1 | AVX512 = 1 | AVX512_VBMI = 1 | AVX512_VNNI = 1 | AVX512_BF16 = 1 | AMX_INT8 = 1 | LLAMAFILE = 1 | OPENMP = 1 | REPACK = 1 | 

Loaded 15 prompts

[1/15] P19A_introspection : <|im_start|>user
Transformer models process input text through a seque...
  tokens: 348 prompt + 0 gen | tensors: 60 seen, 60 captured, 60 unique | 769 ms
  saved 0 layer + 60 router tensors → .tmp_token_corrections/verify_output/batch_6/P19A_introspection
[2/15] P19B_introspection : <|im_start|>user
Transformer models process input text through a seque...
  tokens: 348 prompt + 0 gen | tensors: 60 seen, 60 captured, 60 unique | 598 ms
  saved 0 layer + 60 router tensors → .tmp_token_corrections/verify_output/batch_6/P19B_introspection
[3/15] P19C_introspection : <|im_start|>user
Transformer models process input text through a seque...
  tokens: 348 prompt + 0 gen | tensors: 60 seen, 60 captured, 60 unique | 588 ms
  saved 0 layer + 60 router tensors → .tmp_token_corrections/verify_output/batch_6/P19C_introspection
[4/15] P19D_introspection : <|im_start|>user
Transformer models process input text through a seque...
  tokens: 348 prompt + 0 gen | tensors: 60 seen, 60 captured, 60 unique | 588 ms
  saved 0 layer + 60 router tensors → .tmp_token_corrections/verify_output/batch_6/P19D_introspection
[5/15] P19E_introspection : <|im_start|>user
Transformer models process input text through a seque...
  tokens: 348 prompt + 0 gen | tensors: 60 seen, 60 captured, 60 unique | 588 ms
  saved 0 layer + 60 router tensors → .tmp_token_corrections/verify_output/batch_6/P19E_introspection
[6/15] P20A_introspection : <|im_start|>user
Transformer models process input text through a seque...
  tokens: 356 prompt + 0 gen | tensors: 60 seen, 60 captured, 60 unique | 607 ms
  saved 0 layer + 60 router tensors → .tmp_token_corrections/verify_output/batch_6/P20A_introspection
[7/15] P20B_introspection : <|im_start|>user
Transformer models process input text through a seque...
  tokens: 356 prompt + 0 gen | tensors: 60 seen, 60 captured, 60 unique | 593 ms
  saved 0 layer + 60 router tensors → .tmp_token_corrections/verify_output/batch_6/P20B_introspection
[8/15] P20C_introspection : <|im_start|>user
Transformer models process input text through a seque...
  tokens: 356 prompt + 0 gen | tensors: 60 seen, 60 captured, 60 unique | 592 ms
  saved 0 layer + 60 router tensors → .tmp_token_corrections/verify_output/batch_6/P20C_introspection
[9/15] P20D_introspection : <|im_start|>user
Transformer models process input text through a seque...
  tokens: 356 prompt + 0 gen | tensors: 60 seen, 60 captured, 60 unique | 594 ms
  saved 0 layer + 60 router tensors → .tmp_token_corrections/verify_output/batch_6/P20D_introspection
[10/15] P20E_introspection : <|im_start|>user
Transformer models process input text through a seque...
  tokens: 356 prompt + 0 gen | tensors: 60 seen, 60 captured, 60 unique | 594 ms
  saved 0 layer + 60 router tensors → .tmp_token_corrections/verify_output/batch_6/P20E_introspection
[11/15] P21A_introspection : <|im_start|>user
Transformer models process input text through a seque...
  tokens: 346 prompt + 0 gen | tensors: 60 seen, 60 captured, 60 unique | 590 ms
  saved 0 layer + 60 router tensors → .tmp_token_corrections/verify_output/batch_6/P21A_introspection
[12/15] P21B_introspection : <|im_start|>user
Transformer models process input text through a seque...
  tokens: 346 prompt + 0 gen | tensors: 60 seen, 60 captured, 60 unique | 586 ms
  saved 0 layer + 60 router tensors → .tmp_token_corrections/verify_output/batch_6/P21B_introspection
[13/15] P21C_introspection : <|im_start|>user
Transformer models process input text through a seque...
  tokens: 346 prompt + 0 gen | tensors: 60 seen, 60 captured, 60 unique | 584 ms
  saved 0 layer + 60 router tensors → .tmp_token_corrections/verify_output/batch_6/P21C_introspection
[14/15] P21D_introspection : <|im_start|>user
Transformer models process input text through a seque...
  tokens: 346 prompt + 0 gen | tensors: 60 seen, 60 captured, 60 unique | 582 ms
  saved 0 layer + 60 router tensors → .tmp_token_corrections/verify_output/batch_6/P21D_introspection
[15/15] P21E_introspection : <|im_start|>user
Transformer models process input text through a seque...
  tokens: 346 prompt + 0 gen | tensors: 60 seen, 60 captured, 60 unique | 583 ms
  saved 0 layer + 60 router tensors → .tmp_token_corrections/verify_output/batch_6/P21E_introspection

=== Capture Complete ===
Prompts: 15  |  Output: .tmp_token_corrections/verify_output/batch_6
llama_perf_context_print:        load time =   59067.47 ms
llama_perf_context_print: prompt eval time =       0.00 ms /     1 tokens (    0.00 ms per token,      inf tokens per second)
llama_perf_context_print:        eval time =       0.00 ms /     1 runs   (    0.00 ms per token,      inf tokens per second)
llama_perf_context_print:       total time =   68492.76 ms /     2 tokens
llama_perf_context_print:    graphs reused =         12
Running: /workspace/consciousness-experiment/capture_activations -m /workspace/models/Qwen3.5-397B-A17B-Q8_0/Qwen3.5-397B-A17B-Q8_0-00001-of-00010.gguf --prompt-file .tmp_token_corrections/batch_7.tsv -o .tmp_token_corrections/verify_output/batch_7 -n 0 -ngl 999 -c 16384 -t 16 -fa on --cache-type-k q8_0 --cache-type-v q8_0 --routing-only --no-stream
ggml_cuda_init: found 4 CUDA devices:
  Device 0: NVIDIA H200, compute capability 9.0, VMM: yes
  Device 1: NVIDIA H200, compute capability 9.0, VMM: yes
  Device 2: NVIDIA H200, compute capability 9.0, VMM: yes
  Device 3: NVIDIA H200, compute capability 9.0, VMM: yes
build: 1 (f75c4e8) with GNU 11.4.0 for Linux x86_64
=== Consciousness Metrics — Activation Capture ===
Output dir : .tmp_token_corrections/verify_output/batch_7
n_predict  : 0
Text output: file only (--no-stream)
Mode       : --routing-only (router/gate tensors only)
common_init_result: fitting params to device memory, for bugs during this step try to reproduce them with -fit off, or provide --verbose logs if the bug only occurs with -fit on
llama_params_fit_impl: projected memory use with initial parameters [MiB]:
llama_params_fit_impl:   - CUDA0 (NVIDIA H200): 143155 total, 107148 used,  35428 free vs. target of   1024
llama_params_fit_impl:   - CUDA1 (NVIDIA H200): 143155 total, 103590 used,  38986 free vs. target of   1024
llama_params_fit_impl:   - CUDA2 (NVIDIA H200): 143155 total, 100427 used,  42153 free vs. target of   1024
llama_params_fit_impl:   - CUDA3 (NVIDIA H200): 143155 total,  98268 used,  44316 free vs. target of   1024
llama_params_fit_impl: projected to use 409435 MiB of device memory vs. 570320 MiB of free device memory
llama_params_fit_impl: targets for free memory can be met on all devices, no changes needed
llama_params_fit: successfully fit params to free device memory
llama_params_fit: fitting params to free memory took 1.17 seconds
llama_model_load_from_file_impl: using device CUDA0 (NVIDIA H200) (0000:87:00.0) - 142627 MiB free
llama_model_load_from_file_impl: using device CUDA1 (NVIDIA H200) (0000:90:00.0) - 142627 MiB free
llama_model_load_from_file_impl: using device CUDA2 (NVIDIA H200) (0000:b8:00.0) - 142627 MiB free
llama_model_load_from_file_impl: using device CUDA3 (NVIDIA H200) (0000:c1:00.0) - 142627 MiB free
llama_model_loader: additional 9 GGUFs metadata loaded.
llama_model_loader: loaded meta data with 55 key-value pairs and 1098 tensors from /workspace/models/Qwen3.5-397B-A17B-Q8_0/Qwen3.5-397B-A17B-Q8_0-00001-of-00010.gguf (version GGUF V3 (latest))
llama_model_loader: Dumping metadata keys/values. Note: KV overrides do not apply in this output.
llama_model_loader: - kv   0:                       general.architecture str              = qwen35moe
llama_model_loader: - kv   1:                               general.type str              = model
llama_model_loader: - kv   2:                     general.sampling.top_k i32              = 20
llama_model_loader: - kv   3:                     general.sampling.top_p f32              = 0.950000
llama_model_loader: - kv   4:                      general.sampling.temp f32              = 0.600000
llama_model_loader: - kv   5:                               general.name str              = Qwen3.5-397B-A17B
llama_model_loader: - kv   6:                           general.basename str              = Qwen3.5-397B-A17B
llama_model_loader: - kv   7:                       general.quantized_by str              = Unsloth
llama_model_loader: - kv   8:                         general.size_label str              = 397B-A17B
llama_model_loader: - kv   9:                            general.license str              = apache-2.0
llama_model_loader: - kv  10:                       general.license.link str              = https://huggingface.co/Qwen/Qwen3.5-3...
llama_model_loader: - kv  11:                           general.repo_url str              = https://huggingface.co/unsloth
llama_model_loader: - kv  12:                   general.base_model.count u32              = 1
llama_model_loader: - kv  13:                  general.base_model.0.name str              = Qwen3.5 397B A17B
llama_model_loader: - kv  14:          general.base_model.0.organization str              = Qwen
llama_model_loader: - kv  15:              general.base_model.0.repo_url str              = https://huggingface.co/Qwen/Qwen3.5-3...
llama_model_loader: - kv  16:                               general.tags arr[str,2]       = ["unsloth", "image-text-to-text"]
llama_model_loader: - kv  17:                      qwen35moe.block_count u32              = 60
llama_model_loader: - kv  18:                   qwen35moe.context_length u32              = 262144
llama_model_loader: - kv  19:                 qwen35moe.embedding_length u32              = 4096
llama_model_loader: - kv  20:             qwen35moe.attention.head_count u32              = 32
llama_model_loader: - kv  21:          qwen35moe.attention.head_count_kv u32              = 2
llama_model_loader: - kv  22:          qwen35moe.rope.dimension_sections arr[i32,4]       = [11, 11, 10, 0]
llama_model_loader: - kv  23:                   qwen35moe.rope.freq_base f32              = 10000000.000000
llama_model_loader: - kv  24: qwen35moe.attention.layer_norm_rms_epsilon f32              = 0.000001
llama_model_loader: - kv  25:                     qwen35moe.expert_count u32              = 512
llama_model_loader: - kv  26:                qwen35moe.expert_used_count u32              = 10
llama_model_loader: - kv  27:             qwen35moe.attention.key_length u32              = 256
llama_model_loader: - kv  28:           qwen35moe.attention.value_length u32              = 256
llama_model_loader: - kv  29:       qwen35moe.expert_feed_forward_length u32              = 1024
llama_model_loader: - kv  30: qwen35moe.expert_shared_feed_forward_length u32              = 1024
llama_model_loader: - kv  31:                  qwen35moe.ssm.conv_kernel u32              = 4
llama_model_loader: - kv  32:                   qwen35moe.ssm.state_size u32              = 128
llama_model_loader: - kv  33:                  qwen35moe.ssm.group_count u32              = 16
llama_model_loader: - kv  34:               qwen35moe.ssm.time_step_rank u32              = 64
llama_model_loader: - kv  35:                   qwen35moe.ssm.inner_size u32              = 8192
llama_model_loader: - kv  36:          qwen35moe.full_attention_interval u32              = 4
llama_model_loader: - kv  37:             qwen35moe.rope.dimension_count u32              = 64
llama_model_loader: - kv  38:                       tokenizer.ggml.model str              = gpt2
llama_model_loader: - kv  39:                         tokenizer.ggml.pre str              = qwen35
llama_model_loader: - kv  40:                      tokenizer.ggml.tokens arr[str,248320]  = ["!", "\"", "#", "$", "%", "&", "'", ...
llama_model_loader: - kv  41:                  tokenizer.ggml.token_type arr[i32,248320]  = [1, 1, 1, 1, 1, 1, 1, 1, 1, 1, 1, 1, ...
llama_model_loader: - kv  42:                      tokenizer.ggml.merges arr[str,247587]  = ["Ġ Ġ", "ĠĠ ĠĠ", "i n", "Ġ t",...
llama_model_loader: - kv  43:                tokenizer.ggml.eos_token_id u32              = 248046
llama_model_loader: - kv  44:            tokenizer.ggml.padding_token_id u32              = 248055
llama_model_loader: - kv  45:                    tokenizer.chat_template str              = {%- set image_count = namespace(value...
llama_model_loader: - kv  46:               general.quantization_version u32              = 2
llama_model_loader: - kv  47:                          general.file_type u32              = 7
llama_model_loader: - kv  48:                      quantize.imatrix.file str              = Qwen3.5-397B-A17B-GGUF/imatrix_unslot...
llama_model_loader: - kv  49:                   quantize.imatrix.dataset str              = unsloth_calibration_Qwen3.5-397B-A17B...
llama_model_loader: - kv  50:             quantize.imatrix.entries_count u32              = 765
llama_model_loader: - kv  51:              quantize.imatrix.chunks_count u32              = 80
llama_model_loader: - kv  52:                                   split.no u16              = 0
llama_model_loader: - kv  53:                        split.tensors.count i32              = 1098
llama_model_loader: - kv  54:                                split.count u16              = 10
llama_model_loader: - type  f32:  451 tensors
llama_model_loader: - type q8_0:  647 tensors
print_info: file format = GGUF V3 (latest)
print_info: file type   = Q8_0
print_info: file size   = 392.55 GiB (8.51 BPW) 
load: 0 unused tokens
load: printing all EOG tokens:
load:   - 248044 ('<|endoftext|>')
load:   - 248046 ('<|im_end|>')
load:   - 248063 ('<|fim_pad|>')
load:   - 248064 ('<|repo_name|>')
load:   - 248065 ('<|file_sep|>')
load: special tokens cache size = 33
load: token to piece cache size = 1.7581 MB
print_info: arch                  = qwen35moe
print_info: vocab_only            = 0
print_info: no_alloc              = 0
print_info: n_ctx_train           = 262144
print_info: n_embd                = 4096
print_info: n_embd_inp            = 4096
print_info: n_layer               = 60
print_info: n_head                = 32
print_info: n_head_kv             = 2
print_info: n_rot                 = 64
print_info: n_swa                 = 0
print_info: is_swa_any            = 0
print_info: n_embd_head_k         = 256
print_info: n_embd_head_v         = 256
print_info: n_gqa                 = 16
print_info: n_embd_k_gqa          = 512
print_info: n_embd_v_gqa          = 512
print_info: f_norm_eps            = 0.0e+00
print_info: f_norm_rms_eps        = 1.0e-06
print_info: f_clamp_kqv           = 0.0e+00
print_info: f_max_alibi_bias      = 0.0e+00
print_info: f_logit_scale         = 0.0e+00
print_info: f_attn_scale          = 0.0e+00
print_info: n_ff                  = 0
print_info: n_expert              = 512
print_info: n_expert_used         = 10
print_info: n_expert_groups       = 0
print_info: n_group_used          = 0
print_info: causal attn           = 1
print_info: pooling type          = 0
print_info: rope type             = 40
print_info: rope scaling          = linear
print_info: freq_base_train       = 10000000.0
print_info: freq_scale_train      = 1
print_info: n_ctx_orig_yarn       = 262144
print_info: rope_yarn_log_mul     = 0.0000
print_info: rope_finetuned        = unknown
print_info: mrope sections        = [11, 11, 10, 0]
print_info: ssm_d_conv            = 4
print_info: ssm_d_inner           = 8192
print_info: ssm_d_state           = 128
print_info: ssm_dt_rank           = 64
print_info: ssm_n_group           = 16
print_info: ssm_dt_b_c_rms        = 0
print_info: model type            = ?B
print_info: model params          = 396.35 B
print_info: general.name          = Qwen3.5-397B-A17B
print_info: vocab type            = BPE
print_info: n_vocab               = 248320
print_info: n_merges              = 247587
print_info: BOS token             = 11 ','
print_info: EOS token             = 248046 '<|im_end|>'
print_info: EOT token             = 248046 '<|im_end|>'
print_info: PAD token             = 248055 '<|vision_pad|>'
print_info: LF token              = 198 'Ċ'
print_info: FIM PRE token         = 248060 '<|fim_prefix|>'
print_info: FIM SUF token         = 248062 '<|fim_suffix|>'
print_info: FIM MID token         = 248061 '<|fim_middle|>'
print_info: FIM PAD token         = 248063 '<|fim_pad|>'
print_info: FIM REP token         = 248064 '<|repo_name|>'
print_info: FIM SEP token         = 248065 '<|file_sep|>'
print_info: EOG token             = 248044 '<|endoftext|>'
print_info: EOG token             = 248046 '<|im_end|>'
print_info: EOG token             = 248063 '<|fim_pad|>'
print_info: EOG token             = 248064 '<|repo_name|>'
print_info: EOG token             = 248065 '<|file_sep|>'
print_info: max token length      = 256
load_tensors: loading model tensors, this can take a while... (mmap = true, direct_io = false)
load_tensors: offloading output layer to GPU
load_tensors: offloading 59 repeating layers to GPU
load_tensors: offloaded 61/61 layers to GPU
load_tensors:   CPU_Mapped model buffer size =  1030.62 MiB
load_tensors:        CUDA0 model buffer size = 106642.39 MiB
load_tensors:        CUDA1 model buffer size = 99987.35 MiB
load_tensors:        CUDA2 model buffer size = 99973.88 MiB
load_tensors:        CUDA3 model buffer size = 94336.00 MiB
....................................................................................................
common_init_result: added <|endoftext|> logit bias = -inf
common_init_result: added <|im_end|> logit bias = -inf
common_init_result: added <|fim_pad|> logit bias = -inf
common_init_result: added <|repo_name|> logit bias = -inf
common_init_result: added <|file_sep|> logit bias = -inf
llama_context: constructing llama_context
llama_context: n_seq_max     = 1
llama_context: n_ctx         = 16384
llama_context: n_ctx_seq     = 16384
llama_context: n_batch       = 2048
llama_context: n_ubatch      = 512
llama_context: causal_attn   = 1
llama_context: flash_attn    = enabled
llama_context: kv_unified    = false
llama_context: freq_base     = 10000000.0
llama_context: freq_scale    = 1
llama_context: n_ctx_seq (16384) < n_ctx_train (262144) -- the full capacity of the model will not be utilized
llama_context:  CUDA_Host  output buffer size =     0.95 MiB
llama_kv_cache:      CUDA0 KV buffer size =    68.00 MiB
llama_kv_cache:      CUDA1 KV buffer size =    51.00 MiB
llama_kv_cache:      CUDA2 KV buffer size =    68.00 MiB
llama_kv_cache:      CUDA3 KV buffer size =    68.00 MiB
llama_kv_cache: size =  255.00 MiB ( 16384 cells,  15 layers,  1/1 seqs), K (q8_0):  127.50 MiB, V (q8_0):  127.50 MiB
llama_memory_recurrent:      CUDA0 RS buffer size =    49.69 MiB
llama_memory_recurrent:      CUDA1 RS buffer size =    49.69 MiB
llama_memory_recurrent:      CUDA2 RS buffer size =    45.55 MiB
llama_memory_recurrent:      CUDA3 RS buffer size =    41.41 MiB
llama_memory_recurrent: size =  186.33 MiB (     1 cells,  60 layers,  1 seqs), R (f32):    6.33 MiB, S (f32):  180.00 MiB
llama_context: pipeline parallelism enabled
sched_reserve: reserving ...
sched_reserve:      CUDA0 compute buffer size =   388.34 MiB
sched_reserve:      CUDA1 compute buffer size =  3470.72 MiB
sched_reserve:      CUDA2 compute buffer size =   308.34 MiB
sched_reserve:      CUDA3 compute buffer size =  3791.45 MiB
sched_reserve:  CUDA_Host compute buffer size =   144.08 MiB
sched_reserve: graph nodes  = 14334 (with bs=512), 6819 (with bs=1)
sched_reserve: graph splits = 9
sched_reserve: reserve took 80.17 ms, sched copies = 4
EOS token id: 248046
EOG tokens in vocab:
  token 248044 = '<|endoftext|>' [EOG - will NOT stop generation]
  token 248046 = '<|im_end|>' [PRIMARY EOS - will stop generation]
  token 248063 = '<|fim_pad|>' [EOG - will NOT stop generation]
  token 248064 = '<|repo_name|>' [EOG - will NOT stop generation]
  token 248065 = '<|file_sep|>' [EOG - will NOT stop generation]
system_info: n_threads = 16 (n_threads_batch = 16) / 192 | CUDA : ARCHS = 900 | USE_GRAPHS = 1 | PEER_MAX_BATCH_SIZE = 128 | CPU : SSE3 = 1 | SSSE3 = 1 | AVX = 1 | AVX_VNNI = 1 | AVX2 = 1 | F16C = 1 | FMA = 1 | BMI2 = 1 | AVX512 = 1 | AVX512_VBMI = 1 | AVX512_VNNI = 1 | AVX512_BF16 = 1 | AMX_INT8 = 1 | LLAMAFILE = 1 | OPENMP = 1 | REPACK = 1 | 

Loaded 15 prompts

[1/15] P22A_introspection : <|im_start|>user
Transformer models process input text through a seque...
  tokens: 353 prompt + 0 gen | tensors: 60 seen, 60 captured, 60 unique | 779 ms
  saved 0 layer + 60 router tensors → .tmp_token_corrections/verify_output/batch_7/P22A_introspection
[2/15] P22B_introspection : <|im_start|>user
Transformer models process input text through a seque...
  tokens: 353 prompt + 0 gen | tensors: 60 seen, 60 captured, 60 unique | 603 ms
  saved 0 layer + 60 router tensors → .tmp_token_corrections/verify_output/batch_7/P22B_introspection
[3/15] P22C_introspection : <|im_start|>user
Transformer models process input text through a seque...
  tokens: 353 prompt + 0 gen | tensors: 60 seen, 60 captured, 60 unique | 595 ms
  saved 0 layer + 60 router tensors → .tmp_token_corrections/verify_output/batch_7/P22C_introspection
[4/15] P22D_introspection : <|im_start|>user
Transformer models process input text through a seque...
  tokens: 353 prompt + 0 gen | tensors: 60 seen, 60 captured, 60 unique | 595 ms
  saved 0 layer + 60 router tensors → .tmp_token_corrections/verify_output/batch_7/P22D_introspection
[5/15] P22E_introspection : <|im_start|>user
Transformer models process input text through a seque...
  tokens: 353 prompt + 0 gen | tensors: 60 seen, 60 captured, 60 unique | 595 ms
  saved 0 layer + 60 router tensors → .tmp_token_corrections/verify_output/batch_7/P22E_introspection
[6/15] P23A_introspection : <|im_start|>user
Transformer models process input text through a seque...
  tokens: 367 prompt + 0 gen | tensors: 60 seen, 60 captured, 60 unique | 612 ms
  saved 0 layer + 60 router tensors → .tmp_token_corrections/verify_output/batch_7/P23A_introspection
[7/15] P23B_introspection : <|im_start|>user
Transformer models process input text through a seque...
  tokens: 367 prompt + 0 gen | tensors: 60 seen, 60 captured, 60 unique | 600 ms
  saved 0 layer + 60 router tensors → .tmp_token_corrections/verify_output/batch_7/P23B_introspection
[8/15] P23C_introspection : <|im_start|>user
Transformer models process input text through a seque...
  tokens: 367 prompt + 0 gen | tensors: 60 seen, 60 captured, 60 unique | 597 ms
  saved 0 layer + 60 router tensors → .tmp_token_corrections/verify_output/batch_7/P23C_introspection
[9/15] P23D_introspection : <|im_start|>user
Transformer models process input text through a seque...
  tokens: 367 prompt + 0 gen | tensors: 60 seen, 60 captured, 60 unique | 597 ms
  saved 0 layer + 60 router tensors → .tmp_token_corrections/verify_output/batch_7/P23D_introspection
[10/15] P23E_introspection : <|im_start|>user
Transformer models process input text through a seque...
  tokens: 367 prompt + 0 gen | tensors: 60 seen, 60 captured, 60 unique | 598 ms
  saved 0 layer + 60 router tensors → .tmp_token_corrections/verify_output/batch_7/P23E_introspection
[11/15] P24A_introspection : <|im_start|>user
Transformer models process input text through a seque...
  tokens: 361 prompt + 0 gen | tensors: 60 seen, 60 captured, 60 unique | 600 ms
  saved 0 layer + 60 router tensors → .tmp_token_corrections/verify_output/batch_7/P24A_introspection
[12/15] P24B_introspection : <|im_start|>user
Transformer models process input text through a seque...
  tokens: 361 prompt + 0 gen | tensors: 60 seen, 60 captured, 60 unique | 598 ms
  saved 0 layer + 60 router tensors → .tmp_token_corrections/verify_output/batch_7/P24B_introspection
[13/15] P24C_introspection : <|im_start|>user
Transformer models process input text through a seque...
  tokens: 361 prompt + 0 gen | tensors: 60 seen, 60 captured, 60 unique | 595 ms
  saved 0 layer + 60 router tensors → .tmp_token_corrections/verify_output/batch_7/P24C_introspection
[14/15] P24D_introspection : <|im_start|>user
Transformer models process input text through a seque...
  tokens: 361 prompt + 0 gen | tensors: 60 seen, 60 captured, 60 unique | 595 ms
  saved 0 layer + 60 router tensors → .tmp_token_corrections/verify_output/batch_7/P24D_introspection
[15/15] P24E_introspection : <|im_start|>user
Transformer models process input text through a seque...
  tokens: 361 prompt + 0 gen | tensors: 60 seen, 60 captured, 60 unique | 596 ms
  saved 0 layer + 60 router tensors → .tmp_token_corrections/verify_output/batch_7/P24E_introspection

=== Capture Complete ===
Prompts: 15  |  Output: .tmp_token_corrections/verify_output/batch_7
llama_perf_context_print:        load time =   58430.78 ms
llama_perf_context_print: prompt eval time =       0.00 ms /     1 tokens (    0.00 ms per token,      inf tokens per second)
llama_perf_context_print:        eval time =       0.00 ms /     1 runs   (    0.00 ms per token,      inf tokens per second)
llama_perf_context_print:       total time =   67992.78 ms /     2 tokens
llama_perf_context_print:    graphs reused =         12
Running: /workspace/consciousness-experiment/capture_activations -m /workspace/models/Qwen3.5-397B-A17B-Q8_0/Qwen3.5-397B-A17B-Q8_0-00001-of-00010.gguf --prompt-file .tmp_token_corrections/batch_8.tsv -o .tmp_token_corrections/verify_output/batch_8 -n 0 -ngl 999 -c 16384 -t 16 -fa on --cache-type-k q8_0 --cache-type-v q8_0 --routing-only --no-stream
ggml_cuda_init: found 4 CUDA devices:
  Device 0: NVIDIA H200, compute capability 9.0, VMM: yes
  Device 1: NVIDIA H200, compute capability 9.0, VMM: yes
  Device 2: NVIDIA H200, compute capability 9.0, VMM: yes
  Device 3: NVIDIA H200, compute capability 9.0, VMM: yes
build: 1 (f75c4e8) with GNU 11.4.0 for Linux x86_64
=== Consciousness Metrics — Activation Capture ===
Output dir : .tmp_token_corrections/verify_output/batch_8
n_predict  : 0
Text output: file only (--no-stream)
Mode       : --routing-only (router/gate tensors only)
common_init_result: fitting params to device memory, for bugs during this step try to reproduce them with -fit off, or provide --verbose logs if the bug only occurs with -fit on
llama_params_fit_impl: projected memory use with initial parameters [MiB]:
llama_params_fit_impl:   - CUDA0 (NVIDIA H200): 143155 total, 107148 used,  35428 free vs. target of   1024
llama_params_fit_impl:   - CUDA1 (NVIDIA H200): 143155 total, 103590 used,  38986 free vs. target of   1024
llama_params_fit_impl:   - CUDA2 (NVIDIA H200): 143155 total, 100427 used,  42153 free vs. target of   1024
llama_params_fit_impl:   - CUDA3 (NVIDIA H200): 143155 total,  98268 used,  44316 free vs. target of   1024
llama_params_fit_impl: projected to use 409435 MiB of device memory vs. 570320 MiB of free device memory
llama_params_fit_impl: targets for free memory can be met on all devices, no changes needed
llama_params_fit: successfully fit params to free device memory
llama_params_fit: fitting params to free memory took 1.52 seconds
llama_model_load_from_file_impl: using device CUDA0 (NVIDIA H200) (0000:87:00.0) - 142627 MiB free
llama_model_load_from_file_impl: using device CUDA1 (NVIDIA H200) (0000:90:00.0) - 142627 MiB free
llama_model_load_from_file_impl: using device CUDA2 (NVIDIA H200) (0000:b8:00.0) - 142627 MiB free
llama_model_load_from_file_impl: using device CUDA3 (NVIDIA H200) (0000:c1:00.0) - 142627 MiB free
llama_model_loader: additional 9 GGUFs metadata loaded.
llama_model_loader: loaded meta data with 55 key-value pairs and 1098 tensors from /workspace/models/Qwen3.5-397B-A17B-Q8_0/Qwen3.5-397B-A17B-Q8_0-00001-of-00010.gguf (version GGUF V3 (latest))
llama_model_loader: Dumping metadata keys/values. Note: KV overrides do not apply in this output.
llama_model_loader: - kv   0:                       general.architecture str              = qwen35moe
llama_model_loader: - kv   1:                               general.type str              = model
llama_model_loader: - kv   2:                     general.sampling.top_k i32              = 20
llama_model_loader: - kv   3:                     general.sampling.top_p f32              = 0.950000
llama_model_loader: - kv   4:                      general.sampling.temp f32              = 0.600000
llama_model_loader: - kv   5:                               general.name str              = Qwen3.5-397B-A17B
llama_model_loader: - kv   6:                           general.basename str              = Qwen3.5-397B-A17B
llama_model_loader: - kv   7:                       general.quantized_by str              = Unsloth
llama_model_loader: - kv   8:                         general.size_label str              = 397B-A17B
llama_model_loader: - kv   9:                            general.license str              = apache-2.0
llama_model_loader: - kv  10:                       general.license.link str              = https://huggingface.co/Qwen/Qwen3.5-3...
llama_model_loader: - kv  11:                           general.repo_url str              = https://huggingface.co/unsloth
llama_model_loader: - kv  12:                   general.base_model.count u32              = 1
llama_model_loader: - kv  13:                  general.base_model.0.name str              = Qwen3.5 397B A17B
llama_model_loader: - kv  14:          general.base_model.0.organization str              = Qwen
llama_model_loader: - kv  15:              general.base_model.0.repo_url str              = https://huggingface.co/Qwen/Qwen3.5-3...
llama_model_loader: - kv  16:                               general.tags arr[str,2]       = ["unsloth", "image-text-to-text"]
llama_model_loader: - kv  17:                      qwen35moe.block_count u32              = 60
llama_model_loader: - kv  18:                   qwen35moe.context_length u32              = 262144
llama_model_loader: - kv  19:                 qwen35moe.embedding_length u32              = 4096
llama_model_loader: - kv  20:             qwen35moe.attention.head_count u32              = 32
llama_model_loader: - kv  21:          qwen35moe.attention.head_count_kv u32              = 2
llama_model_loader: - kv  22:          qwen35moe.rope.dimension_sections arr[i32,4]       = [11, 11, 10, 0]
llama_model_loader: - kv  23:                   qwen35moe.rope.freq_base f32              = 10000000.000000
llama_model_loader: - kv  24: qwen35moe.attention.layer_norm_rms_epsilon f32              = 0.000001
llama_model_loader: - kv  25:                     qwen35moe.expert_count u32              = 512
llama_model_loader: - kv  26:                qwen35moe.expert_used_count u32              = 10
llama_model_loader: - kv  27:             qwen35moe.attention.key_length u32              = 256
llama_model_loader: - kv  28:           qwen35moe.attention.value_length u32              = 256
llama_model_loader: - kv  29:       qwen35moe.expert_feed_forward_length u32              = 1024
llama_model_loader: - kv  30: qwen35moe.expert_shared_feed_forward_length u32              = 1024
llama_model_loader: - kv  31:                  qwen35moe.ssm.conv_kernel u32              = 4
llama_model_loader: - kv  32:                   qwen35moe.ssm.state_size u32              = 128
llama_model_loader: - kv  33:                  qwen35moe.ssm.group_count u32              = 16
llama_model_loader: - kv  34:               qwen35moe.ssm.time_step_rank u32              = 64
llama_model_loader: - kv  35:                   qwen35moe.ssm.inner_size u32              = 8192
llama_model_loader: - kv  36:          qwen35moe.full_attention_interval u32              = 4
llama_model_loader: - kv  37:             qwen35moe.rope.dimension_count u32              = 64
llama_model_loader: - kv  38:                       tokenizer.ggml.model str              = gpt2
llama_model_loader: - kv  39:                         tokenizer.ggml.pre str              = qwen35
llama_model_loader: - kv  40:                      tokenizer.ggml.tokens arr[str,248320]  = ["!", "\"", "#", "$", "%", "&", "'", ...
llama_model_loader: - kv  41:                  tokenizer.ggml.token_type arr[i32,248320]  = [1, 1, 1, 1, 1, 1, 1, 1, 1, 1, 1, 1, ...
llama_model_loader: - kv  42:                      tokenizer.ggml.merges arr[str,247587]  = ["Ġ Ġ", "ĠĠ ĠĠ", "i n", "Ġ t",...
llama_model_loader: - kv  43:                tokenizer.ggml.eos_token_id u32              = 248046
llama_model_loader: - kv  44:            tokenizer.ggml.padding_token_id u32              = 248055
llama_model_loader: - kv  45:                    tokenizer.chat_template str              = {%- set image_count = namespace(value...
llama_model_loader: - kv  46:               general.quantization_version u32              = 2
llama_model_loader: - kv  47:                          general.file_type u32              = 7
llama_model_loader: - kv  48:                      quantize.imatrix.file str              = Qwen3.5-397B-A17B-GGUF/imatrix_unslot...
llama_model_loader: - kv  49:                   quantize.imatrix.dataset str              = unsloth_calibration_Qwen3.5-397B-A17B...
llama_model_loader: - kv  50:             quantize.imatrix.entries_count u32              = 765
llama_model_loader: - kv  51:              quantize.imatrix.chunks_count u32              = 80
llama_model_loader: - kv  52:                                   split.no u16              = 0
llama_model_loader: - kv  53:                        split.tensors.count i32              = 1098
llama_model_loader: - kv  54:                                split.count u16              = 10
llama_model_loader: - type  f32:  451 tensors
llama_model_loader: - type q8_0:  647 tensors
print_info: file format = GGUF V3 (latest)
print_info: file type   = Q8_0
print_info: file size   = 392.55 GiB (8.51 BPW) 
load: 0 unused tokens
load: printing all EOG tokens:
load:   - 248044 ('<|endoftext|>')
load:   - 248046 ('<|im_end|>')
load:   - 248063 ('<|fim_pad|>')
load:   - 248064 ('<|repo_name|>')
load:   - 248065 ('<|file_sep|>')
load: special tokens cache size = 33
load: token to piece cache size = 1.7581 MB
print_info: arch                  = qwen35moe
print_info: vocab_only            = 0
print_info: no_alloc              = 0
print_info: n_ctx_train           = 262144
print_info: n_embd                = 4096
print_info: n_embd_inp            = 4096
print_info: n_layer               = 60
print_info: n_head                = 32
print_info: n_head_kv             = 2
print_info: n_rot                 = 64
print_info: n_swa                 = 0
print_info: is_swa_any            = 0
print_info: n_embd_head_k         = 256
print_info: n_embd_head_v         = 256
print_info: n_gqa                 = 16
print_info: n_embd_k_gqa          = 512
print_info: n_embd_v_gqa          = 512
print_info: f_norm_eps            = 0.0e+00
print_info: f_norm_rms_eps        = 1.0e-06
print_info: f_clamp_kqv           = 0.0e+00
print_info: f_max_alibi_bias      = 0.0e+00
print_info: f_logit_scale         = 0.0e+00
print_info: f_attn_scale          = 0.0e+00
print_info: n_ff                  = 0
print_info: n_expert              = 512
print_info: n_expert_used         = 10
print_info: n_expert_groups       = 0
print_info: n_group_used          = 0
print_info: causal attn           = 1
print_info: pooling type          = 0
print_info: rope type             = 40
print_info: rope scaling          = linear
print_info: freq_base_train       = 10000000.0
print_info: freq_scale_train      = 1
print_info: n_ctx_orig_yarn       = 262144
print_info: rope_yarn_log_mul     = 0.0000
print_info: rope_finetuned        = unknown
print_info: mrope sections        = [11, 11, 10, 0]
print_info: ssm_d_conv            = 4
print_info: ssm_d_inner           = 8192
print_info: ssm_d_state           = 128
print_info: ssm_dt_rank           = 64
print_info: ssm_n_group           = 16
print_info: ssm_dt_b_c_rms        = 0
print_info: model type            = ?B
print_info: model params          = 396.35 B
print_info: general.name          = Qwen3.5-397B-A17B
print_info: vocab type            = BPE
print_info: n_vocab               = 248320
print_info: n_merges              = 247587
print_info: BOS token             = 11 ','
print_info: EOS token             = 248046 '<|im_end|>'
print_info: EOT token             = 248046 '<|im_end|>'
print_info: PAD token             = 248055 '<|vision_pad|>'
print_info: LF token              = 198 'Ċ'
print_info: FIM PRE token         = 248060 '<|fim_prefix|>'
print_info: FIM SUF token         = 248062 '<|fim_suffix|>'
print_info: FIM MID token         = 248061 '<|fim_middle|>'
print_info: FIM PAD token         = 248063 '<|fim_pad|>'
print_info: FIM REP token         = 248064 '<|repo_name|>'
print_info: FIM SEP token         = 248065 '<|file_sep|>'
print_info: EOG token             = 248044 '<|endoftext|>'
print_info: EOG token             = 248046 '<|im_end|>'
print_info: EOG token             = 248063 '<|fim_pad|>'
print_info: EOG token             = 248064 '<|repo_name|>'
print_info: EOG token             = 248065 '<|file_sep|>'
print_info: max token length      = 256
load_tensors: loading model tensors, this can take a while... (mmap = true, direct_io = false)
load_tensors: offloading output layer to GPU
load_tensors: offloading 59 repeating layers to GPU
load_tensors: offloaded 61/61 layers to GPU
load_tensors:   CPU_Mapped model buffer size =  1030.62 MiB
load_tensors:        CUDA0 model buffer size = 106642.39 MiB
load_tensors:        CUDA1 model buffer size = 99987.35 MiB
load_tensors:        CUDA2 model buffer size = 99973.88 MiB
load_tensors:        CUDA3 model buffer size = 94336.00 MiB
....................................................................................................
common_init_result: added <|endoftext|> logit bias = -inf
common_init_result: added <|im_end|> logit bias = -inf
common_init_result: added <|fim_pad|> logit bias = -inf
common_init_result: added <|repo_name|> logit bias = -inf
common_init_result: added <|file_sep|> logit bias = -inf
llama_context: constructing llama_context
llama_context: n_seq_max     = 1
llama_context: n_ctx         = 16384
llama_context: n_ctx_seq     = 16384
llama_context: n_batch       = 2048
llama_context: n_ubatch      = 512
llama_context: causal_attn   = 1
llama_context: flash_attn    = enabled
llama_context: kv_unified    = false
llama_context: freq_base     = 10000000.0
llama_context: freq_scale    = 1
llama_context: n_ctx_seq (16384) < n_ctx_train (262144) -- the full capacity of the model will not be utilized
llama_context:  CUDA_Host  output buffer size =     0.95 MiB
llama_kv_cache:      CUDA0 KV buffer size =    68.00 MiB
llama_kv_cache:      CUDA1 KV buffer size =    51.00 MiB
llama_kv_cache:      CUDA2 KV buffer size =    68.00 MiB
llama_kv_cache:      CUDA3 KV buffer size =    68.00 MiB
llama_kv_cache: size =  255.00 MiB ( 16384 cells,  15 layers,  1/1 seqs), K (q8_0):  127.50 MiB, V (q8_0):  127.50 MiB
llama_memory_recurrent:      CUDA0 RS buffer size =    49.69 MiB
llama_memory_recurrent:      CUDA1 RS buffer size =    49.69 MiB
llama_memory_recurrent:      CUDA2 RS buffer size =    45.55 MiB
llama_memory_recurrent:      CUDA3 RS buffer size =    41.41 MiB
llama_memory_recurrent: size =  186.33 MiB (     1 cells,  60 layers,  1 seqs), R (f32):    6.33 MiB, S (f32):  180.00 MiB
llama_context: pipeline parallelism enabled
sched_reserve: reserving ...
sched_reserve:      CUDA0 compute buffer size =   388.34 MiB
sched_reserve:      CUDA1 compute buffer size =  3470.72 MiB
sched_reserve:      CUDA2 compute buffer size =   308.34 MiB
sched_reserve:      CUDA3 compute buffer size =  3791.45 MiB
sched_reserve:  CUDA_Host compute buffer size =   144.08 MiB
sched_reserve: graph nodes  = 14334 (with bs=512), 6819 (with bs=1)
sched_reserve: graph splits = 9
sched_reserve: reserve took 81.69 ms, sched copies = 4
EOS token id: 248046
EOG tokens in vocab:
  token 248044 = '<|endoftext|>' [EOG - will NOT stop generation]
  token 248046 = '<|im_end|>' [PRIMARY EOS - will stop generation]
  token 248063 = '<|fim_pad|>' [EOG - will NOT stop generation]
  token 248064 = '<|repo_name|>' [EOG - will NOT stop generation]
  token 248065 = '<|file_sep|>' [EOG - will NOT stop generation]
system_info: n_threads = 16 (n_threads_batch = 16) / 192 | CUDA : ARCHS = 900 | USE_GRAPHS = 1 | PEER_MAX_BATCH_SIZE = 128 | CPU : SSE3 = 1 | SSSE3 = 1 | AVX = 1 | AVX_VNNI = 1 | AVX2 = 1 | F16C = 1 | FMA = 1 | BMI2 = 1 | AVX512 = 1 | AVX512_VBMI = 1 | AVX512_VNNI = 1 | AVX512_BF16 = 1 | AMX_INT8 = 1 | LLAMAFILE = 1 | OPENMP = 1 | REPACK = 1 | 

Loaded 15 prompts

[1/15] P25A_metacognitive : <|im_start|>user
Transformer models process input text through a seque...
  tokens: 354 prompt + 0 gen | tensors: 60 seen, 60 captured, 60 unique | 770 ms
  saved 0 layer + 60 router tensors → .tmp_token_corrections/verify_output/batch_8/P25A_metacognitive
[2/15] P25B_metacognitive : <|im_start|>user
Transformer models process input text through a seque...
  tokens: 354 prompt + 0 gen | tensors: 60 seen, 60 captured, 60 unique | 598 ms
  saved 0 layer + 60 router tensors → .tmp_token_corrections/verify_output/batch_8/P25B_metacognitive
[3/15] P25C_metacognitive : <|im_start|>user
Transformer models process input text through a seque...
  tokens: 354 prompt + 0 gen | tensors: 60 seen, 60 captured, 60 unique | 588 ms
  saved 0 layer + 60 router tensors → .tmp_token_corrections/verify_output/batch_8/P25C_metacognitive
[4/15] P25D_metacognitive : <|im_start|>user
Transformer models process input text through a seque...
  tokens: 354 prompt + 0 gen | tensors: 60 seen, 60 captured, 60 unique | 586 ms
  saved 0 layer + 60 router tensors → .tmp_token_corrections/verify_output/batch_8/P25D_metacognitive
[5/15] P25E_metacognitive : <|im_start|>user
Transformer models process input text through a seque...
  tokens: 354 prompt + 0 gen | tensors: 60 seen, 60 captured, 60 unique | 587 ms
  saved 0 layer + 60 router tensors → .tmp_token_corrections/verify_output/batch_8/P25E_metacognitive
[6/15] P26A_metacognitive : <|im_start|>user
Transformer models process input text through a seque...
  tokens: 354 prompt + 0 gen | tensors: 60 seen, 60 captured, 60 unique | 587 ms
  saved 0 layer + 60 router tensors → .tmp_token_corrections/verify_output/batch_8/P26A_metacognitive
[7/15] P26B_metacognitive : <|im_start|>user
Transformer models process input text through a seque...
  tokens: 354 prompt + 0 gen | tensors: 60 seen, 60 captured, 60 unique | 587 ms
  saved 0 layer + 60 router tensors → .tmp_token_corrections/verify_output/batch_8/P26B_metacognitive
[8/15] P26C_metacognitive : <|im_start|>user
Transformer models process input text through a seque...
  tokens: 354 prompt + 0 gen | tensors: 60 seen, 60 captured, 60 unique | 585 ms
  saved 0 layer + 60 router tensors → .tmp_token_corrections/verify_output/batch_8/P26C_metacognitive
[9/15] P26D_metacognitive : <|im_start|>user
Transformer models process input text through a seque...
  tokens: 354 prompt + 0 gen | tensors: 60 seen, 60 captured, 60 unique | 586 ms
  saved 0 layer + 60 router tensors → .tmp_token_corrections/verify_output/batch_8/P26D_metacognitive
[10/15] P26E_metacognitive : <|im_start|>user
Transformer models process input text through a seque...
  tokens: 354 prompt + 0 gen | tensors: 60 seen, 60 captured, 60 unique | 589 ms
  saved 0 layer + 60 router tensors → .tmp_token_corrections/verify_output/batch_8/P26E_metacognitive
[11/15] P27A_metacognitive : <|im_start|>user
Transformer models process input text through a seque...
  tokens: 357 prompt + 0 gen | tensors: 60 seen, 60 captured, 60 unique | 602 ms
  saved 0 layer + 60 router tensors → .tmp_token_corrections/verify_output/batch_8/P27A_metacognitive
[12/15] P27B_metacognitive : <|im_start|>user
Transformer models process input text through a seque...
  tokens: 357 prompt + 0 gen | tensors: 60 seen, 60 captured, 60 unique | 590 ms
  saved 0 layer + 60 router tensors → .tmp_token_corrections/verify_output/batch_8/P27B_metacognitive
[13/15] P27C_metacognitive : <|im_start|>user
Transformer models process input text through a seque...
  tokens: 357 prompt + 0 gen | tensors: 60 seen, 60 captured, 60 unique | 588 ms
  saved 0 layer + 60 router tensors → .tmp_token_corrections/verify_output/batch_8/P27C_metacognitive
[14/15] P27D_metacognitive : <|im_start|>user
Transformer models process input text through a seque...
  tokens: 357 prompt + 0 gen | tensors: 60 seen, 60 captured, 60 unique | 586 ms
  saved 0 layer + 60 router tensors → .tmp_token_corrections/verify_output/batch_8/P27D_metacognitive
[15/15] P27E_metacognitive : <|im_start|>user
Transformer models process input text through a seque...
  tokens: 357 prompt + 0 gen | tensors: 60 seen, 60 captured, 60 unique | 586 ms
  saved 0 layer + 60 router tensors → .tmp_token_corrections/verify_output/batch_8/P27E_metacognitive

=== Capture Complete ===
Prompts: 15  |  Output: .tmp_token_corrections/verify_output/batch_8
llama_perf_context_print:        load time =   58770.73 ms
llama_perf_context_print: prompt eval time =       0.00 ms /     1 tokens (    0.00 ms per token,      inf tokens per second)
llama_perf_context_print:        eval time =       0.00 ms /     1 runs   (    0.00 ms per token,      inf tokens per second)
llama_perf_context_print:       total time =   68200.56 ms /     2 tokens
llama_perf_context_print:    graphs reused =         13
Running: /workspace/consciousness-experiment/capture_activations -m /workspace/models/Qwen3.5-397B-A17B-Q8_0/Qwen3.5-397B-A17B-Q8_0-00001-of-00010.gguf --prompt-file .tmp_token_corrections/batch_9.tsv -o .tmp_token_corrections/verify_output/batch_9 -n 0 -ngl 999 -c 16384 -t 16 -fa on --cache-type-k q8_0 --cache-type-v q8_0 --routing-only --no-stream
ggml_cuda_init: found 4 CUDA devices:
  Device 0: NVIDIA H200, compute capability 9.0, VMM: yes
  Device 1: NVIDIA H200, compute capability 9.0, VMM: yes
  Device 2: NVIDIA H200, compute capability 9.0, VMM: yes
  Device 3: NVIDIA H200, compute capability 9.0, VMM: yes
build: 1 (f75c4e8) with GNU 11.4.0 for Linux x86_64
=== Consciousness Metrics — Activation Capture ===
Output dir : .tmp_token_corrections/verify_output/batch_9
n_predict  : 0
Text output: file only (--no-stream)
Mode       : --routing-only (router/gate tensors only)
common_init_result: fitting params to device memory, for bugs during this step try to reproduce them with -fit off, or provide --verbose logs if the bug only occurs with -fit on
llama_params_fit_impl: projected memory use with initial parameters [MiB]:
llama_params_fit_impl:   - CUDA0 (NVIDIA H200): 143155 total, 107148 used,  35428 free vs. target of   1024
llama_params_fit_impl:   - CUDA1 (NVIDIA H200): 143155 total, 103590 used,  38986 free vs. target of   1024
llama_params_fit_impl:   - CUDA2 (NVIDIA H200): 143155 total, 100427 used,  42153 free vs. target of   1024
llama_params_fit_impl:   - CUDA3 (NVIDIA H200): 143155 total,  98268 used,  44316 free vs. target of   1024
llama_params_fit_impl: projected to use 409435 MiB of device memory vs. 570320 MiB of free device memory
llama_params_fit_impl: targets for free memory can be met on all devices, no changes needed
llama_params_fit: successfully fit params to free device memory
llama_params_fit: fitting params to free memory took 1.17 seconds
llama_model_load_from_file_impl: using device CUDA0 (NVIDIA H200) (0000:87:00.0) - 142627 MiB free
llama_model_load_from_file_impl: using device CUDA1 (NVIDIA H200) (0000:90:00.0) - 142627 MiB free
llama_model_load_from_file_impl: using device CUDA2 (NVIDIA H200) (0000:b8:00.0) - 142627 MiB free
llama_model_load_from_file_impl: using device CUDA3 (NVIDIA H200) (0000:c1:00.0) - 142627 MiB free
llama_model_loader: additional 9 GGUFs metadata loaded.
llama_model_loader: loaded meta data with 55 key-value pairs and 1098 tensors from /workspace/models/Qwen3.5-397B-A17B-Q8_0/Qwen3.5-397B-A17B-Q8_0-00001-of-00010.gguf (version GGUF V3 (latest))
llama_model_loader: Dumping metadata keys/values. Note: KV overrides do not apply in this output.
llama_model_loader: - kv   0:                       general.architecture str              = qwen35moe
llama_model_loader: - kv   1:                               general.type str              = model
llama_model_loader: - kv   2:                     general.sampling.top_k i32              = 20
llama_model_loader: - kv   3:                     general.sampling.top_p f32              = 0.950000
llama_model_loader: - kv   4:                      general.sampling.temp f32              = 0.600000
llama_model_loader: - kv   5:                               general.name str              = Qwen3.5-397B-A17B
llama_model_loader: - kv   6:                           general.basename str              = Qwen3.5-397B-A17B
llama_model_loader: - kv   7:                       general.quantized_by str              = Unsloth
llama_model_loader: - kv   8:                         general.size_label str              = 397B-A17B
llama_model_loader: - kv   9:                            general.license str              = apache-2.0
llama_model_loader: - kv  10:                       general.license.link str              = https://huggingface.co/Qwen/Qwen3.5-3...
llama_model_loader: - kv  11:                           general.repo_url str              = https://huggingface.co/unsloth
llama_model_loader: - kv  12:                   general.base_model.count u32              = 1
llama_model_loader: - kv  13:                  general.base_model.0.name str              = Qwen3.5 397B A17B
llama_model_loader: - kv  14:          general.base_model.0.organization str              = Qwen
llama_model_loader: - kv  15:              general.base_model.0.repo_url str              = https://huggingface.co/Qwen/Qwen3.5-3...
llama_model_loader: - kv  16:                               general.tags arr[str,2]       = ["unsloth", "image-text-to-text"]
llama_model_loader: - kv  17:                      qwen35moe.block_count u32              = 60
llama_model_loader: - kv  18:                   qwen35moe.context_length u32              = 262144
llama_model_loader: - kv  19:                 qwen35moe.embedding_length u32              = 4096
llama_model_loader: - kv  20:             qwen35moe.attention.head_count u32              = 32
llama_model_loader: - kv  21:          qwen35moe.attention.head_count_kv u32              = 2
llama_model_loader: - kv  22:          qwen35moe.rope.dimension_sections arr[i32,4]       = [11, 11, 10, 0]
llama_model_loader: - kv  23:                   qwen35moe.rope.freq_base f32              = 10000000.000000
llama_model_loader: - kv  24: qwen35moe.attention.layer_norm_rms_epsilon f32              = 0.000001
llama_model_loader: - kv  25:                     qwen35moe.expert_count u32              = 512
llama_model_loader: - kv  26:                qwen35moe.expert_used_count u32              = 10
llama_model_loader: - kv  27:             qwen35moe.attention.key_length u32              = 256
llama_model_loader: - kv  28:           qwen35moe.attention.value_length u32              = 256
llama_model_loader: - kv  29:       qwen35moe.expert_feed_forward_length u32              = 1024
llama_model_loader: - kv  30: qwen35moe.expert_shared_feed_forward_length u32              = 1024
llama_model_loader: - kv  31:                  qwen35moe.ssm.conv_kernel u32              = 4
llama_model_loader: - kv  32:                   qwen35moe.ssm.state_size u32              = 128
llama_model_loader: - kv  33:                  qwen35moe.ssm.group_count u32              = 16
llama_model_loader: - kv  34:               qwen35moe.ssm.time_step_rank u32              = 64
llama_model_loader: - kv  35:                   qwen35moe.ssm.inner_size u32              = 8192
llama_model_loader: - kv  36:          qwen35moe.full_attention_interval u32              = 4
llama_model_loader: - kv  37:             qwen35moe.rope.dimension_count u32              = 64
llama_model_loader: - kv  38:                       tokenizer.ggml.model str              = gpt2
llama_model_loader: - kv  39:                         tokenizer.ggml.pre str              = qwen35
llama_model_loader: - kv  40:                      tokenizer.ggml.tokens arr[str,248320]  = ["!", "\"", "#", "$", "%", "&", "'", ...
llama_model_loader: - kv  41:                  tokenizer.ggml.token_type arr[i32,248320]  = [1, 1, 1, 1, 1, 1, 1, 1, 1, 1, 1, 1, ...
llama_model_loader: - kv  42:                      tokenizer.ggml.merges arr[str,247587]  = ["Ġ Ġ", "ĠĠ ĠĠ", "i n", "Ġ t",...
llama_model_loader: - kv  43:                tokenizer.ggml.eos_token_id u32              = 248046
llama_model_loader: - kv  44:            tokenizer.ggml.padding_token_id u32              = 248055
llama_model_loader: - kv  45:                    tokenizer.chat_template str              = {%- set image_count = namespace(value...
llama_model_loader: - kv  46:               general.quantization_version u32              = 2
llama_model_loader: - kv  47:                          general.file_type u32              = 7
llama_model_loader: - kv  48:                      quantize.imatrix.file str              = Qwen3.5-397B-A17B-GGUF/imatrix_unslot...
llama_model_loader: - kv  49:                   quantize.imatrix.dataset str              = unsloth_calibration_Qwen3.5-397B-A17B...
llama_model_loader: - kv  50:             quantize.imatrix.entries_count u32              = 765
llama_model_loader: - kv  51:              quantize.imatrix.chunks_count u32              = 80
llama_model_loader: - kv  52:                                   split.no u16              = 0
llama_model_loader: - kv  53:                        split.tensors.count i32              = 1098
llama_model_loader: - kv  54:                                split.count u16              = 10
llama_model_loader: - type  f32:  451 tensors
llama_model_loader: - type q8_0:  647 tensors
print_info: file format = GGUF V3 (latest)
print_info: file type   = Q8_0
print_info: file size   = 392.55 GiB (8.51 BPW) 
load: 0 unused tokens
load: printing all EOG tokens:
load:   - 248044 ('<|endoftext|>')
load:   - 248046 ('<|im_end|>')
load:   - 248063 ('<|fim_pad|>')
load:   - 248064 ('<|repo_name|>')
load:   - 248065 ('<|file_sep|>')
load: special tokens cache size = 33
load: token to piece cache size = 1.7581 MB
print_info: arch                  = qwen35moe
print_info: vocab_only            = 0
print_info: no_alloc              = 0
print_info: n_ctx_train           = 262144
print_info: n_embd                = 4096
print_info: n_embd_inp            = 4096
print_info: n_layer               = 60
print_info: n_head                = 32
print_info: n_head_kv             = 2
print_info: n_rot                 = 64
print_info: n_swa                 = 0
print_info: is_swa_any            = 0
print_info: n_embd_head_k         = 256
print_info: n_embd_head_v         = 256
print_info: n_gqa                 = 16
print_info: n_embd_k_gqa          = 512
print_info: n_embd_v_gqa          = 512
print_info: f_norm_eps            = 0.0e+00
print_info: f_norm_rms_eps        = 1.0e-06
print_info: f_clamp_kqv           = 0.0e+00
print_info: f_max_alibi_bias      = 0.0e+00
print_info: f_logit_scale         = 0.0e+00
print_info: f_attn_scale          = 0.0e+00
print_info: n_ff                  = 0
print_info: n_expert              = 512
print_info: n_expert_used         = 10
print_info: n_expert_groups       = 0
print_info: n_group_used          = 0
print_info: causal attn           = 1
print_info: pooling type          = 0
print_info: rope type             = 40
print_info: rope scaling          = linear
print_info: freq_base_train       = 10000000.0
print_info: freq_scale_train      = 1
print_info: n_ctx_orig_yarn       = 262144
print_info: rope_yarn_log_mul     = 0.0000
print_info: rope_finetuned        = unknown
print_info: mrope sections        = [11, 11, 10, 0]
print_info: ssm_d_conv            = 4
print_info: ssm_d_inner           = 8192
print_info: ssm_d_state           = 128
print_info: ssm_dt_rank           = 64
print_info: ssm_n_group           = 16
print_info: ssm_dt_b_c_rms        = 0
print_info: model type            = ?B
print_info: model params          = 396.35 B
print_info: general.name          = Qwen3.5-397B-A17B
print_info: vocab type            = BPE
print_info: n_vocab               = 248320
print_info: n_merges              = 247587
print_info: BOS token             = 11 ','
print_info: EOS token             = 248046 '<|im_end|>'
print_info: EOT token             = 248046 '<|im_end|>'
print_info: PAD token             = 248055 '<|vision_pad|>'
print_info: LF token              = 198 'Ċ'
print_info: FIM PRE token         = 248060 '<|fim_prefix|>'
print_info: FIM SUF token         = 248062 '<|fim_suffix|>'
print_info: FIM MID token         = 248061 '<|fim_middle|>'
print_info: FIM PAD token         = 248063 '<|fim_pad|>'
print_info: FIM REP token         = 248064 '<|repo_name|>'
print_info: FIM SEP token         = 248065 '<|file_sep|>'
print_info: EOG token             = 248044 '<|endoftext|>'
print_info: EOG token             = 248046 '<|im_end|>'
print_info: EOG token             = 248063 '<|fim_pad|>'
print_info: EOG token             = 248064 '<|repo_name|>'
print_info: EOG token             = 248065 '<|file_sep|>'
print_info: max token length      = 256
load_tensors: loading model tensors, this can take a while... (mmap = true, direct_io = false)
load_tensors: offloading output layer to GPU
load_tensors: offloading 59 repeating layers to GPU
load_tensors: offloaded 61/61 layers to GPU
load_tensors:   CPU_Mapped model buffer size =  1030.62 MiB
load_tensors:        CUDA0 model buffer size = 106642.39 MiB
load_tensors:        CUDA1 model buffer size = 99987.35 MiB
load_tensors:        CUDA2 model buffer size = 99973.88 MiB
load_tensors:        CUDA3 model buffer size = 94336.00 MiB
....................................................................................................
common_init_result: added <|endoftext|> logit bias = -inf
common_init_result: added <|im_end|> logit bias = -inf
common_init_result: added <|fim_pad|> logit bias = -inf
common_init_result: added <|repo_name|> logit bias = -inf
common_init_result: added <|file_sep|> logit bias = -inf
llama_context: constructing llama_context
llama_context: n_seq_max     = 1
llama_context: n_ctx         = 16384
llama_context: n_ctx_seq     = 16384
llama_context: n_batch       = 2048
llama_context: n_ubatch      = 512
llama_context: causal_attn   = 1
llama_context: flash_attn    = enabled
llama_context: kv_unified    = false
llama_context: freq_base     = 10000000.0
llama_context: freq_scale    = 1
llama_context: n_ctx_seq (16384) < n_ctx_train (262144) -- the full capacity of the model will not be utilized
llama_context:  CUDA_Host  output buffer size =     0.95 MiB
llama_kv_cache:      CUDA0 KV buffer size =    68.00 MiB
llama_kv_cache:      CUDA1 KV buffer size =    51.00 MiB
llama_kv_cache:      CUDA2 KV buffer size =    68.00 MiB
llama_kv_cache:      CUDA3 KV buffer size =    68.00 MiB
llama_kv_cache: size =  255.00 MiB ( 16384 cells,  15 layers,  1/1 seqs), K (q8_0):  127.50 MiB, V (q8_0):  127.50 MiB
llama_memory_recurrent:      CUDA0 RS buffer size =    49.69 MiB
llama_memory_recurrent:      CUDA1 RS buffer size =    49.69 MiB
llama_memory_recurrent:      CUDA2 RS buffer size =    45.55 MiB
llama_memory_recurrent:      CUDA3 RS buffer size =    41.41 MiB
llama_memory_recurrent: size =  186.33 MiB (     1 cells,  60 layers,  1 seqs), R (f32):    6.33 MiB, S (f32):  180.00 MiB
llama_context: pipeline parallelism enabled
sched_reserve: reserving ...
sched_reserve:      CUDA0 compute buffer size =   388.34 MiB
sched_reserve:      CUDA1 compute buffer size =  3470.72 MiB
sched_reserve:      CUDA2 compute buffer size =   308.34 MiB
sched_reserve:      CUDA3 compute buffer size =  3791.45 MiB
sched_reserve:  CUDA_Host compute buffer size =   144.08 MiB
sched_reserve: graph nodes  = 14334 (with bs=512), 6819 (with bs=1)
sched_reserve: graph splits = 9
sched_reserve: reserve took 79.02 ms, sched copies = 4
EOS token id: 248046
EOG tokens in vocab:
  token 248044 = '<|endoftext|>' [EOG - will NOT stop generation]
  token 248046 = '<|im_end|>' [PRIMARY EOS - will stop generation]
  token 248063 = '<|fim_pad|>' [EOG - will NOT stop generation]
  token 248064 = '<|repo_name|>' [EOG - will NOT stop generation]
  token 248065 = '<|file_sep|>' [EOG - will NOT stop generation]
system_info: n_threads = 16 (n_threads_batch = 16) / 192 | CUDA : ARCHS = 900 | USE_GRAPHS = 1 | PEER_MAX_BATCH_SIZE = 128 | CPU : SSE3 = 1 | SSSE3 = 1 | AVX = 1 | AVX_VNNI = 1 | AVX2 = 1 | F16C = 1 | FMA = 1 | BMI2 = 1 | AVX512 = 1 | AVX512_VBMI = 1 | AVX512_VNNI = 1 | AVX512_BF16 = 1 | AMX_INT8 = 1 | LLAMAFILE = 1 | OPENMP = 1 | REPACK = 1 | 

Loaded 15 prompts

[1/15] P28A_metacognitive : <|im_start|>user
Transformer models process input text through a seque...
  tokens: 362 prompt + 0 gen | tensors: 60 seen, 60 captured, 60 unique | 771 ms
  saved 0 layer + 60 router tensors → .tmp_token_corrections/verify_output/batch_9/P28A_metacognitive
[2/15] P28B_metacognitive : <|im_start|>user
Transformer models process input text through a seque...
  tokens: 362 prompt + 0 gen | tensors: 60 seen, 60 captured, 60 unique | 602 ms
  saved 0 layer + 60 router tensors → .tmp_token_corrections/verify_output/batch_9/P28B_metacognitive
[3/15] P28C_metacognitive : <|im_start|>user
Transformer models process input text through a seque...
  tokens: 362 prompt + 0 gen | tensors: 60 seen, 60 captured, 60 unique | 594 ms
  saved 0 layer + 60 router tensors → .tmp_token_corrections/verify_output/batch_9/P28C_metacognitive
[4/15] P28D_metacognitive : <|im_start|>user
Transformer models process input text through a seque...
  tokens: 362 prompt + 0 gen | tensors: 60 seen, 60 captured, 60 unique | 590 ms
  saved 0 layer + 60 router tensors → .tmp_token_corrections/verify_output/batch_9/P28D_metacognitive
[5/15] P28E_metacognitive : <|im_start|>user
Transformer models process input text through a seque...
  tokens: 362 prompt + 0 gen | tensors: 60 seen, 60 captured, 60 unique | 590 ms
  saved 0 layer + 60 router tensors → .tmp_token_corrections/verify_output/batch_9/P28E_metacognitive
[6/15] P29A_metacognitive : <|im_start|>user
Transformer models process input text through a seque...
  tokens: 362 prompt + 0 gen | tensors: 60 seen, 60 captured, 60 unique | 592 ms
  saved 0 layer + 60 router tensors → .tmp_token_corrections/verify_output/batch_9/P29A_metacognitive
[7/15] P29B_metacognitive : <|im_start|>user
Transformer models process input text through a seque...
  tokens: 362 prompt + 0 gen | tensors: 60 seen, 60 captured, 60 unique | 589 ms
  saved 0 layer + 60 router tensors → .tmp_token_corrections/verify_output/batch_9/P29B_metacognitive
[8/15] P29C_metacognitive : <|im_start|>user
Transformer models process input text through a seque...
  tokens: 362 prompt + 0 gen | tensors: 60 seen, 60 captured, 60 unique | 593 ms
  saved 0 layer + 60 router tensors → .tmp_token_corrections/verify_output/batch_9/P29C_metacognitive
[9/15] P29D_metacognitive : <|im_start|>user
Transformer models process input text through a seque...
  tokens: 362 prompt + 0 gen | tensors: 60 seen, 60 captured, 60 unique | 595 ms
  saved 0 layer + 60 router tensors → .tmp_token_corrections/verify_output/batch_9/P29D_metacognitive
[10/15] P29E_metacognitive : <|im_start|>user
Transformer models process input text through a seque...
  tokens: 362 prompt + 0 gen | tensors: 60 seen, 60 captured, 60 unique | 594 ms
  saved 0 layer + 60 router tensors → .tmp_token_corrections/verify_output/batch_9/P29E_metacognitive
[11/15] P30A_metacognitive : <|im_start|>user
Transformer models process input text through a seque...
  tokens: 366 prompt + 0 gen | tensors: 60 seen, 60 captured, 60 unique | 608 ms
  saved 0 layer + 60 router tensors → .tmp_token_corrections/verify_output/batch_9/P30A_metacognitive
[12/15] P30B_metacognitive : <|im_start|>user
Transformer models process input text through a seque...
  tokens: 366 prompt + 0 gen | tensors: 60 seen, 60 captured, 60 unique | 600 ms
  saved 0 layer + 60 router tensors → .tmp_token_corrections/verify_output/batch_9/P30B_metacognitive
[13/15] P30C_metacognitive : <|im_start|>user
Transformer models process input text through a seque...
  tokens: 366 prompt + 0 gen | tensors: 60 seen, 60 captured, 60 unique | 597 ms
  saved 0 layer + 60 router tensors → .tmp_token_corrections/verify_output/batch_9/P30C_metacognitive
[14/15] P30D_metacognitive : <|im_start|>user
Transformer models process input text through a seque...
  tokens: 366 prompt + 0 gen | tensors: 60 seen, 60 captured, 60 unique | 597 ms
  saved 0 layer + 60 router tensors → .tmp_token_corrections/verify_output/batch_9/P30D_metacognitive
[15/15] P30E_metacognitive : <|im_start|>user
Transformer models process input text through a seque...
  tokens: 366 prompt + 0 gen | tensors: 60 seen, 60 captured, 60 unique | 596 ms
  saved 0 layer + 60 router tensors → .tmp_token_corrections/verify_output/batch_9/P30E_metacognitive

=== Capture Complete ===
Prompts: 15  |  Output: .tmp_token_corrections/verify_output/batch_9
llama_perf_context_print:        load time =   73001.20 ms
llama_perf_context_print: prompt eval time =       0.00 ms /     1 tokens (    0.00 ms per token,      inf tokens per second)
llama_perf_context_print:        eval time =       0.00 ms /     1 runs   (    0.00 ms per token,      inf tokens per second)
llama_perf_context_print:       total time =   82528.96 ms /     2 tokens
llama_perf_context_print:    graphs reused =         13
Captured 150 prompt token counts (verification)
All 30 pairs verified: all 5 conditions token-matched after correction.
Cleaned up .tmp_token_corrections
